*----------------------------------------------------------------------------------------
*	Innovus 17.12-s095_1 (64bit) 11/09/2017 12:10 (Linux 2.6.18-194.el5)
*	
*
* 	Date & Time:	2025-May-05 03:54:16 (2025-May-05 03:54:16 GMT)
*
*----------------------------------------------------------------------------------------
*
*	Design: GCN
*
*	Liberty Libraries used: 
*	        default_setup_view: /home/a20330_asu/asap7_rundir/Lab4/APR/GCN_final_done.enc.dat/libs/mmmc/asap7sc7p5t_24_INVBUF_RVT_TT.lib
*	        default_setup_view: /home/a20330_asu/asap7_rundir/Lab4/APR/GCN_final_done.enc.dat/libs/mmmc/asap7sc7p5t_24_AO_RVT_TT.lib
*	        default_setup_view: /home/a20330_asu/asap7_rundir/Lab4/APR/GCN_final_done.enc.dat/libs/mmmc/asap7sc7p5t_24_OA_RVT_TT.lib
*	        default_setup_view: /home/a20330_asu/asap7_rundir/Lab4/APR/GCN_final_done.enc.dat/libs/mmmc/asap7sc7p5t_24_SEQ_RVT_TT.lib
*	        default_setup_view: /home/a20330_asu/asap7_rundir/Lab4/APR/GCN_final_done.enc.dat/libs/mmmc/asap7sc7p5t_24_SIMPLE_RVT_TT.lib
*
*	Power Domain used: 
*		Rail:        VDD 	Voltage:        0.7 
*
*       Power View : default_setup_view
*
*       User-Defined Activity : N.A.
*
*       Activity File: N.A.
*
*       Hierarchical Global Activity: N.A.
*
*       Global Activity: N.A.
*
*       Sequential Element Activity: N.A.
*
*       Primary Input Activity: 0.200000
*
*       Default icg ratio: N.A.
*
*       Global Comb ClockGate Ratio: N.A.
*
*	Power Units = 1mW
*
*	Time Units = 1e-12 secs 
*
*       Temperature = 25 
*
*       report_power -outfile .//GCN.rpt -rail_analysis_format VS
*
-----------------------------------------------------------------------------------------
Cell                            Internal   Switching       Total     Leakage   Cell
                                   Power       Power       Power       Power   Name
--------------------------------------------------------------------------------------
transtop/mem/U21                 0.01035     0.05824     0.06858   3.327e-08  NAND2xp33_ASAP7_75t_R
transtop/mem/U16                 0.03082     0.02781     0.05863   1.049e-07  A2O1A1Ixp33_ASAP7_75t_R
transtop/mem/FE_RC_11_0          0.01005     0.03603     0.04609   5.575e-08  AOI21xp5_ASAP7_75t_R
transtop/mem/U32                0.003902     0.03073     0.03463   1.701e-08  INVxp33_ASAP7_75t_R
transtop/mem/U36                0.004417     0.02981     0.03423   3.354e-08  NAND2xp33_ASAP7_75t_R
transtop/mem/U18                0.007079     0.02265     0.02973   3.504e-08  NAND2xp33_ASAP7_75t_R
transtop/mem/U19                 0.01097     0.01558     0.02655   7.766e-08  NOR3xp33_ASAP7_75t_R
transtop/mem/U17                 0.01097     0.01547     0.02644   7.787e-08  NOR3xp33_ASAP7_75t_R
transtop/mem/U29                0.006736     0.01845     0.02519   3.316e-08  NAND2xp33_ASAP7_75t_R
transtop/mem/U22                0.006063      0.0178     0.02386   3.343e-08  NOR2xp33_ASAP7_75t_R
transtop/mem/secondary_count_reg_0_    0.01824   0.0005708     0.01881   2.901e-07  ASYNC_DFFHx1_ASAP7_75t_R
transtop/mem/U42                0.005507     0.01116     0.01667   5.839e-08  OAI21xp33_ASAP7_75t_R
transtop/mem/U27                0.008088     0.00547     0.01356   4.847e-08  NOR3xp33_ASAP7_75t_R
transtop/mem/U26                0.003729    0.008717     0.01245   3.126e-08  NAND2xp33_ASAP7_75t_R
transtop/mem/secondary_count_reg_1_    0.00966   0.0003985     0.01006   2.899e-07  ASYNC_DFFHx1_ASAP7_75t_R
transtop/mem/U33                0.002453    0.007068    0.009521   2.914e-08  NAND2xp33_ASAP7_75t_R
transtop/mem/U35                0.002452    0.006962    0.009415   2.915e-08  NAND2xp33_ASAP7_75t_R
transtop/mem/U28                0.003644    0.005205     0.00885   3.355e-08  NAND2xp33_ASAP7_75t_R
transtop/mem/U41                0.001791    0.004864    0.006655    3.06e-08  NAND2xp33_ASAP7_75t_R
transtop/mem/U38                0.001936    0.003371    0.005307   2.765e-08  NAND2xp33_ASAP7_75t_R
transtop/mem/U39                0.002166    0.002985     0.00515    6.23e-08  OAI21xp33_ASAP7_75t_R
transtop/mem/secondary_count_reg_2_    0.00421   0.0002297     0.00444   2.906e-07  ASYNC_DFFHx1_ASAP7_75t_R
transtop/sp/FE_OFC10_scrth_pad  0.0001432    0.003533    0.003676   1.355e-07  BUFx2_ASAP7_75t_R
transtop/sp/FE_OFC0_scrth_pad  0.0001466    0.003456    0.003603   1.355e-07  BUFx2_ASAP7_75t_R
transtop/sp/FE_OFC11_scrth_pad  0.0001424    0.003428     0.00357   1.355e-07  BUFx2_ASAP7_75t_R
transtop/sp/FE_OFC15_scrth_pad  0.0001545     0.00338    0.003535   1.355e-07  BUFx2_ASAP7_75t_R
transtop/sp/FE_OFC6_scrth_pad  0.0001495    0.003362    0.003512   1.355e-07  BUFx2_ASAP7_75t_R
transtop/sp/FE_OFC8_scrth_pad  0.0001431     0.00334    0.003483   1.355e-07  BUFx2_ASAP7_75t_R
transtop/sp/FE_OFC4_scrth_pad  0.0001485    0.003202     0.00335   1.355e-07  BUFx2_ASAP7_75t_R
transtop/sp/FE_OFC13_scrth_pad  0.0001449    0.003141    0.003286   1.355e-07  BUFx2_ASAP7_75t_R
transtop/sp/FE_OFC9_scrth_pad  0.0001425     0.00307    0.003212   1.355e-07  BUFx2_ASAP7_75t_R
FE_OFC50_reset                  0.000167    0.002776    0.002944   3.069e-07  BUFx5_ASAP7_75t_R
transtop/sp/FE_OFC48_reset      0.000114    0.002755    0.002869   2.046e-07  BUFx3_ASAP7_75t_R
transtop/sp/FE_OFC3_scrth_pad  0.0001451    0.002709    0.002854   1.355e-07  BUFx2_ASAP7_75t_R
transtop/sp/FE_OFC1_scrth_pad   0.000145    0.002683    0.002828   1.355e-07  BUFx2_ASAP7_75t_R
transtop/sp/FE_OFC2_scrth_pad  0.0001449    0.002607    0.002752   1.355e-07  BUFx2_ASAP7_75t_R
transtop/sp/FE_OFC40_reset      7.45e-05    0.002402    0.002476   1.364e-07  BUFx2_ASAP7_75t_R
transtop/sp/FE_OFC43_reset     7.854e-05    0.002289    0.002367   1.364e-07  BUFx2_ASAP7_75t_R
transtop/sp/FE_OFC41_reset     7.475e-05    0.002268    0.002343   1.364e-07  BUFx2_ASAP7_75t_R
FE_OFC47_reset                 7.796e-05    0.002261    0.002339   1.364e-07  BUFx2_ASAP7_75t_R
transtop/sp/FE_OFC5_scrth_pad  0.0001487    0.002154    0.002303   1.355e-07  BUFx2_ASAP7_75t_R
transtop/sp/FE_OFC46_reset     7.766e-05    0.002205    0.002283   1.364e-07  BUFx2_ASAP7_75t_R
transtop/sp/FE_OFC7_scrth_pad  0.0001483    0.002129    0.002277   1.355e-07  BUFx2_ASAP7_75t_R
FE_OFC45_reset                 7.733e-05    0.002175    0.002253   1.364e-07  BUFx2_ASAP7_75t_R
FE_OFC42_reset                 7.428e-05    0.002029    0.002103   1.364e-07  BUFx2_ASAP7_75t_R
transtop/tfsm/U71              5.043e-05    0.001966    0.002016   8.861e-08  NOR2x1_ASAP7_75t_R
FE_OFC49_reset                 7.753e-05    0.001889    0.001966   1.364e-07  BUFx2_ASAP7_75t_R
transtop/sp/FE_OFC14_scrth_pad  6.171e-05    0.001693    0.001755   5.092e-08  HB1xp67_ASAP7_75t_R
comtop_coo_index_reg_1_          0.00124   0.0002781    0.001519   2.895e-07  ASYNC_DFFHx1_ASAP7_75t_R
transtop/mem/transition_state_reg   0.001213    0.000159    0.001372   2.902e-07  ASYNC_DFFHx1_ASAP7_75t_R
transtop/tfsm/current_state_reg_1_   0.001036   0.0003279    0.001364   2.892e-07  ASYNC_DFFHx1_ASAP7_75t_R
transtop/sp/FE_OFC12_scrth_pad  6.188e-05    0.001286    0.001348   5.092e-08  HB1xp67_ASAP7_75t_R
comtop_coo_addr_reg_2_          0.001188    0.000139    0.001328   2.904e-07  ASYNC_DFFHx1_ASAP7_75t_R
comtop_coo_counter_reg_1_       0.001145   0.0001771    0.001323   2.913e-07  ASYNC_DFFHx1_ASAP7_75t_R
transtop/tfsm/current_state_reg_2_   0.001044   0.0002772    0.001321   2.854e-07  ASYNC_DFFHx1_ASAP7_75t_R
transtop/sp/memory_reg_63__3_   0.001168   0.0001047    0.001273   2.901e-07  ASYNC_DFFHx1_ASAP7_75t_R
transtop/sp/memory_reg_77__2_   0.001168   0.0001044    0.001272   2.901e-07  ASYNC_DFFHx1_ASAP7_75t_R
transtop/sp/memory_reg_6__4_    0.001168   0.0001028    0.001271   2.901e-07  ASYNC_DFFHx1_ASAP7_75t_R
transtop/sp/memory_reg_12__4_   0.001168   0.0001024     0.00127   2.901e-07  ASYNC_DFFHx1_ASAP7_75t_R
transtop/sp/memory_reg_44__1_   0.001168   0.0001004    0.001269   2.901e-07  ASYNC_DFFHx1_ASAP7_75t_R
transtop/sp/memory_reg_83__3_   0.001168    9.99e-05    0.001268   2.901e-07  ASYNC_DFFHx1_ASAP7_75t_R
transtop/sp/memory_reg_15__1_   0.001168   9.942e-05    0.001268   2.901e-07  ASYNC_DFFHx1_ASAP7_75t_R
transtop/sp/memory_reg_82__4_   0.001168   9.976e-05    0.001268   2.901e-07  ASYNC_DFFHx1_ASAP7_75t_R
transtop/sp/memory_reg_30__4_   0.001168   9.957e-05    0.001267   2.901e-07  ASYNC_DFFHx1_ASAP7_75t_R
transtop/sp/memory_reg_54__1_   0.001168   9.875e-05    0.001267   2.901e-07  ASYNC_DFFHx1_ASAP7_75t_R
transtop/sp/memory_reg_63__4_   0.001168   9.811e-05    0.001267   2.901e-07  ASYNC_DFFHx1_ASAP7_75t_R
transtop/sp/memory_reg_0__2_    0.001168   9.756e-05    0.001266   2.901e-07  ASYNC_DFFHx1_ASAP7_75t_R
transtop/sp/memory_reg_59__0_   0.001168   9.722e-05    0.001266   2.901e-07  ASYNC_DFFHx1_ASAP7_75t_R
transtop/sp/memory_reg_19__3_   0.001168   9.679e-05    0.001265   2.901e-07  ASYNC_DFFHx1_ASAP7_75t_R
transtop/sp/memory_reg_12__0_   0.001168   9.642e-05    0.001265   2.901e-07  ASYNC_DFFHx1_ASAP7_75t_R
transtop/sp/memory_reg_4__2_    0.001168   9.627e-05    0.001265   2.901e-07  ASYNC_DFFHx1_ASAP7_75t_R
transtop/sp/memory_reg_85__4_   0.001168   9.615e-05    0.001265   2.901e-07  ASYNC_DFFHx1_ASAP7_75t_R
transtop/sp/memory_reg_38__4_   0.001168   9.598e-05    0.001264   2.901e-07  ASYNC_DFFHx1_ASAP7_75t_R
transtop/sp/memory_reg_32__2_   0.001168   9.581e-05    0.001264   2.901e-07  ASYNC_DFFHx1_ASAP7_75t_R
transtop/sp/memory_reg_19__2_   0.001168   9.563e-05    0.001264   2.901e-07  ASYNC_DFFHx1_ASAP7_75t_R
transtop/sp/memory_reg_21__0_   0.001168   9.563e-05    0.001264   2.901e-07  ASYNC_DFFHx1_ASAP7_75t_R
transtop/sp/memory_reg_95__4_   0.001168   9.508e-05    0.001264   2.901e-07  ASYNC_DFFHx1_ASAP7_75t_R
transtop/sp/memory_reg_80__0_   0.001168   9.498e-05    0.001263   2.901e-07  ASYNC_DFFHx1_ASAP7_75t_R
transtop/sp/memory_reg_26__3_   0.001168   9.467e-05    0.001263   2.901e-07  ASYNC_DFFHx1_ASAP7_75t_R
transtop/sp/memory_reg_76__0_   0.001168   9.448e-05    0.001263   2.901e-07  ASYNC_DFFHx1_ASAP7_75t_R
transtop/sp/memory_reg_40__2_   0.001168   9.432e-05    0.001263   2.901e-07  ASYNC_DFFHx1_ASAP7_75t_R
transtop/sp/memory_reg_51__4_   0.001168   9.438e-05    0.001263   2.901e-07  ASYNC_DFFHx1_ASAP7_75t_R
transtop/sp/memory_reg_74__4_   0.001168   9.418e-05    0.001263   2.901e-07  ASYNC_DFFHx1_ASAP7_75t_R
transtop/sp/memory_reg_71__4_   0.001168   9.408e-05    0.001263   2.901e-07  ASYNC_DFFHx1_ASAP7_75t_R
transtop/sp/memory_reg_83__0_   0.001168   9.442e-05    0.001263   2.901e-07  ASYNC_DFFHx1_ASAP7_75t_R
transtop/sp/memory_reg_83__2_   0.001168   9.384e-05    0.001262   2.901e-07  ASYNC_DFFHx1_ASAP7_75t_R
transtop/sp/memory_reg_47__0_   0.001168   9.438e-05    0.001262   2.901e-07  ASYNC_DFFHx1_ASAP7_75t_R
transtop/sp/memory_reg_25__2_   0.001168   9.366e-05    0.001262   2.901e-07  ASYNC_DFFHx1_ASAP7_75t_R
transtop/sp/memory_reg_44__2_   0.001168   9.371e-05    0.001262   2.901e-07  ASYNC_DFFHx1_ASAP7_75t_R
transtop/sp/memory_reg_17__4_   0.001168   9.364e-05    0.001262   2.901e-07  ASYNC_DFFHx1_ASAP7_75t_R
transtop/sp/memory_reg_50__0_   0.001168   9.415e-05    0.001262   2.901e-07  ASYNC_DFFHx1_ASAP7_75t_R
transtop/sp/memory_reg_92__2_   0.001168   9.357e-05    0.001262   2.901e-07  ASYNC_DFFHx1_ASAP7_75t_R
transtop/sp/memory_reg_72__4_   0.001168   9.347e-05    0.001262   2.901e-07  ASYNC_DFFHx1_ASAP7_75t_R
transtop/sp/memory_reg_13__0_   0.001168   9.326e-05    0.001262   2.901e-07  ASYNC_DFFHx1_ASAP7_75t_R
transtop/sp/memory_reg_46__1_   0.001168   9.369e-05    0.001262   2.901e-07  ASYNC_DFFHx1_ASAP7_75t_R
transtop/sp/memory_reg_46__4_   0.001168   9.266e-05    0.001261   2.901e-07  ASYNC_DFFHx1_ASAP7_75t_R
transtop/sp/memory_reg_74__3_   0.001168   9.228e-05    0.001261   2.901e-07  ASYNC_DFFHx1_ASAP7_75t_R
transtop/sp/memory_reg_34__3_   0.001168   9.252e-05    0.001261   2.901e-07  ASYNC_DFFHx1_ASAP7_75t_R
transtop/sp/memory_reg_25__1_   0.001168   9.255e-05    0.001261   2.901e-07  ASYNC_DFFHx1_ASAP7_75t_R
transtop/sp/memory_reg_27__2_   0.001168   9.266e-05    0.001261   2.901e-07  ASYNC_DFFHx1_ASAP7_75t_R
transtop/sp/memory_reg_80__2_   0.001168   9.249e-05    0.001261   2.901e-07  ASYNC_DFFHx1_ASAP7_75t_R
transtop/sp/memory_reg_43__0_   0.001168   9.203e-05     0.00126   2.901e-07  ASYNC_DFFHx1_ASAP7_75t_R
transtop/sp/memory_reg_66__1_   0.001168   9.188e-05     0.00126   2.901e-07  ASYNC_DFFHx1_ASAP7_75t_R
transtop/sp/memory_reg_72__2_   0.001168   9.184e-05     0.00126   2.901e-07  ASYNC_DFFHx1_ASAP7_75t_R
transtop/sp/memory_reg_13__1_   0.001168    9.22e-05     0.00126   2.901e-07  ASYNC_DFFHx1_ASAP7_75t_R
transtop/sp/memory_reg_65__2_   0.001168   9.163e-05     0.00126   2.901e-07  ASYNC_DFFHx1_ASAP7_75t_R
transtop/sp/memory_reg_44__3_   0.001168   9.163e-05     0.00126   2.901e-07  ASYNC_DFFHx1_ASAP7_75t_R
transtop/sp/memory_reg_8__2_    0.001168   9.145e-05     0.00126   2.901e-07  ASYNC_DFFHx1_ASAP7_75t_R
transtop/sp/memory_reg_31__1_   0.001168   9.127e-05     0.00126   2.901e-07  ASYNC_DFFHx1_ASAP7_75t_R
transtop/sp/memory_reg_33__1_   0.001168   9.179e-05     0.00126   2.901e-07  ASYNC_DFFHx1_ASAP7_75t_R
transtop/sp/memory_reg_71__3_   0.001168   9.143e-05     0.00126   2.901e-07  ASYNC_DFFHx1_ASAP7_75t_R
transtop/sp/memory_reg_58__4_   0.001168   9.135e-05    0.001259   2.901e-07  ASYNC_DFFHx1_ASAP7_75t_R
transtop/sp/memory_reg_12__2_   0.001168   9.072e-05    0.001259   2.901e-07  ASYNC_DFFHx1_ASAP7_75t_R
transtop/sp/memory_reg_17__0_   0.001168   9.058e-05    0.001259   2.901e-07  ASYNC_DFFHx1_ASAP7_75t_R
transtop/sp/memory_reg_28__3_   0.001168   9.048e-05    0.001259   2.901e-07  ASYNC_DFFHx1_ASAP7_75t_R
transtop/sp/memory_reg_41__1_   0.001168   9.038e-05    0.001259   2.901e-07  ASYNC_DFFHx1_ASAP7_75t_R
transtop/sp/memory_reg_1__3_    0.001168   9.035e-05    0.001259   2.901e-07  ASYNC_DFFHx1_ASAP7_75t_R
transtop/sp/memory_reg_39__3_   0.001168   9.028e-05    0.001259   2.901e-07  ASYNC_DFFHx1_ASAP7_75t_R
transtop/sp/memory_reg_88__2_   0.001168   9.069e-05    0.001258   2.901e-07  ASYNC_DFFHx1_ASAP7_75t_R
transtop/sp/memory_reg_9__1_    0.001168   9.014e-05    0.001258   2.901e-07  ASYNC_DFFHx1_ASAP7_75t_R
transtop/sp/memory_reg_35__4_   0.001168   9.004e-05    0.001258   2.901e-07  ASYNC_DFFHx1_ASAP7_75t_R
transtop/sp/memory_reg_4__3_    0.001168       9e-05    0.001258   2.901e-07  ASYNC_DFFHx1_ASAP7_75t_R
transtop/sp/memory_reg_79__2_   0.001168   9.003e-05    0.001258   2.901e-07  ASYNC_DFFHx1_ASAP7_75t_R
transtop/sp/memory_reg_91__0_   0.001168   8.993e-05    0.001258   2.901e-07  ASYNC_DFFHx1_ASAP7_75t_R
transtop/sp/memory_reg_21__1_   0.001168   9.014e-05    0.001258   2.901e-07  ASYNC_DFFHx1_ASAP7_75t_R
transtop/sp/memory_reg_80__1_   0.001168   8.967e-05    0.001258   2.901e-07  ASYNC_DFFHx1_ASAP7_75t_R
transtop/sp/memory_reg_1__1_    0.001168    8.97e-05    0.001258   2.901e-07  ASYNC_DFFHx1_ASAP7_75t_R
transtop/sp/memory_reg_31__4_   0.001168   8.967e-05    0.001258   2.901e-07  ASYNC_DFFHx1_ASAP7_75t_R
transtop/sp/memory_reg_93__0_   0.001168   8.976e-05    0.001258   2.901e-07  ASYNC_DFFHx1_ASAP7_75t_R
transtop/sp/memory_reg_78__1_   0.001168   8.919e-05    0.001258   2.901e-07  ASYNC_DFFHx1_ASAP7_75t_R
transtop/sp/memory_reg_32__4_   0.001168   8.923e-05    0.001258   2.901e-07  ASYNC_DFFHx1_ASAP7_75t_R
transtop/sp/memory_reg_59__1_   0.001168   8.942e-05    0.001257   2.901e-07  ASYNC_DFFHx1_ASAP7_75t_R
transtop/sp/memory_reg_75__2_   0.001168   8.868e-05    0.001257   2.901e-07  ASYNC_DFFHx1_ASAP7_75t_R
transtop/sp/memory_reg_10__0_   0.001168   8.865e-05    0.001257   2.901e-07  ASYNC_DFFHx1_ASAP7_75t_R
transtop/sp/memory_reg_78__2_   0.001168    8.84e-05    0.001257   2.901e-07  ASYNC_DFFHx1_ASAP7_75t_R
transtop/sp/memory_reg_82__1_   0.001168   8.892e-05    0.001257   2.901e-07  ASYNC_DFFHx1_ASAP7_75t_R
transtop/sp/memory_reg_64__1_   0.001168    8.82e-05    0.001257   2.901e-07  ASYNC_DFFHx1_ASAP7_75t_R
transtop/sp/memory_reg_41__2_   0.001168   8.805e-05    0.001256   2.901e-07  ASYNC_DFFHx1_ASAP7_75t_R
transtop/sp/memory_reg_82__0_   0.001168   8.804e-05    0.001256   2.901e-07  ASYNC_DFFHx1_ASAP7_75t_R
transtop/sp/memory_reg_8__1_    0.001168   8.803e-05    0.001256   2.901e-07  ASYNC_DFFHx1_ASAP7_75t_R
transtop/sp/memory_reg_53__4_   0.001168     8.8e-05    0.001256   2.901e-07  ASYNC_DFFHx1_ASAP7_75t_R
transtop/sp/memory_reg_54__2_   0.001168   8.825e-05    0.001256   2.901e-07  ASYNC_DFFHx1_ASAP7_75t_R
transtop/sp/memory_reg_46__2_   0.001168   8.771e-05    0.001256   2.901e-07  ASYNC_DFFHx1_ASAP7_75t_R
transtop/sp/memory_reg_19__4_   0.001168   8.763e-05    0.001256   2.901e-07  ASYNC_DFFHx1_ASAP7_75t_R
transtop/sp/memory_reg_7__4_    0.001168   8.756e-05    0.001256   2.901e-07  ASYNC_DFFHx1_ASAP7_75t_R
transtop/sp/memory_reg_6__2_    0.001168   8.753e-05    0.001256   2.901e-07  ASYNC_DFFHx1_ASAP7_75t_R
transtop/sp/memory_reg_36__0_   0.001168   8.753e-05    0.001256   2.901e-07  ASYNC_DFFHx1_ASAP7_75t_R
transtop/sp/memory_reg_2__3_    0.001168   8.787e-05    0.001256   2.901e-07  ASYNC_DFFHx1_ASAP7_75t_R
transtop/sp/memory_reg_13__2_   0.001168   8.736e-05    0.001256   2.901e-07  ASYNC_DFFHx1_ASAP7_75t_R
transtop/sp/memory_reg_67__3_   0.001168   8.783e-05    0.001256   2.901e-07  ASYNC_DFFHx1_ASAP7_75t_R
transtop/sp/memory_reg_61__1_   0.001168   8.733e-05    0.001256   2.901e-07  ASYNC_DFFHx1_ASAP7_75t_R
transtop/sp/memory_reg_20__0_   0.001168   8.753e-05    0.001256   2.901e-07  ASYNC_DFFHx1_ASAP7_75t_R
transtop/sp/memory_reg_69__4_   0.001168   8.712e-05    0.001256   2.901e-07  ASYNC_DFFHx1_ASAP7_75t_R
transtop/sp/memory_reg_70__1_   0.001168   8.708e-05    0.001255   2.901e-07  ASYNC_DFFHx1_ASAP7_75t_R
transtop/sp/memory_reg_89__4_   0.001168   8.679e-05    0.001255   2.901e-07  ASYNC_DFFHx1_ASAP7_75t_R
transtop/sp/memory_reg_45__1_   0.001168   8.679e-05    0.001255   2.901e-07  ASYNC_DFFHx1_ASAP7_75t_R
transtop/sp/memory_reg_77__3_   0.001168   8.668e-05    0.001255   2.901e-07  ASYNC_DFFHx1_ASAP7_75t_R
transtop/sp/memory_reg_64__0_   0.001168   8.665e-05    0.001255   2.901e-07  ASYNC_DFFHx1_ASAP7_75t_R
transtop/sp/memory_reg_44__4_   0.001168   8.666e-05    0.001255   2.901e-07  ASYNC_DFFHx1_ASAP7_75t_R
transtop/sp/memory_reg_6__3_    0.001168   8.651e-05    0.001255   2.901e-07  ASYNC_DFFHx1_ASAP7_75t_R
transtop/sp/memory_reg_93__2_   0.001168   8.676e-05    0.001255   2.901e-07  ASYNC_DFFHx1_ASAP7_75t_R
transtop/sp/memory_reg_86__4_   0.001168   8.635e-05    0.001255   2.901e-07  ASYNC_DFFHx1_ASAP7_75t_R
transtop/sp/memory_reg_53__2_   0.001168   8.655e-05    0.001255   2.901e-07  ASYNC_DFFHx1_ASAP7_75t_R
transtop/sp/memory_reg_45__3_   0.001168   8.647e-05    0.001254   2.901e-07  ASYNC_DFFHx1_ASAP7_75t_R
transtop/sp/memory_reg_6__1_    0.001168   8.597e-05    0.001254   2.901e-07  ASYNC_DFFHx1_ASAP7_75t_R
transtop/sp/memory_reg_58__0_   0.001168   8.598e-05    0.001254   2.901e-07  ASYNC_DFFHx1_ASAP7_75t_R
transtop/sp/memory_reg_42__0_   0.001167   8.631e-05    0.001254   2.901e-07  ASYNC_DFFHx1_ASAP7_75t_R
transtop/sp/memory_reg_30__1_   0.001168   8.566e-05    0.001254   2.901e-07  ASYNC_DFFHx1_ASAP7_75t_R
transtop/sp/memory_reg_15__4_   0.001168   8.571e-05    0.001254   2.901e-07  ASYNC_DFFHx1_ASAP7_75t_R
transtop/sp/memory_reg_29__3_   0.001167   8.597e-05    0.001254   2.901e-07  ASYNC_DFFHx1_ASAP7_75t_R
transtop/sp/memory_reg_49__0_   0.001168   8.581e-05    0.001254   2.901e-07  ASYNC_DFFHx1_ASAP7_75t_R
transtop/sp/memory_reg_29__0_   0.001168   8.518e-05    0.001254   2.901e-07  ASYNC_DFFHx1_ASAP7_75t_R
transtop/sp/memory_reg_31__3_   0.001168   8.515e-05    0.001254   2.901e-07  ASYNC_DFFHx1_ASAP7_75t_R
transtop/sp/memory_reg_33__2_   0.001168   8.518e-05    0.001253   2.901e-07  ASYNC_DFFHx1_ASAP7_75t_R
transtop/sp/memory_reg_49__3_   0.001168   8.476e-05    0.001253   2.901e-07  ASYNC_DFFHx1_ASAP7_75t_R
transtop/sp/memory_reg_5__2_    0.001168   8.455e-05    0.001253   2.901e-07  ASYNC_DFFHx1_ASAP7_75t_R
transtop/sp/memory_reg_76__4_   0.001168   8.489e-05    0.001253   2.901e-07  ASYNC_DFFHx1_ASAP7_75t_R
transtop/sp/memory_reg_84__4_   0.001168   8.434e-05    0.001253   2.901e-07  ASYNC_DFFHx1_ASAP7_75t_R
transtop/sp/memory_reg_71__0_   0.001168   8.435e-05    0.001253   2.901e-07  ASYNC_DFFHx1_ASAP7_75t_R
transtop/sp/memory_reg_64__2_   0.001168   8.432e-05    0.001253   2.901e-07  ASYNC_DFFHx1_ASAP7_75t_R
transtop/sp/memory_reg_19__0_   0.001168   8.459e-05    0.001253   2.901e-07  ASYNC_DFFHx1_ASAP7_75t_R
transtop/sp/memory_reg_86__1_   0.001168   8.418e-05    0.001253   2.901e-07  ASYNC_DFFHx1_ASAP7_75t_R
transtop/sp/memory_reg_5__0_    0.001168   8.404e-05    0.001252   2.901e-07  ASYNC_DFFHx1_ASAP7_75t_R
transtop/sp/memory_reg_81__1_   0.001168   8.401e-05    0.001252   2.901e-07  ASYNC_DFFHx1_ASAP7_75t_R
transtop/sp/memory_reg_9__3_    0.001168   8.404e-05    0.001252   2.901e-07  ASYNC_DFFHx1_ASAP7_75t_R
transtop/sp/memory_reg_61__0_   0.001168   8.448e-05    0.001252   2.901e-07  ASYNC_DFFHx1_ASAP7_75t_R
transtop/sp/memory_reg_2__0_    0.001168   8.447e-05    0.001252   2.901e-07  ASYNC_DFFHx1_ASAP7_75t_R
transtop/sp/memory_reg_92__4_   0.001168   8.427e-05    0.001252   2.901e-07  ASYNC_DFFHx1_ASAP7_75t_R
transtop/sp/memory_reg_52__1_   0.001168   8.367e-05    0.001252   2.901e-07  ASYNC_DFFHx1_ASAP7_75t_R
transtop/sp/memory_reg_93__3_   0.001168   8.361e-05    0.001252   2.901e-07  ASYNC_DFFHx1_ASAP7_75t_R
transtop/sp/memory_reg_30__2_   0.001168   8.361e-05    0.001252   2.901e-07  ASYNC_DFFHx1_ASAP7_75t_R
transtop/sp/memory_reg_89__3_   0.001168   8.357e-05    0.001252   2.901e-07  ASYNC_DFFHx1_ASAP7_75t_R
transtop/sp/memory_reg_54__3_   0.001168   8.347e-05    0.001252   2.901e-07  ASYNC_DFFHx1_ASAP7_75t_R
transtop/sp/memory_reg_19__1_   0.001168    8.34e-05    0.001252   2.901e-07  ASYNC_DFFHx1_ASAP7_75t_R
transtop/sp/memory_reg_49__1_   0.001168   8.346e-05    0.001252   2.901e-07  ASYNC_DFFHx1_ASAP7_75t_R
transtop/sp/memory_reg_12__3_   0.001168   8.359e-05    0.001252   2.901e-07  ASYNC_DFFHx1_ASAP7_75t_R
transtop/sp/memory_reg_29__1_   0.001168   8.335e-05    0.001252   2.901e-07  ASYNC_DFFHx1_ASAP7_75t_R
transtop/sp/memory_reg_82__3_   0.001168   8.319e-05    0.001252   2.901e-07  ASYNC_DFFHx1_ASAP7_75t_R
transtop/sp/memory_reg_20__3_   0.001168    8.32e-05    0.001252   2.901e-07  ASYNC_DFFHx1_ASAP7_75t_R
transtop/sp/memory_reg_10__3_   0.001167   8.379e-05    0.001252   2.901e-07  ASYNC_DFFHx1_ASAP7_75t_R
transtop/sp/memory_reg_82__2_   0.001168    8.35e-05    0.001252   2.901e-07  ASYNC_DFFHx1_ASAP7_75t_R
transtop/sp/memory_reg_12__1_   0.001168   8.312e-05    0.001252   2.901e-07  ASYNC_DFFHx1_ASAP7_75t_R
transtop/sp/memory_reg_86__0_   0.001168   8.315e-05    0.001252   2.901e-07  ASYNC_DFFHx1_ASAP7_75t_R
transtop/sp/memory_reg_71__2_   0.001168   8.299e-05    0.001251   2.901e-07  ASYNC_DFFHx1_ASAP7_75t_R
transtop/sp/memory_reg_85__3_   0.001168   8.303e-05    0.001251   2.901e-07  ASYNC_DFFHx1_ASAP7_75t_R
transtop/sp/memory_reg_69__3_   0.001168   8.299e-05    0.001251   2.901e-07  ASYNC_DFFHx1_ASAP7_75t_R
transtop/sp/memory_reg_94__2_   0.001168   8.278e-05    0.001251   2.901e-07  ASYNC_DFFHx1_ASAP7_75t_R
transtop/sp/memory_reg_35__1_   0.001168   8.323e-05    0.001251   2.901e-07  ASYNC_DFFHx1_ASAP7_75t_R
transtop/sp/memory_reg_77__1_   0.001168   8.268e-05    0.001251   2.901e-07  ASYNC_DFFHx1_ASAP7_75t_R
transtop/sp/memory_reg_14__4_   0.001168   8.269e-05    0.001251   2.901e-07  ASYNC_DFFHx1_ASAP7_75t_R
transtop/sp/memory_reg_38__1_   0.001168   8.272e-05    0.001251   2.901e-07  ASYNC_DFFHx1_ASAP7_75t_R
transtop/sp/memory_reg_72__1_   0.001168   8.266e-05    0.001251   2.901e-07  ASYNC_DFFHx1_ASAP7_75t_R
transtop/sp/memory_reg_18__2_   0.001168   8.259e-05    0.001251   2.901e-07  ASYNC_DFFHx1_ASAP7_75t_R
transtop/sp/memory_reg_81__0_   0.001168   8.259e-05    0.001251   2.901e-07  ASYNC_DFFHx1_ASAP7_75t_R
transtop/sp/memory_reg_66__0_   0.001168   8.274e-05    0.001251   2.901e-07  ASYNC_DFFHx1_ASAP7_75t_R
transtop/sp/memory_reg_85__2_   0.001168     8.3e-05    0.001251   2.901e-07  ASYNC_DFFHx1_ASAP7_75t_R
transtop/sp/memory_reg_46__0_   0.001168   8.252e-05    0.001251   2.901e-07  ASYNC_DFFHx1_ASAP7_75t_R
transtop/sp/memory_reg_73__1_   0.001168    8.24e-05    0.001251   2.901e-07  ASYNC_DFFHx1_ASAP7_75t_R
transtop/sp/memory_reg_47__2_   0.001168   8.248e-05    0.001251   2.901e-07  ASYNC_DFFHx1_ASAP7_75t_R
transtop/sp/memory_reg_31__0_   0.001168   8.235e-05    0.001251   2.901e-07  ASYNC_DFFHx1_ASAP7_75t_R
transtop/sp/memory_reg_66__2_   0.001168   8.234e-05    0.001251   2.901e-07  ASYNC_DFFHx1_ASAP7_75t_R
transtop/sp/memory_reg_95__0_   0.001168    8.24e-05    0.001251   2.901e-07  ASYNC_DFFHx1_ASAP7_75t_R
transtop/sp/memory_reg_2__1_    0.001168   8.235e-05    0.001251   2.901e-07  ASYNC_DFFHx1_ASAP7_75t_R
transtop/sp/memory_reg_87__2_   0.001168   8.269e-05    0.001251   2.901e-07  ASYNC_DFFHx1_ASAP7_75t_R
transtop/sp/memory_reg_79__4_   0.001168   8.211e-05    0.001251   2.901e-07  ASYNC_DFFHx1_ASAP7_75t_R
transtop/sp/memory_reg_47__4_   0.001168   8.203e-05     0.00125   2.901e-07  ASYNC_DFFHx1_ASAP7_75t_R
transtop/sp/memory_reg_60__1_   0.001168   8.248e-05     0.00125   2.901e-07  ASYNC_DFFHx1_ASAP7_75t_R
transtop/sp/memory_reg_90__4_   0.001168   8.201e-05     0.00125   2.901e-07  ASYNC_DFFHx1_ASAP7_75t_R
transtop/sp/memory_reg_28__1_   0.001168   8.197e-05     0.00125   2.901e-07  ASYNC_DFFHx1_ASAP7_75t_R
transtop/sp/memory_reg_62__2_   0.001168   8.171e-05     0.00125   2.901e-07  ASYNC_DFFHx1_ASAP7_75t_R
transtop/sp/memory_reg_88__4_   0.001168    8.21e-05     0.00125   2.901e-07  ASYNC_DFFHx1_ASAP7_75t_R
transtop/sp/memory_reg_30__0_   0.001168   8.186e-05     0.00125   2.901e-07  ASYNC_DFFHx1_ASAP7_75t_R
transtop/sp/memory_reg_95__2_   0.001168   8.137e-05     0.00125   2.901e-07  ASYNC_DFFHx1_ASAP7_75t_R
transtop/sp/memory_reg_89__2_   0.001168   8.191e-05     0.00125   2.901e-07  ASYNC_DFFHx1_ASAP7_75t_R
transtop/sp/memory_reg_33__3_   0.001168   8.183e-05     0.00125   2.901e-07  ASYNC_DFFHx1_ASAP7_75t_R
transtop/sp/memory_reg_87__3_   0.001168   8.119e-05     0.00125   2.901e-07  ASYNC_DFFHx1_ASAP7_75t_R
transtop/sp/memory_reg_62__1_   0.001168   8.125e-05     0.00125   2.901e-07  ASYNC_DFFHx1_ASAP7_75t_R
transtop/sp/memory_reg_8__3_    0.001168   8.113e-05     0.00125   2.901e-07  ASYNC_DFFHx1_ASAP7_75t_R
transtop/sp/memory_reg_60__0_   0.001168   8.099e-05    0.001249   2.901e-07  ASYNC_DFFHx1_ASAP7_75t_R
transtop/sp/memory_reg_39__2_   0.001168   8.079e-05    0.001249   2.901e-07  ASYNC_DFFHx1_ASAP7_75t_R
transtop/sp/memory_reg_92__3_   0.001168   8.066e-05    0.001249   2.901e-07  ASYNC_DFFHx1_ASAP7_75t_R
transtop/sp/memory_reg_59__2_   0.001168   8.066e-05    0.001249   2.901e-07  ASYNC_DFFHx1_ASAP7_75t_R
transtop/sp/memory_reg_55__0_   0.001168   8.118e-05    0.001249   2.901e-07  ASYNC_DFFHx1_ASAP7_75t_R
transtop/sp/memory_reg_8__4_    0.001168   8.062e-05    0.001249   2.901e-07  ASYNC_DFFHx1_ASAP7_75t_R
transtop/sp/memory_reg_28__2_   0.001168   8.054e-05    0.001249   2.901e-07  ASYNC_DFFHx1_ASAP7_75t_R
transtop/sp/memory_reg_36__2_   0.001168   8.052e-05    0.001249   2.901e-07  ASYNC_DFFHx1_ASAP7_75t_R
transtop/sp/memory_reg_83__4_   0.001168   8.055e-05    0.001249   2.901e-07  ASYNC_DFFHx1_ASAP7_75t_R
transtop/sp/memory_reg_56__2_   0.001168   8.037e-05    0.001249   2.901e-07  ASYNC_DFFHx1_ASAP7_75t_R
transtop/sp/memory_reg_94__1_   0.001168   8.017e-05    0.001249   2.901e-07  ASYNC_DFFHx1_ASAP7_75t_R
transtop/sp/memory_reg_45__0_   0.001168    8.02e-05    0.001249   2.901e-07  ASYNC_DFFHx1_ASAP7_75t_R
transtop/sp/memory_reg_66__3_   0.001168   8.013e-05    0.001248   2.901e-07  ASYNC_DFFHx1_ASAP7_75t_R
transtop/sp/memory_reg_64__3_   0.001168   8.003e-05    0.001248   2.901e-07  ASYNC_DFFHx1_ASAP7_75t_R
transtop/sp/memory_reg_41__3_   0.001168    8.02e-05    0.001248   2.901e-07  ASYNC_DFFHx1_ASAP7_75t_R
transtop/sp/memory_reg_16__1_   0.001168   7.987e-05    0.001248   2.901e-07  ASYNC_DFFHx1_ASAP7_75t_R
transtop/sp/memory_reg_34__1_   0.001168   7.988e-05    0.001248   2.901e-07  ASYNC_DFFHx1_ASAP7_75t_R
transtop/sp/memory_reg_68__2_   0.001168   7.954e-05    0.001248   2.901e-07  ASYNC_DFFHx1_ASAP7_75t_R
transtop/sp/memory_reg_3__2_    0.001168    7.94e-05    0.001248   2.901e-07  ASYNC_DFFHx1_ASAP7_75t_R
transtop/sp/memory_reg_65__1_   0.001168   7.949e-05    0.001248   2.901e-07  ASYNC_DFFHx1_ASAP7_75t_R
transtop/sp/memory_reg_52__0_   0.001168   7.935e-05    0.001248   2.901e-07  ASYNC_DFFHx1_ASAP7_75t_R
transtop/sp/memory_reg_1__4_    0.001168    7.94e-05    0.001248   2.901e-07  ASYNC_DFFHx1_ASAP7_75t_R
transtop/sp/memory_reg_63__0_   0.001168   7.939e-05    0.001248   2.901e-07  ASYNC_DFFHx1_ASAP7_75t_R
transtop/sp/memory_reg_7__1_    0.001168   7.923e-05    0.001248   2.901e-07  ASYNC_DFFHx1_ASAP7_75t_R
transtop/sp/memory_reg_72__0_   0.001168   7.891e-05    0.001247   2.901e-07  ASYNC_DFFHx1_ASAP7_75t_R
transtop/sp/memory_reg_72__3_   0.001168   7.891e-05    0.001247   2.901e-07  ASYNC_DFFHx1_ASAP7_75t_R
transtop/sp/memory_reg_9__2_    0.001168   7.882e-05    0.001247   2.901e-07  ASYNC_DFFHx1_ASAP7_75t_R
transtop/sp/memory_reg_74__0_   0.001167   7.929e-05    0.001247   2.901e-07  ASYNC_DFFHx1_ASAP7_75t_R
transtop/sp/memory_reg_55__3_   0.001168   7.851e-05    0.001247   2.901e-07  ASYNC_DFFHx1_ASAP7_75t_R
transtop/sp/memory_reg_36__4_   0.001168   7.832e-05    0.001247   2.901e-07  ASYNC_DFFHx1_ASAP7_75t_R
transtop/sp/memory_reg_51__2_   0.001168   7.811e-05    0.001246   2.901e-07  ASYNC_DFFHx1_ASAP7_75t_R
transtop/sp/memory_reg_36__1_   0.001168   7.821e-05    0.001246   2.901e-07  ASYNC_DFFHx1_ASAP7_75t_R
transtop/sp/memory_reg_4__1_    0.001168    7.72e-05    0.001245   2.901e-07  ASYNC_DFFHx1_ASAP7_75t_R
transtop/sp/memory_reg_48__0_   0.001168   7.722e-05    0.001245   2.901e-07  ASYNC_DFFHx1_ASAP7_75t_R
comtop_coo_index_reg_0_         0.001151   8.883e-05     0.00124   2.912e-07  ASYNC_DFFHx1_ASAP7_75t_R
transtop/sp/memory_reg_60__2_   0.001103   6.324e-05    0.001166   2.894e-07  ASYNC_DFFHx1_ASAP7_75t_R
comtop_coo_counter_reg_0_        0.00102   0.0001428    0.001164   2.914e-07  ASYNC_DFFHx1_ASAP7_75t_R
comtop_coo_addr_reg_1_          0.001039   0.0001223    0.001162   2.914e-07  ASYNC_DFFHx1_ASAP7_75t_R
comtop_coo_addr_reg_0_         0.0009864   0.0001664    0.001153   2.912e-07  ASYNC_DFFHx1_ASAP7_75t_R
comtop_comb_done_reg            0.001005   7.014e-05    0.001075   2.878e-07  ASYNC_DFFHx1_ASAP7_75t_R
transtop/mem/primary_count_reg_1_  0.0009758   8.863e-05    0.001065   2.896e-07  ASYNC_DFFHx1_ASAP7_75t_R
transtop/sp/memory_reg_61__2_  0.0009961   5.916e-05    0.001056   2.901e-07  ASYNC_DFFHx1_ASAP7_75t_R
transtop/sp/memory_reg_49__2_   0.000996   5.863e-05    0.001055   2.901e-07  ASYNC_DFFHx1_ASAP7_75t_R
transtop/sp/memory_reg_42__1_   0.000996   5.853e-05    0.001055   2.901e-07  ASYNC_DFFHx1_ASAP7_75t_R
transtop/sp/memory_reg_62__3_  0.0009961   5.839e-05    0.001055   2.901e-07  ASYNC_DFFHx1_ASAP7_75t_R
transtop/sp/memory_reg_81__4_  0.0009961   5.818e-05    0.001055   2.901e-07  ASYNC_DFFHx1_ASAP7_75t_R
transtop/sp/memory_reg_90__0_  0.0009958   5.744e-05    0.001054   2.901e-07  ASYNC_DFFHx1_ASAP7_75t_R
transtop/sp/memory_reg_51__0_  0.0009959   5.722e-05    0.001053   2.901e-07  ASYNC_DFFHx1_ASAP7_75t_R
transtop/sp/memory_reg_88__3_   0.000996   5.657e-05    0.001053   2.901e-07  ASYNC_DFFHx1_ASAP7_75t_R
transtop/sp/memory_reg_94__0_  0.0009958   5.628e-05    0.001052   2.901e-07  ASYNC_DFFHx1_ASAP7_75t_R
transtop/sp/memory_reg_75__3_   0.000996   5.595e-05    0.001052   2.901e-07  ASYNC_DFFHx1_ASAP7_75t_R
transtop/sp/memory_reg_43__3_   0.000996   5.567e-05    0.001052   2.901e-07  ASYNC_DFFHx1_ASAP7_75t_R
transtop/sp/memory_reg_18__0_   0.000996   5.562e-05    0.001052   2.901e-07  ASYNC_DFFHx1_ASAP7_75t_R
transtop/sp/memory_reg_49__4_  0.0009957   5.594e-05    0.001052   2.901e-07  ASYNC_DFFHx1_ASAP7_75t_R
transtop/sp/memory_reg_16__4_  0.0009958   5.576e-05    0.001052   2.901e-07  ASYNC_DFFHx1_ASAP7_75t_R
transtop/sp/memory_reg_36__3_  0.0009956   5.586e-05    0.001052   2.901e-07  ASYNC_DFFHx1_ASAP7_75t_R
transtop/sp/memory_reg_84__1_   0.000996   5.542e-05    0.001052   2.901e-07  ASYNC_DFFHx1_ASAP7_75t_R
transtop/sp/memory_reg_40__0_   0.000996   5.531e-05    0.001052   2.901e-07  ASYNC_DFFHx1_ASAP7_75t_R
transtop/sp/memory_reg_24__3_  0.0009958   5.558e-05    0.001052   2.901e-07  ASYNC_DFFHx1_ASAP7_75t_R
transtop/sp/memory_reg_5__3_   0.0009958   5.546e-05    0.001052   2.901e-07  ASYNC_DFFHx1_ASAP7_75t_R
transtop/sp/memory_reg_27__4_   0.000996   5.489e-05    0.001051   2.901e-07  ASYNC_DFFHx1_ASAP7_75t_R
transtop/sp/memory_reg_70__4_  0.0009954   5.527e-05    0.001051   2.901e-07  ASYNC_DFFHx1_ASAP7_75t_R
transtop/sp/memory_reg_78__3_  0.0009957   5.485e-05    0.001051   2.901e-07  ASYNC_DFFHx1_ASAP7_75t_R
transtop/sp/memory_reg_84__2_   0.000996   5.449e-05    0.001051   2.901e-07  ASYNC_DFFHx1_ASAP7_75t_R
transtop/sp/memory_reg_40__1_   0.000996   5.447e-05    0.001051   2.901e-07  ASYNC_DFFHx1_ASAP7_75t_R
transtop/sp/memory_reg_85__1_   0.000996    5.44e-05    0.001051   2.901e-07  ASYNC_DFFHx1_ASAP7_75t_R
transtop/sp/memory_reg_45__4_  0.0009958   5.466e-05    0.001051   2.901e-07  ASYNC_DFFHx1_ASAP7_75t_R
transtop/sp/memory_reg_28__0_  0.0009957   5.475e-05    0.001051   2.901e-07  ASYNC_DFFHx1_ASAP7_75t_R
transtop/sp/memory_reg_13__4_  0.0009958   5.453e-05    0.001051   2.901e-07  ASYNC_DFFHx1_ASAP7_75t_R
transtop/sp/memory_reg_24__0_   0.000996   5.397e-05     0.00105   2.901e-07  ASYNC_DFFHx1_ASAP7_75t_R
transtop/sp/memory_reg_39__0_   0.000996   5.395e-05     0.00105   2.901e-07  ASYNC_DFFHx1_ASAP7_75t_R
transtop/sp/memory_reg_41__4_   0.000996   5.393e-05     0.00105   2.901e-07  ASYNC_DFFHx1_ASAP7_75t_R
transtop/sp/memory_reg_35__3_   0.000996   5.393e-05     0.00105   2.901e-07  ASYNC_DFFHx1_ASAP7_75t_R
transtop/sp/memory_reg_1__2_    0.000996   5.373e-05     0.00105   2.901e-07  ASYNC_DFFHx1_ASAP7_75t_R
transtop/sp/memory_reg_57__0_   0.000996   5.366e-05     0.00105   2.901e-07  ASYNC_DFFHx1_ASAP7_75t_R
transtop/sp/memory_reg_33__4_   0.000996   5.351e-05     0.00105   2.901e-07  ASYNC_DFFHx1_ASAP7_75t_R
transtop/sp/memory_reg_68__1_  0.0009958   5.365e-05     0.00105   2.901e-07  ASYNC_DFFHx1_ASAP7_75t_R
transtop/sp/memory_reg_54__0_   0.000996   5.343e-05     0.00105   2.901e-07  ASYNC_DFFHx1_ASAP7_75t_R
transtop/sp/memory_reg_50__2_   0.000996   5.334e-05     0.00105   2.901e-07  ASYNC_DFFHx1_ASAP7_75t_R
transtop/sp/memory_reg_0__1_   0.0009958   5.356e-05     0.00105   2.901e-07  ASYNC_DFFHx1_ASAP7_75t_R
transtop/sp/memory_reg_67__0_   0.000996   5.314e-05    0.001049   2.901e-07  ASYNC_DFFHx1_ASAP7_75t_R
transtop/sp/memory_reg_59__3_   0.000996   5.313e-05    0.001049   2.901e-07  ASYNC_DFFHx1_ASAP7_75t_R
transtop/sp/memory_reg_35__2_   0.000996   5.314e-05    0.001049   2.901e-07  ASYNC_DFFHx1_ASAP7_75t_R
transtop/sp/memory_reg_38__2_   0.000996   5.303e-05    0.001049   2.901e-07  ASYNC_DFFHx1_ASAP7_75t_R
transtop/sp/memory_reg_47__1_  0.0009957   5.336e-05    0.001049   2.901e-07  ASYNC_DFFHx1_ASAP7_75t_R
transtop/sp/memory_reg_15__2_   0.000996   5.296e-05    0.001049   2.901e-07  ASYNC_DFFHx1_ASAP7_75t_R
transtop/sp/memory_reg_31__2_   0.000996   5.288e-05    0.001049   2.901e-07  ASYNC_DFFHx1_ASAP7_75t_R
transtop/sp/memory_reg_66__4_  0.0009957   5.318e-05    0.001049   2.901e-07  ASYNC_DFFHx1_ASAP7_75t_R
transtop/sp/memory_reg_39__1_  0.0009958   5.303e-05    0.001049   2.901e-07  ASYNC_DFFHx1_ASAP7_75t_R
transtop/sp/memory_reg_52__2_   0.000996   5.269e-05    0.001049   2.901e-07  ASYNC_DFFHx1_ASAP7_75t_R
transtop/sp/memory_reg_69__2_   0.000996   5.265e-05    0.001049   2.901e-07  ASYNC_DFFHx1_ASAP7_75t_R
transtop/sp/memory_reg_63__2_  0.0009955    5.31e-05    0.001049   2.901e-07  ASYNC_DFFHx1_ASAP7_75t_R
transtop/sp/memory_reg_9__4_   0.0009957   5.293e-05    0.001049   2.901e-07  ASYNC_DFFHx1_ASAP7_75t_R
transtop/sp/memory_reg_95__1_   0.000996   5.254e-05    0.001049   2.901e-07  ASYNC_DFFHx1_ASAP7_75t_R
transtop/sp/memory_reg_25__3_   0.000996   5.254e-05    0.001049   2.901e-07  ASYNC_DFFHx1_ASAP7_75t_R
transtop/sp/memory_reg_50__4_  0.0009957   5.284e-05    0.001049   2.901e-07  ASYNC_DFFHx1_ASAP7_75t_R
transtop/sp/memory_reg_84__3_   0.000996   5.247e-05    0.001049   2.901e-07  ASYNC_DFFHx1_ASAP7_75t_R
transtop/sp/memory_reg_58__2_   0.000996   5.236e-05    0.001049   2.901e-07  ASYNC_DFFHx1_ASAP7_75t_R
transtop/sp/memory_reg_78__0_   0.000996   5.231e-05    0.001049   2.901e-07  ASYNC_DFFHx1_ASAP7_75t_R
transtop/sp/memory_reg_2__2_    0.000996   5.236e-05    0.001049   2.901e-07  ASYNC_DFFHx1_ASAP7_75t_R
transtop/sp/memory_reg_75__1_   0.000996   5.231e-05    0.001049   2.901e-07  ASYNC_DFFHx1_ASAP7_75t_R
transtop/sp/memory_reg_73__0_  0.0009958   5.242e-05    0.001048   2.901e-07  ASYNC_DFFHx1_ASAP7_75t_R
transtop/sp/memory_reg_40__3_  0.0009958   5.239e-05    0.001048   2.901e-07  ASYNC_DFFHx1_ASAP7_75t_R
transtop/sp/memory_reg_52__3_  0.0009954   5.278e-05    0.001048   2.901e-07  ASYNC_DFFHx1_ASAP7_75t_R
transtop/sp/memory_reg_77__0_  0.0009957   5.246e-05    0.001048   2.901e-07  ASYNC_DFFHx1_ASAP7_75t_R
transtop/sp/memory_reg_26__1_   0.000996    5.21e-05    0.001048   2.901e-07  ASYNC_DFFHx1_ASAP7_75t_R
transtop/sp/memory_reg_37__0_  0.0009957   5.243e-05    0.001048   2.901e-07  ASYNC_DFFHx1_ASAP7_75t_R
transtop/sp/memory_reg_38__0_   0.000996   5.206e-05    0.001048   2.901e-07  ASYNC_DFFHx1_ASAP7_75t_R
transtop/sp/memory_reg_56__1_  0.0009957   5.227e-05    0.001048   2.901e-07  ASYNC_DFFHx1_ASAP7_75t_R
transtop/sp/memory_reg_53__1_   0.000996   5.191e-05    0.001048   2.901e-07  ASYNC_DFFHx1_ASAP7_75t_R
transtop/sp/memory_reg_23__2_   0.000996   5.182e-05    0.001048   2.901e-07  ASYNC_DFFHx1_ASAP7_75t_R
transtop/sp/memory_reg_14__3_   0.000996   5.176e-05    0.001048   2.901e-07  ASYNC_DFFHx1_ASAP7_75t_R
transtop/sp/memory_reg_37__2_  0.0009958   5.193e-05    0.001048   2.901e-07  ASYNC_DFFHx1_ASAP7_75t_R
transtop/sp/memory_reg_90__2_  0.0009958   5.194e-05    0.001048   2.901e-07  ASYNC_DFFHx1_ASAP7_75t_R
transtop/sp/memory_reg_35__0_   0.000996   5.172e-05    0.001048   2.901e-07  ASYNC_DFFHx1_ASAP7_75t_R
transtop/sp/memory_reg_22__2_  0.0009957   5.201e-05    0.001048   2.901e-07  ASYNC_DFFHx1_ASAP7_75t_R
transtop/sp/memory_reg_87__4_  0.0009958   5.185e-05    0.001048   2.901e-07  ASYNC_DFFHx1_ASAP7_75t_R
transtop/sp/memory_reg_2__4_   0.0009957   5.186e-05    0.001048   2.901e-07  ASYNC_DFFHx1_ASAP7_75t_R
transtop/sp/memory_reg_22__3_   0.000996   5.146e-05    0.001048   2.901e-07  ASYNC_DFFHx1_ASAP7_75t_R
transtop/sp/memory_reg_15__0_   0.000996   5.143e-05    0.001048   2.901e-07  ASYNC_DFFHx1_ASAP7_75t_R
transtop/sp/memory_reg_34__2_   0.000996   5.144e-05    0.001048   2.901e-07  ASYNC_DFFHx1_ASAP7_75t_R
transtop/sp/memory_reg_75__4_   0.000996   5.144e-05    0.001048   2.901e-07  ASYNC_DFFHx1_ASAP7_75t_R
transtop/sp/memory_reg_71__1_  0.0009956   5.168e-05    0.001048   2.901e-07  ASYNC_DFFHx1_ASAP7_75t_R
transtop/sp/memory_reg_7__3_   0.0009956   5.163e-05    0.001048   2.901e-07  ASYNC_DFFHx1_ASAP7_75t_R
transtop/sp/memory_reg_86__3_   0.000996   5.126e-05    0.001048   2.901e-07  ASYNC_DFFHx1_ASAP7_75t_R
transtop/sp/memory_reg_79__3_   0.000996   5.119e-05    0.001047   2.901e-07  ASYNC_DFFHx1_ASAP7_75t_R
transtop/sp/memory_reg_38__3_  0.0009957   5.139e-05    0.001047   2.901e-07  ASYNC_DFFHx1_ASAP7_75t_R
transtop/sp/memory_reg_65__0_  0.0009958   5.135e-05    0.001047   2.901e-07  ASYNC_DFFHx1_ASAP7_75t_R
transtop/sp/memory_reg_41__0_  0.0009957   5.132e-05    0.001047   2.901e-07  ASYNC_DFFHx1_ASAP7_75t_R
transtop/sp/memory_reg_84__0_  0.0009958   5.124e-05    0.001047   2.901e-07  ASYNC_DFFHx1_ASAP7_75t_R
transtop/sp/memory_reg_32__0_  0.0009958   5.126e-05    0.001047   2.901e-07  ASYNC_DFFHx1_ASAP7_75t_R
transtop/sp/memory_reg_61__3_   0.000996   5.101e-05    0.001047   2.901e-07  ASYNC_DFFHx1_ASAP7_75t_R
transtop/sp/memory_reg_43__4_   0.000996   5.097e-05    0.001047   2.901e-07  ASYNC_DFFHx1_ASAP7_75t_R
transtop/sp/memory_reg_68__0_  0.0009959   5.105e-05    0.001047   2.901e-07  ASYNC_DFFHx1_ASAP7_75t_R
transtop/sp/memory_reg_21__3_   0.000996   5.095e-05    0.001047   2.901e-07  ASYNC_DFFHx1_ASAP7_75t_R
transtop/sp/memory_reg_65__3_  0.0009957   5.114e-05    0.001047   2.901e-07  ASYNC_DFFHx1_ASAP7_75t_R
transtop/sp/memory_reg_87__0_   0.000996   5.075e-05    0.001047   2.901e-07  ASYNC_DFFHx1_ASAP7_75t_R
transtop/sp/memory_reg_27__3_  0.0009957   5.103e-05    0.001047   2.901e-07  ASYNC_DFFHx1_ASAP7_75t_R
transtop/sp/memory_reg_91__2_  0.0009957   5.089e-05    0.001047   2.901e-07  ASYNC_DFFHx1_ASAP7_75t_R
transtop/sp/memory_reg_11__2_   0.000996   5.052e-05    0.001047   2.901e-07  ASYNC_DFFHx1_ASAP7_75t_R
transtop/sp/memory_reg_57__1_  0.0009961    5.04e-05    0.001047   2.901e-07  ASYNC_DFFHx1_ASAP7_75t_R
transtop/sp/memory_reg_14__2_  0.0009955   5.088e-05    0.001047   2.901e-07  ASYNC_DFFHx1_ASAP7_75t_R
transtop/sp/memory_reg_22__0_   0.000996   5.041e-05    0.001047   2.901e-07  ASYNC_DFFHx1_ASAP7_75t_R
transtop/sp/memory_reg_5__1_    0.000996   5.034e-05    0.001047   2.901e-07  ASYNC_DFFHx1_ASAP7_75t_R
transtop/sp/memory_reg_28__4_   0.000996    5.03e-05    0.001047   2.901e-07  ASYNC_DFFHx1_ASAP7_75t_R
transtop/sp/memory_reg_23__0_  0.0009954   5.092e-05    0.001047   2.901e-07  ASYNC_DFFHx1_ASAP7_75t_R
transtop/sp/memory_reg_58__1_   0.000996   5.031e-05    0.001047   2.901e-07  ASYNC_DFFHx1_ASAP7_75t_R
transtop/sp/memory_reg_89__1_   0.000996   5.029e-05    0.001047   2.901e-07  ASYNC_DFFHx1_ASAP7_75t_R
transtop/sp/memory_reg_11__0_  0.0009959   5.032e-05    0.001047   2.901e-07  ASYNC_DFFHx1_ASAP7_75t_R
transtop/sp/memory_reg_53__0_  0.0009959   5.024e-05    0.001046   2.901e-07  ASYNC_DFFHx1_ASAP7_75t_R
transtop/sp/memory_reg_48__2_   0.000996   5.018e-05    0.001046   2.901e-07  ASYNC_DFFHx1_ASAP7_75t_R
transtop/sp/memory_reg_14__0_  0.0009957   5.043e-05    0.001046   2.901e-07  ASYNC_DFFHx1_ASAP7_75t_R
transtop/sp/memory_reg_91__3_  0.0009959    5.02e-05    0.001046   2.901e-07  ASYNC_DFFHx1_ASAP7_75t_R
transtop/sp/memory_reg_78__4_   0.000996   5.009e-05    0.001046   2.901e-07  ASYNC_DFFHx1_ASAP7_75t_R
transtop/sp/memory_reg_55__1_  0.0009957   5.026e-05    0.001046   2.901e-07  ASYNC_DFFHx1_ASAP7_75t_R
transtop/sp/memory_reg_23__1_  0.0009956   5.034e-05    0.001046   2.901e-07  ASYNC_DFFHx1_ASAP7_75t_R
transtop/sp/memory_reg_48__1_   0.000996   4.998e-05    0.001046   2.901e-07  ASYNC_DFFHx1_ASAP7_75t_R
transtop/sp/memory_reg_69__0_  0.0009956   5.031e-05    0.001046   2.901e-07  ASYNC_DFFHx1_ASAP7_75t_R
transtop/sp/memory_reg_40__4_  0.0009958   5.013e-05    0.001046   2.901e-07  ASYNC_DFFHx1_ASAP7_75t_R
transtop/sp/memory_reg_17__1_   0.000996   4.989e-05    0.001046   2.901e-07  ASYNC_DFFHx1_ASAP7_75t_R
transtop/sp/memory_reg_94__3_  0.0009957   5.018e-05    0.001046   2.901e-07  ASYNC_DFFHx1_ASAP7_75t_R
transtop/sp/memory_reg_0__3_   0.0009956   5.019e-05    0.001046   2.901e-07  ASYNC_DFFHx1_ASAP7_75t_R
transtop/sp/memory_reg_88__1_   0.000996   4.976e-05    0.001046   2.901e-07  ASYNC_DFFHx1_ASAP7_75t_R
transtop/sp/memory_reg_50__1_   0.000996    4.97e-05    0.001046   2.901e-07  ASYNC_DFFHx1_ASAP7_75t_R
transtop/sp/memory_reg_17__2_  0.0009959   4.975e-05    0.001046   2.901e-07  ASYNC_DFFHx1_ASAP7_75t_R
transtop/sp/memory_reg_21__2_   0.000996   4.971e-05    0.001046   2.901e-07  ASYNC_DFFHx1_ASAP7_75t_R
transtop/sp/memory_reg_3__4_    0.000996   4.965e-05    0.001046   2.901e-07  ASYNC_DFFHx1_ASAP7_75t_R
transtop/sp/memory_reg_57__3_  0.0009958   4.988e-05    0.001046   2.901e-07  ASYNC_DFFHx1_ASAP7_75t_R
transtop/sp/memory_reg_30__3_  0.0009957    4.99e-05    0.001046   2.901e-07  ASYNC_DFFHx1_ASAP7_75t_R
transtop/sp/memory_reg_56__3_   0.000996   4.961e-05    0.001046   2.901e-07  ASYNC_DFFHx1_ASAP7_75t_R
transtop/sp/memory_reg_48__3_   0.000996   4.958e-05    0.001046   2.901e-07  ASYNC_DFFHx1_ASAP7_75t_R
transtop/sp/memory_reg_77__4_  0.0009959   4.959e-05    0.001046   2.901e-07  ASYNC_DFFHx1_ASAP7_75t_R
transtop/sp/memory_reg_24__4_   0.000996   4.947e-05    0.001046   2.901e-07  ASYNC_DFFHx1_ASAP7_75t_R
transtop/sp/memory_reg_37__1_  0.0009959   4.949e-05    0.001046   2.901e-07  ASYNC_DFFHx1_ASAP7_75t_R
transtop/sp/memory_reg_32__1_   0.000996   4.939e-05    0.001046   2.901e-07  ASYNC_DFFHx1_ASAP7_75t_R
transtop/sp/memory_reg_70__0_   0.000996   4.938e-05    0.001046   2.901e-07  ASYNC_DFFHx1_ASAP7_75t_R
transtop/sp/memory_reg_73__2_   0.000996   4.937e-05    0.001046   2.901e-07  ASYNC_DFFHx1_ASAP7_75t_R
transtop/sp/memory_reg_79__1_   0.000996   4.938e-05    0.001046   2.901e-07  ASYNC_DFFHx1_ASAP7_75t_R
transtop/sp/memory_reg_86__2_  0.0009959   4.942e-05    0.001046   2.901e-07  ASYNC_DFFHx1_ASAP7_75t_R
transtop/sp/memory_reg_50__3_  0.0009958   4.955e-05    0.001046   2.901e-07  ASYNC_DFFHx1_ASAP7_75t_R
transtop/sp/memory_reg_26__4_  0.0009959   4.937e-05    0.001046   2.901e-07  ASYNC_DFFHx1_ASAP7_75t_R
transtop/sp/memory_reg_57__4_   0.000996   4.931e-05    0.001046   2.901e-07  ASYNC_DFFHx1_ASAP7_75t_R
transtop/sp/memory_reg_91__4_   0.000996   4.928e-05    0.001046   2.901e-07  ASYNC_DFFHx1_ASAP7_75t_R
transtop/sp/memory_reg_76__2_   0.000996   4.923e-05    0.001046   2.901e-07  ASYNC_DFFHx1_ASAP7_75t_R
transtop/sp/memory_reg_93__1_   0.000996   4.927e-05    0.001046   2.901e-07  ASYNC_DFFHx1_ASAP7_75t_R
transtop/sp/memory_reg_79__0_  0.0009956   4.966e-05    0.001046   2.901e-07  ASYNC_DFFHx1_ASAP7_75t_R
transtop/sp/memory_reg_95__3_   0.000996   4.916e-05    0.001045   2.901e-07  ASYNC_DFFHx1_ASAP7_75t_R
transtop/sp/memory_reg_88__0_  0.0009958    4.93e-05    0.001045   2.901e-07  ASYNC_DFFHx1_ASAP7_75t_R
transtop/sp/memory_reg_80__4_   0.000996   4.905e-05    0.001045   2.901e-07  ASYNC_DFFHx1_ASAP7_75t_R
transtop/sp/memory_reg_90__3_  0.0009959   4.906e-05    0.001045   2.901e-07  ASYNC_DFFHx1_ASAP7_75t_R
transtop/sp/memory_reg_69__1_   0.000996   4.897e-05    0.001045   2.901e-07  ASYNC_DFFHx1_ASAP7_75t_R
transtop/sp/memory_reg_26__2_  0.0009958   4.921e-05    0.001045   2.901e-07  ASYNC_DFFHx1_ASAP7_75t_R
transtop/sp/memory_reg_62__0_  0.0009953    4.96e-05    0.001045   2.901e-07  ASYNC_DFFHx1_ASAP7_75t_R
transtop/sp/memory_reg_62__4_   0.000996   4.893e-05    0.001045   2.901e-07  ASYNC_DFFHx1_ASAP7_75t_R
transtop/sp/memory_reg_55__4_   0.000996   4.889e-05    0.001045   2.901e-07  ASYNC_DFFHx1_ASAP7_75t_R
transtop/sp/memory_reg_81__3_  0.0009961   4.879e-05    0.001045   2.901e-07  ASYNC_DFFHx1_ASAP7_75t_R
transtop/sp/memory_reg_3__0_    0.000996   4.888e-05    0.001045   2.901e-07  ASYNC_DFFHx1_ASAP7_75t_R
transtop/sp/memory_reg_52__4_  0.0009959   4.889e-05    0.001045   2.901e-07  ASYNC_DFFHx1_ASAP7_75t_R
transtop/sp/memory_reg_5__4_   0.0009959   4.888e-05    0.001045   2.901e-07  ASYNC_DFFHx1_ASAP7_75t_R
transtop/sp/memory_reg_10__1_  0.0009961   4.874e-05    0.001045   2.901e-07  ASYNC_DFFHx1_ASAP7_75t_R
transtop/sp/memory_reg_16__2_   0.000996   4.876e-05    0.001045   2.901e-07  ASYNC_DFFHx1_ASAP7_75t_R
transtop/sp/memory_reg_42__4_  0.0009957     4.9e-05    0.001045   2.901e-07  ASYNC_DFFHx1_ASAP7_75t_R
transtop/sp/memory_reg_10__4_   0.000996   4.872e-05    0.001045   2.901e-07  ASYNC_DFFHx1_ASAP7_75t_R
transtop/sp/memory_reg_23__4_  0.0009958   4.893e-05    0.001045   2.901e-07  ASYNC_DFFHx1_ASAP7_75t_R
transtop/sp/memory_reg_81__2_   0.000996   4.864e-05    0.001045   2.901e-07  ASYNC_DFFHx1_ASAP7_75t_R
transtop/sp/memory_reg_17__3_  0.0009957   4.893e-05    0.001045   2.901e-07  ASYNC_DFFHx1_ASAP7_75t_R
transtop/sp/memory_reg_34__4_  0.0009957   4.897e-05    0.001045   2.901e-07  ASYNC_DFFHx1_ASAP7_75t_R
transtop/sp/memory_reg_83__1_   0.000996   4.862e-05    0.001045   2.901e-07  ASYNC_DFFHx1_ASAP7_75t_R
transtop/sp/memory_reg_58__3_  0.0009957   4.881e-05    0.001045   2.901e-07  ASYNC_DFFHx1_ASAP7_75t_R
transtop/sp/memory_reg_92__1_  0.0009957   4.876e-05    0.001045   2.901e-07  ASYNC_DFFHx1_ASAP7_75t_R
transtop/sp/memory_reg_18__1_   0.000996   4.848e-05    0.001045   2.901e-07  ASYNC_DFFHx1_ASAP7_75t_R
transtop/sp/memory_reg_65__4_   0.000996   4.841e-05    0.001045   2.901e-07  ASYNC_DFFHx1_ASAP7_75t_R
transtop/sp/memory_reg_48__4_  0.0009954   4.895e-05    0.001045   2.901e-07  ASYNC_DFFHx1_ASAP7_75t_R
transtop/sp/memory_reg_13__3_  0.0009959   4.834e-05    0.001045   2.901e-07  ASYNC_DFFHx1_ASAP7_75t_R
transtop/sp/memory_reg_89__0_  0.0009958   4.852e-05    0.001045   2.901e-07  ASYNC_DFFHx1_ASAP7_75t_R
transtop/sp/memory_reg_11__3_  0.0009959   4.831e-05    0.001045   2.901e-07  ASYNC_DFFHx1_ASAP7_75t_R
transtop/sp/memory_reg_20__2_  0.0009959   4.827e-05    0.001045   2.901e-07  ASYNC_DFFHx1_ASAP7_75t_R
transtop/sp/memory_reg_4__0_    0.000996   4.824e-05    0.001045   2.901e-07  ASYNC_DFFHx1_ASAP7_75t_R
transtop/sp/memory_reg_67__4_  0.0009956    4.85e-05    0.001044   2.901e-07  ASYNC_DFFHx1_ASAP7_75t_R
transtop/sp/memory_reg_34__0_  0.0009955   4.868e-05    0.001044   2.901e-07  ASYNC_DFFHx1_ASAP7_75t_R
transtop/sp/memory_reg_55__2_   0.000996   4.817e-05    0.001044   2.901e-07  ASYNC_DFFHx1_ASAP7_75t_R
transtop/sp/memory_reg_10__2_   0.000996   4.814e-05    0.001044   2.901e-07  ASYNC_DFFHx1_ASAP7_75t_R
transtop/sp/memory_reg_63__1_  0.0009958   4.823e-05    0.001044   2.901e-07  ASYNC_DFFHx1_ASAP7_75t_R
transtop/sp/memory_reg_11__4_  0.0009956   4.831e-05    0.001044   2.901e-07  ASYNC_DFFHx1_ASAP7_75t_R
transtop/sp/memory_reg_3__3_    0.000996   4.798e-05    0.001044   2.901e-07  ASYNC_DFFHx1_ASAP7_75t_R
transtop/sp/memory_reg_43__1_   0.000996   4.798e-05    0.001044   2.901e-07  ASYNC_DFFHx1_ASAP7_75t_R
transtop/sp/memory_reg_85__0_   0.000996   4.794e-05    0.001044   2.901e-07  ASYNC_DFFHx1_ASAP7_75t_R
transtop/sp/memory_reg_7__2_    0.000996    4.79e-05    0.001044   2.901e-07  ASYNC_DFFHx1_ASAP7_75t_R
transtop/sp/memory_reg_94__4_   0.000996   4.771e-05    0.001044   2.901e-07  ASYNC_DFFHx1_ASAP7_75t_R
transtop/sp/memory_reg_18__4_   0.000996   4.776e-05    0.001044   2.901e-07  ASYNC_DFFHx1_ASAP7_75t_R
transtop/sp/memory_reg_73__4_   0.000996   4.772e-05    0.001044   2.901e-07  ASYNC_DFFHx1_ASAP7_75t_R
transtop/sp/memory_reg_22__1_   0.000996   4.771e-05    0.001044   2.901e-07  ASYNC_DFFHx1_ASAP7_75t_R
transtop/sp/memory_reg_42__3_  0.0009957   4.787e-05    0.001044   2.901e-07  ASYNC_DFFHx1_ASAP7_75t_R
transtop/sp/memory_reg_67__2_  0.0009959   4.765e-05    0.001044   2.901e-07  ASYNC_DFFHx1_ASAP7_75t_R
transtop/sp/memory_reg_16__0_   0.000996   4.755e-05    0.001044   2.901e-07  ASYNC_DFFHx1_ASAP7_75t_R
transtop/sp/memory_reg_67__1_   0.000996   4.748e-05    0.001044   2.901e-07  ASYNC_DFFHx1_ASAP7_75t_R
transtop/sp/memory_reg_15__3_  0.0009959   4.754e-05    0.001044   2.901e-07  ASYNC_DFFHx1_ASAP7_75t_R
transtop/sp/memory_reg_56__0_  0.0009959    4.75e-05    0.001044   2.901e-07  ASYNC_DFFHx1_ASAP7_75t_R
transtop/sp/memory_reg_42__2_   0.000996   4.745e-05    0.001044   2.901e-07  ASYNC_DFFHx1_ASAP7_75t_R
transtop/sp/memory_reg_1__0_    0.000996   4.738e-05    0.001044   2.901e-07  ASYNC_DFFHx1_ASAP7_75t_R
transtop/sp/memory_reg_20__1_  0.0009959   4.746e-05    0.001044   2.901e-07  ASYNC_DFFHx1_ASAP7_75t_R
transtop/sp/memory_reg_75__0_  0.0009956   4.773e-05    0.001044   2.901e-07  ASYNC_DFFHx1_ASAP7_75t_R
transtop/sp/memory_reg_47__3_   0.000996   4.739e-05    0.001044   2.901e-07  ASYNC_DFFHx1_ASAP7_75t_R
transtop/sp/memory_reg_39__4_  0.0009957   4.758e-05    0.001044   2.901e-07  ASYNC_DFFHx1_ASAP7_75t_R
transtop/sp/memory_reg_22__4_  0.0009959   4.739e-05    0.001044   2.901e-07  ASYNC_DFFHx1_ASAP7_75t_R
transtop/sp/memory_reg_80__3_  0.0009959   4.736e-05    0.001044   2.901e-07  ASYNC_DFFHx1_ASAP7_75t_R
transtop/sp/memory_reg_27__0_   0.000996   4.731e-05    0.001044   2.901e-07  ASYNC_DFFHx1_ASAP7_75t_R
transtop/sp/memory_reg_68__3_  0.0009954   4.788e-05    0.001044   2.901e-07  ASYNC_DFFHx1_ASAP7_75t_R
transtop/sp/memory_reg_64__4_  0.0009957   4.748e-05    0.001043   2.901e-07  ASYNC_DFFHx1_ASAP7_75t_R
transtop/sp/memory_reg_29__4_  0.0009959   4.725e-05    0.001043   2.901e-07  ASYNC_DFFHx1_ASAP7_75t_R
transtop/sp/memory_reg_6__0_    0.000996   4.719e-05    0.001043   2.901e-07  ASYNC_DFFHx1_ASAP7_75t_R
transtop/sp/memory_reg_26__0_   0.000996   4.716e-05    0.001043   2.901e-07  ASYNC_DFFHx1_ASAP7_75t_R
transtop/sp/memory_reg_37__4_  0.0009957   4.735e-05    0.001043   2.901e-07  ASYNC_DFFHx1_ASAP7_75t_R
transtop/sp/memory_reg_11__1_   0.000996   4.704e-05    0.001043   2.901e-07  ASYNC_DFFHx1_ASAP7_75t_R
transtop/sp/memory_reg_92__0_   0.000996   4.704e-05    0.001043   2.901e-07  ASYNC_DFFHx1_ASAP7_75t_R
transtop/sp/memory_reg_37__3_  0.0009957   4.721e-05    0.001043   2.901e-07  ASYNC_DFFHx1_ASAP7_75t_R
transtop/sp/memory_reg_76__3_  0.0009957   4.719e-05    0.001043   2.901e-07  ASYNC_DFFHx1_ASAP7_75t_R
transtop/sp/memory_reg_45__2_   0.000996   4.696e-05    0.001043   2.901e-07  ASYNC_DFFHx1_ASAP7_75t_R
transtop/sp/memory_reg_70__3_   0.000996   4.691e-05    0.001043   2.901e-07  ASYNC_DFFHx1_ASAP7_75t_R
transtop/sp/memory_reg_24__2_  0.0009959   4.696e-05    0.001043   2.901e-07  ASYNC_DFFHx1_ASAP7_75t_R
transtop/sp/memory_reg_56__4_   0.000996   4.689e-05    0.001043   2.901e-07  ASYNC_DFFHx1_ASAP7_75t_R
transtop/sp/memory_reg_61__4_   0.000996   4.691e-05    0.001043   2.901e-07  ASYNC_DFFHx1_ASAP7_75t_R
transtop/sp/memory_reg_59__4_   0.000996   4.689e-05    0.001043   2.901e-07  ASYNC_DFFHx1_ASAP7_75t_R
transtop/sp/memory_reg_20__4_  0.0009959   4.693e-05    0.001043   2.901e-07  ASYNC_DFFHx1_ASAP7_75t_R
transtop/sp/memory_reg_53__3_  0.0009959    4.69e-05    0.001043   2.901e-07  ASYNC_DFFHx1_ASAP7_75t_R
transtop/sp/memory_reg_93__4_  0.0009959   4.685e-05    0.001043   2.901e-07  ASYNC_DFFHx1_ASAP7_75t_R
transtop/sp/memory_reg_60__3_   0.000996   4.679e-05    0.001043   2.901e-07  ASYNC_DFFHx1_ASAP7_75t_R
transtop/sp/memory_reg_3__1_   0.0009959   4.681e-05    0.001043   2.901e-07  ASYNC_DFFHx1_ASAP7_75t_R
transtop/sp/memory_reg_70__2_   0.000996   4.674e-05    0.001043   2.901e-07  ASYNC_DFFHx1_ASAP7_75t_R
transtop/sp/memory_reg_23__3_  0.0009953   4.734e-05    0.001043   2.901e-07  ASYNC_DFFHx1_ASAP7_75t_R
transtop/sp/memory_reg_4__4_   0.0009959   4.675e-05    0.001043   2.901e-07  ASYNC_DFFHx1_ASAP7_75t_R
transtop/sp/memory_reg_46__3_  0.0009957   4.689e-05    0.001043   2.901e-07  ASYNC_DFFHx1_ASAP7_75t_R
transtop/sp/memory_reg_29__2_   0.000996   4.654e-05    0.001043   2.901e-07  ASYNC_DFFHx1_ASAP7_75t_R
transtop/sp/memory_reg_27__1_  0.0009956   4.687e-05    0.001043   2.901e-07  ASYNC_DFFHx1_ASAP7_75t_R
transtop/sp/memory_reg_54__4_  0.0009959   4.653e-05    0.001043   2.901e-07  ASYNC_DFFHx1_ASAP7_75t_R
transtop/sp/memory_reg_87__1_  0.0009959   4.638e-05    0.001043   2.901e-07  ASYNC_DFFHx1_ASAP7_75t_R
transtop/sp/memory_reg_0__0_    0.000996   4.629e-05    0.001043   2.901e-07  ASYNC_DFFHx1_ASAP7_75t_R
transtop/sp/memory_reg_7__0_   0.0009957   4.652e-05    0.001043   2.901e-07  ASYNC_DFFHx1_ASAP7_75t_R
transtop/sp/memory_reg_68__4_  0.0009957   4.651e-05    0.001043   2.901e-07  ASYNC_DFFHx1_ASAP7_75t_R
transtop/sp/memory_reg_44__0_  0.0009959   4.634e-05    0.001043   2.901e-07  ASYNC_DFFHx1_ASAP7_75t_R
transtop/sp/memory_reg_14__1_  0.0009957   4.644e-05    0.001042   2.901e-07  ASYNC_DFFHx1_ASAP7_75t_R
transtop/sp/memory_reg_25__4_  0.0009959   4.626e-05    0.001042   2.901e-07  ASYNC_DFFHx1_ASAP7_75t_R
transtop/sp/memory_reg_90__1_  0.0009956   4.649e-05    0.001042   2.901e-07  ASYNC_DFFHx1_ASAP7_75t_R
transtop/sp/memory_reg_18__3_  0.0009957   4.635e-05    0.001042   2.901e-07  ASYNC_DFFHx1_ASAP7_75t_R
transtop/sp/memory_reg_0__4_    0.000996   4.611e-05    0.001042   2.901e-07  ASYNC_DFFHx1_ASAP7_75t_R
transtop/sp/memory_reg_21__4_  0.0009959   4.606e-05    0.001042   2.901e-07  ASYNC_DFFHx1_ASAP7_75t_R
transtop/sp/memory_reg_74__1_   0.000996   4.596e-05    0.001042   2.901e-07  ASYNC_DFFHx1_ASAP7_75t_R
transtop/sp/memory_reg_32__3_  0.0009955   4.641e-05    0.001042   2.901e-07  ASYNC_DFFHx1_ASAP7_75t_R
transtop/sp/memory_reg_60__4_  0.0009957   4.614e-05    0.001042   2.901e-07  ASYNC_DFFHx1_ASAP7_75t_R
transtop/sp/memory_reg_33__0_   0.000996   4.585e-05    0.001042   2.901e-07  ASYNC_DFFHx1_ASAP7_75t_R
transtop/sp/memory_reg_51__3_   0.000996   4.571e-05    0.001042   2.901e-07  ASYNC_DFFHx1_ASAP7_75t_R
transtop/sp/memory_reg_51__1_  0.0009959   4.572e-05    0.001042   2.901e-07  ASYNC_DFFHx1_ASAP7_75t_R
transtop/sp/memory_reg_74__2_  0.0009957   4.583e-05    0.001042   2.901e-07  ASYNC_DFFHx1_ASAP7_75t_R
transtop/sp/memory_reg_43__2_   0.000996   4.545e-05    0.001042   2.901e-07  ASYNC_DFFHx1_ASAP7_75t_R
transtop/sp/memory_reg_91__1_   0.000996   4.541e-05    0.001042   2.901e-07  ASYNC_DFFHx1_ASAP7_75t_R
transtop/sp/memory_reg_25__0_  0.0009957   4.564e-05    0.001042   2.901e-07  ASYNC_DFFHx1_ASAP7_75t_R
transtop/sp/memory_reg_8__0_    0.000996   4.511e-05    0.001041   2.901e-07  ASYNC_DFFHx1_ASAP7_75t_R
transtop/sp/memory_reg_9__0_    0.000996   4.508e-05    0.001041   2.901e-07  ASYNC_DFFHx1_ASAP7_75t_R
transtop/sp/memory_reg_73__3_  0.0009957   4.529e-05    0.001041   2.901e-07  ASYNC_DFFHx1_ASAP7_75t_R
transtop/sp/memory_reg_57__2_  0.0009957   4.521e-05    0.001041   2.901e-07  ASYNC_DFFHx1_ASAP7_75t_R
transtop/sp/memory_reg_24__1_   0.000996   4.473e-05    0.001041   2.901e-07  ASYNC_DFFHx1_ASAP7_75t_R
transtop/sp/memory_reg_76__1_  0.0009957   4.468e-05    0.001041   2.901e-07  ASYNC_DFFHx1_ASAP7_75t_R
transtop/sp/memory_reg_16__3_   0.000996   4.353e-05     0.00104   2.901e-07  ASYNC_DFFHx1_ASAP7_75t_R
transtop/tfsm/current_state_reg_0_  0.0009277   0.0001091    0.001037   2.913e-07  ASYNC_DFFHx1_ASAP7_75t_R
comtop_coo_index_reg_2_        0.0009227   9.986e-05    0.001023    2.91e-07  ASYNC_DFFHx1_ASAP7_75t_R
argtop_done_arg_reg            0.0009761   3.546e-05    0.001012    2.85e-07  ASYNC_DFFHx1_ASAP7_75t_R
argtop_read_row_reg_1_          0.000916   9.474e-05    0.001011   2.894e-07  ASYNC_DFFHx1_ASAP7_75t_R
argtop_read_row_reg_2_         0.0009199   6.749e-05   0.0009877   2.891e-07  ASYNC_DFFHx1_ASAP7_75t_R
argtop_read_row_reg_0_         0.0009048   7.009e-05   0.0009752   2.902e-07  ASYNC_DFFHx1_ASAP7_75t_R
transtop/mem/delayed_transition_reg  0.0009203   4.878e-05   0.0009694   2.907e-07  ASYNC_DFFHx1_ASAP7_75t_R
comtop_weight_counter_reg_1_   0.0008514   9.509e-05   0.0009468   2.912e-07  ASYNC_DFFHx1_ASAP7_75t_R
transtop/mem/primary_count_reg_2_  0.0008915   5.295e-05   0.0009448   2.907e-07  ASYNC_DFFHx1_ASAP7_75t_R
transtop/mem/primary_count_reg_0_   0.000845   9.738e-05   0.0009426   2.906e-07  ASYNC_DFFHx1_ASAP7_75t_R
comtop_coo_counter_reg_2_      0.0008814    5.87e-05   0.0009404    2.91e-07  ASYNC_DFFHx1_ASAP7_75t_R
transtop/sp/FE_OFC44_reset      3.39e-05   0.0008832   0.0009171   5.116e-08  HB1xp67_ASAP7_75t_R
comtop_weight_counter_reg_0_   0.0008516   5.149e-05   0.0009034   2.913e-07  ASYNC_DFFHx1_ASAP7_75t_R
comtop_weight_counter_reg_2_   0.0008322   4.877e-05   0.0008813   2.911e-07  ASYNC_DFFHx1_ASAP7_75t_R
argtop_max_addi_ans_reg_5__1_   0.000817   4.353e-05   0.0008608   2.914e-07  ASYNC_DFFHx1_ASAP7_75t_R
argtop_max_addi_ans_reg_4__0_  0.0008187   3.682e-05   0.0008559   2.914e-07  ASYNC_DFFHx1_ASAP7_75t_R
argtop_max_addi_ans_reg_3__0_   0.000817   2.878e-05    0.000846   2.914e-07  ASYNC_DFFHx1_ASAP7_75t_R
transtop/tfsm/U58              2.018e-05   0.0005551   0.0005753   3.306e-08  NAND2xp33_ASAP7_75t_R
transtop/tfsm/U14               8.41e-06    0.000457   0.0004654   1.679e-08  INVxp33_ASAP7_75t_R
transtop/mem/U6                 2.15e-05   0.0003586   0.0003801   2.687e-08  NOR2xp33_ASAP7_75t_R
transtop/tfsm/weight_count_reg_0_  0.0002082   0.0001251   0.0003335   1.858e-07  DHLx1_ASAP7_75t_R
transtop/tfsm/U8               1.474e-05   0.0003034   0.0003181    3.14e-08  NAND2xp33_ASAP7_75t_R
transtop/tfsm/feature_count_reg_0_  0.0001929   9.117e-05   0.0002843   1.861e-07  DHLx1_ASAP7_75t_R
transtop/mem/U37               5.778e-05   0.0001969   0.0002547   3.186e-08  NOR2xp33_ASAP7_75t_R
transtop/tfsm/U13              1.508e-05   0.0002305   0.0002456    3.35e-08  NAND2xp33_ASAP7_75t_R
transtop/mem/U13               4.749e-05   0.0001969   0.0002444   3.112e-08  NOR3xp33_ASAP7_75t_R
transtop/tfsm/U4               1.705e-05    0.000215   0.0002321   4.974e-08  OAI21xp33_ASAP7_75t_R
transtop/fwcr/U10              9.239e-06   0.0002228   0.0002321   3.068e-08  NOR2xp33_ASAP7_75t_R
transtop/fwcr/U8               2.271e-05   0.0001994   0.0002222    8.86e-08  A2O1A1Ixp33_ASAP7_75t_R
transtop/tfsm/U33              1.838e-05   0.0002033   0.0002217   3.903e-08  NOR3xp33_ASAP7_75t_R
transtop/tfsm/U70              2.398e-05   0.0001532   0.0001772   5.851e-08  NAND2xp5_ASAP7_75t_R
U127                           1.895e-05   0.0001533   0.0001722   2.563e-08  NOR2xp33_ASAP7_75t_R
U119                           1.216e-05   0.0001588   0.0001709   1.708e-08  INVxp33_ASAP7_75t_R
transtop/tfsm/feature_count_reg_1_  0.0001517   1.534e-05   0.0001673   1.853e-07  DHLx1_ASAP7_75t_R
U121                           9.235e-06   0.0001575   0.0001668   1.744e-08  INVxp33_ASAP7_75t_R
U144                           6.722e-06   0.0001588   0.0001656   1.679e-08  INVxp33_ASAP7_75t_R
transtop/tfsm/feature_count_reg_2_  0.0001476   6.979e-06   0.0001548   1.853e-07  DHLx1_ASAP7_75t_R
transtop/tfsm/feature_count_reg_10_   0.000147   7.525e-06   0.0001547   1.853e-07  DHLx1_ASAP7_75t_R
transtop/tfsm/feature_count_reg_9_   0.000147   6.497e-06   0.0001537   1.853e-07  DHLx1_ASAP7_75t_R
transtop/tfsm/feature_count_reg_4_   0.000147   5.409e-06   0.0001526   1.853e-07  DHLx1_ASAP7_75t_R
transtop/tfsm/feature_count_reg_7_   0.000147    5.26e-06   0.0001524   1.853e-07  DHLx1_ASAP7_75t_R
transtop/tfsm/feature_count_reg_11_   0.000147   5.205e-06   0.0001524   1.853e-07  DHLx1_ASAP7_75t_R
transtop/tfsm/feature_count_reg_12_   0.000147   4.593e-06   0.0001518   1.853e-07  DHLx1_ASAP7_75t_R
transtop/tfsm/feature_count_reg_5_   0.000147   4.404e-06   0.0001516   1.853e-07  DHLx1_ASAP7_75t_R
transtop/mem/U40               5.945e-05   9.206e-05   0.0001516   3.358e-08  NAND2xp33_ASAP7_75t_R
U152                           1.844e-05   0.0001328   0.0001512   2.974e-08  NOR2xp33_ASAP7_75t_R
transtop/tfsm/feature_count_reg_8_   0.000147   3.723e-06   0.0001509   1.853e-07  DHLx1_ASAP7_75t_R
transtop/tfsm/feature_count_reg_3_   0.000147   2.911e-06   0.0001501   1.853e-07  DHLx1_ASAP7_75t_R
transtop/tfsm/feature_count_reg_6_  0.0001469   1.995e-06   0.0001491   1.853e-07  DHLx1_ASAP7_75t_R
transtop/tfsm/weight_count_reg_1_  0.0001312     1.4e-05   0.0001454   1.829e-07  DHLx1_ASAP7_75t_R
transtop/sp/U1320              5.447e-05   8.045e-05    0.000135   7.929e-08  A2O1A1Ixp33_ASAP7_75t_R
transtop/sp/U735               5.255e-05   8.177e-05   0.0001344   7.929e-08  A2O1A1Ixp33_ASAP7_75t_R
transtop/sp/U958               5.435e-05   7.956e-05    0.000134   7.929e-08  A2O1A1Ixp33_ASAP7_75t_R
transtop/tfsm/weight_count_reg_2_  0.0001258   7.898e-06   0.0001339   1.827e-07  DHLx1_ASAP7_75t_R
transtop/sp/U1512              5.449e-05   7.905e-05   0.0001336   7.929e-08  A2O1A1Ixp33_ASAP7_75t_R
transtop/sp/U221               5.448e-05   7.849e-05    0.000133   7.929e-08  A2O1A1Ixp33_ASAP7_75t_R
transtop/sp/U600                5.26e-05   7.857e-05   0.0001312   7.929e-08  A2O1A1Ixp33_ASAP7_75t_R
transtop/sp/U726               5.244e-05   7.856e-05   0.0001311   7.929e-08  A2O1A1Ixp33_ASAP7_75t_R
transtop/sp/U1155              5.244e-05   7.844e-05    0.000131   7.929e-08  A2O1A1Ixp33_ASAP7_75t_R
transtop/tfsm/weight_count_reg_5_  0.0001244   6.154e-06   0.0001307   1.827e-07  DHLx1_ASAP7_75t_R
transtop/tfsm/weight_count_reg_12_  0.0001242   6.173e-06   0.0001306   1.827e-07  DHLx1_ASAP7_75t_R
transtop/sp/U437                5.24e-05   7.792e-05   0.0001304   7.929e-08  A2O1A1Ixp33_ASAP7_75t_R
transtop/sp/U394               5.246e-05   7.769e-05   0.0001302   7.929e-08  A2O1A1Ixp33_ASAP7_75t_R
transtop/tfsm/weight_count_reg_11_  0.0001242   5.695e-06   0.0001301   1.827e-07  DHLx1_ASAP7_75t_R
transtop/tfsm/weight_count_reg_7_  0.0001212   8.676e-06     0.00013   1.827e-07  DHLx1_ASAP7_75t_R
transtop/sp/U224               5.267e-05   7.716e-05   0.0001299   7.902e-08  A2O1A1Ixp33_ASAP7_75t_R
transtop/sp/U744               5.194e-05   7.775e-05   0.0001298   7.929e-08  A2O1A1Ixp33_ASAP7_75t_R
transtop/sp/U1104              5.128e-05   7.829e-05   0.0001297   7.902e-08  A2O1A1Ixp33_ASAP7_75t_R
transtop/tfsm/weight_count_reg_10_  0.0001212   8.239e-06   0.0001296   1.827e-07  DHLx1_ASAP7_75t_R
transtop/sp/U119               5.151e-05   7.755e-05   0.0001291   7.902e-08  A2O1A1Ixp33_ASAP7_75t_R
transtop/sp/U1113              4.955e-05   7.948e-05   0.0001291   7.929e-08  A2O1A1Ixp33_ASAP7_75t_R
transtop/tfsm/weight_count_reg_4_  0.0001215   7.401e-06   0.0001291   1.827e-07  DHLx1_ASAP7_75t_R
transtop/sp/U546               4.917e-05   7.984e-05   0.0001291   7.902e-08  A2O1A1Ixp33_ASAP7_75t_R
transtop/sp/U110               5.457e-05   7.433e-05    0.000129   7.929e-08  A2O1A1Ixp33_ASAP7_75t_R
transtop/sp/U711               5.175e-05    7.71e-05   0.0001289   7.902e-08  A2O1A1Ixp33_ASAP7_75t_R
transtop/sp/U1003              5.211e-05   7.565e-05   0.0001278   7.902e-08  A2O1A1Ixp33_ASAP7_75t_R
transtop/sp/U1497              5.243e-05   7.462e-05   0.0001271   7.929e-08  A2O1A1Ixp33_ASAP7_75t_R
transtop/sp/U1248              5.456e-05   7.246e-05   0.0001271   7.929e-08  A2O1A1Ixp33_ASAP7_75t_R
transtop/sp/U104               4.952e-05   7.745e-05    0.000127   7.929e-08  A2O1A1Ixp33_ASAP7_75t_R
transtop/sp/U1221              5.457e-05   7.239e-05    0.000127   7.929e-08  A2O1A1Ixp33_ASAP7_75t_R
transtop/tfsm/weight_count_reg_8_  0.0001211   5.693e-06    0.000127   1.827e-07  DHLx1_ASAP7_75t_R
transtop/sp/U414               4.992e-05    7.69e-05   0.0001269   7.929e-08  A2O1A1Ixp33_ASAP7_75t_R
transtop/sp/U741                 5.2e-05   7.448e-05   0.0001266   7.929e-08  A2O1A1Ixp33_ASAP7_75t_R
transtop/sp/U1107              5.278e-05   7.356e-05   0.0001264   7.929e-08  A2O1A1Ixp33_ASAP7_75t_R
transtop/sp/U182               5.045e-05   7.583e-05   0.0001264   7.929e-08  A2O1A1Ixp33_ASAP7_75t_R
transtop/sp/U473               5.151e-05   7.447e-05   0.0001261   7.929e-08  A2O1A1Ixp33_ASAP7_75t_R
transtop/sp/U362               4.911e-05   7.677e-05    0.000126   7.902e-08  A2O1A1Ixp33_ASAP7_75t_R
transtop/sp/U1059              5.151e-05   7.425e-05   0.0001258   7.902e-08  A2O1A1Ixp33_ASAP7_75t_R
transtop/sp/U482               5.143e-05   7.424e-05   0.0001258   7.929e-08  A2O1A1Ixp33_ASAP7_75t_R
transtop/sp/U272               5.213e-05   7.348e-05   0.0001257   7.902e-08  A2O1A1Ixp33_ASAP7_75t_R
transtop/sp/U1125              5.268e-05    7.29e-05   0.0001257   7.929e-08  A2O1A1Ixp33_ASAP7_75t_R
transtop/sp/U1021              5.149e-05   7.408e-05   0.0001256   7.902e-08  A2O1A1Ixp33_ASAP7_75t_R
transtop/sp/U1422              5.408e-05   7.133e-05   0.0001255   7.902e-08  A2O1A1Ixp33_ASAP7_75t_R
transtop/sp/U446               5.198e-05   7.318e-05   0.0001252   7.929e-08  A2O1A1Ixp33_ASAP7_75t_R
transtop/sp/U134               5.193e-05   7.312e-05   0.0001251   7.929e-08  A2O1A1Ixp33_ASAP7_75t_R
transtop/sp/U1242              5.207e-05   7.283e-05    0.000125   7.902e-08  A2O1A1Ixp33_ASAP7_75t_R
transtop/sp/U1416              5.157e-05   7.328e-05   0.0001249   7.929e-08  A2O1A1Ixp33_ASAP7_75t_R
transtop/sp/U967                5.05e-05    7.39e-05   0.0001245   7.929e-08  A2O1A1Ixp33_ASAP7_75t_R
transtop/sp/U137                5.22e-05   7.215e-05   0.0001244   7.902e-08  A2O1A1Ixp33_ASAP7_75t_R
transtop/sp/U531                5.03e-05   7.402e-05   0.0001244   7.929e-08  A2O1A1Ixp33_ASAP7_75t_R
transtop/sp/U928               5.038e-05   7.392e-05   0.0001244   7.929e-08  A2O1A1Ixp33_ASAP7_75t_R
transtop/sp/U523               4.945e-05   7.471e-05   0.0001242   7.929e-08  A2O1A1Ixp33_ASAP7_75t_R
transtop/sp/U1461              5.256e-05   7.153e-05   0.0001242   7.929e-08  A2O1A1Ixp33_ASAP7_75t_R
transtop/sp/U922               5.223e-05   7.175e-05   0.0001241   7.902e-08  A2O1A1Ixp33_ASAP7_75t_R
transtop/tfsm/weight_count_reg_6_   0.000121   2.652e-06   0.0001238   1.827e-07  DHLx1_ASAP7_75t_R
transtop/sp/U591               5.146e-05   7.228e-05   0.0001238   7.902e-08  A2O1A1Ixp33_ASAP7_75t_R
transtop/sp/U77                5.457e-05   6.916e-05   0.0001238   7.929e-08  A2O1A1Ixp33_ASAP7_75t_R
transtop/sp/U1218              5.062e-05   7.304e-05   0.0001237   7.929e-08  A2O1A1Ixp33_ASAP7_75t_R
transtop/sp/U305               5.245e-05   7.117e-05   0.0001237   7.929e-08  A2O1A1Ixp33_ASAP7_75t_R
transtop/sp/U838                5.03e-05   7.328e-05   0.0001237   7.902e-08  A2O1A1Ixp33_ASAP7_75t_R
transtop/sp/U955               5.059e-05   7.288e-05   0.0001235   7.929e-08  A2O1A1Ixp33_ASAP7_75t_R
transtop/sp/U452               4.947e-05   7.386e-05   0.0001234   7.929e-08  A2O1A1Ixp33_ASAP7_75t_R
transtop/tfsm/weight_count_reg_3_  0.0001207   2.446e-06   0.0001233   1.827e-07  DHLx1_ASAP7_75t_R
transtop/sp/U122               5.197e-05   7.121e-05   0.0001233   7.929e-08  A2O1A1Ixp33_ASAP7_75t_R
transtop/tfsm/weight_count_reg_9_   0.000121   1.931e-06   0.0001231   1.827e-07  DHLx1_ASAP7_75t_R
transtop/sp/U1251              5.149e-05   7.154e-05   0.0001231   7.929e-08  A2O1A1Ixp33_ASAP7_75t_R
transtop/sp/U1143              5.195e-05   7.106e-05   0.0001231   7.929e-08  A2O1A1Ixp33_ASAP7_75t_R
transtop/sp/U1287              5.265e-05   7.032e-05    0.000123   7.902e-08  A2O1A1Ixp33_ASAP7_75t_R
transtop/sp/U862               5.466e-05    6.82e-05   0.0001229   7.929e-08  A2O1A1Ixp33_ASAP7_75t_R
transtop/sp/U1539              5.036e-05   7.238e-05   0.0001228   7.902e-08  A2O1A1Ixp33_ASAP7_75t_R
transtop/sp/U639               5.035e-05   7.225e-05   0.0001227   7.902e-08  A2O1A1Ixp33_ASAP7_75t_R
transtop/sp/U503               5.194e-05   7.065e-05   0.0001227   7.929e-08  A2O1A1Ixp33_ASAP7_75t_R
U100                           9.407e-06    0.000113   0.0001224   1.716e-08  INVxp33_ASAP7_75t_R
transtop/sp/U320               5.254e-05   6.977e-05   0.0001224   7.929e-08  A2O1A1Ixp33_ASAP7_75t_R
transtop/sp/U868               5.243e-05   6.986e-05   0.0001224   7.929e-08  A2O1A1Ixp33_ASAP7_75t_R
transtop/sp/U512               5.034e-05   7.168e-05   0.0001221   7.902e-08  A2O1A1Ixp33_ASAP7_75t_R
transtop/sp/U1521              5.216e-05   6.972e-05    0.000122   7.902e-08  A2O1A1Ixp33_ASAP7_75t_R
transtop/sp/U384               5.029e-05   7.158e-05   0.0001219   7.902e-08  A2O1A1Ixp33_ASAP7_75t_R
U157                           5.599e-05    6.58e-05   0.0001219   7.743e-08  A2O1A1Ixp33_ASAP7_75t_R
transtop/sp/U1134              5.151e-05   7.018e-05   0.0001218   7.929e-08  A2O1A1Ixp33_ASAP7_75t_R
transtop/sp/U1440              5.194e-05   6.971e-05   0.0001217   7.902e-08  A2O1A1Ixp33_ASAP7_75t_R
transtop/sp/U1494              5.056e-05   7.107e-05   0.0001217   7.929e-08  A2O1A1Ixp33_ASAP7_75t_R
transtop/sp/U48                5.266e-05   6.871e-05   0.0001214   7.929e-08  A2O1A1Ixp33_ASAP7_75t_R
transtop/sp/U281               5.058e-05   7.075e-05   0.0001214   7.929e-08  A2O1A1Ixp33_ASAP7_75t_R
transtop/sp/U461               5.156e-05   6.974e-05   0.0001214   7.929e-08  A2O1A1Ixp33_ASAP7_75t_R
transtop/sp/U558               5.095e-05   7.033e-05   0.0001214   7.902e-08  A2O1A1Ixp33_ASAP7_75t_R
transtop/sp/U379               5.154e-05   6.973e-05   0.0001213   7.929e-08  A2O1A1Ixp33_ASAP7_75t_R
transtop/sp/U373               5.098e-05   7.005e-05   0.0001211   7.902e-08  A2O1A1Ixp33_ASAP7_75t_R
transtop/sp/U886               5.219e-05   6.877e-05    0.000121   7.902e-08  A2O1A1Ixp33_ASAP7_75t_R
transtop/sp/U1299              5.258e-05   6.837e-05    0.000121   7.929e-08  A2O1A1Ixp33_ASAP7_75t_R
transtop/sp/U910               5.142e-05   6.945e-05    0.000121   7.902e-08  A2O1A1Ixp33_ASAP7_75t_R
transtop/sp/U567               5.389e-05   6.693e-05   0.0001209   7.902e-08  A2O1A1Ixp33_ASAP7_75t_R
transtop/sp/U792               5.098e-05   6.974e-05   0.0001208   7.902e-08  A2O1A1Ixp33_ASAP7_75t_R
transtop/sp/U1116              5.193e-05   6.877e-05   0.0001208   7.929e-08  A2O1A1Ixp33_ASAP7_75t_R
transtop/sp/U543               5.043e-05   7.027e-05   0.0001208   7.929e-08  A2O1A1Ixp33_ASAP7_75t_R
transtop/sp/U95                5.052e-05    7.01e-05   0.0001207   7.929e-08  A2O1A1Ixp33_ASAP7_75t_R
transtop/sp/U783               5.147e-05   6.911e-05   0.0001207   7.929e-08  A2O1A1Ixp33_ASAP7_75t_R
transtop/sp/U173               5.097e-05   6.955e-05   0.0001206   7.902e-08  A2O1A1Ixp33_ASAP7_75t_R
transtop/sp/U1491              5.148e-05   6.902e-05   0.0001206   7.929e-08  A2O1A1Ixp33_ASAP7_75t_R
transtop/sp/U455               5.196e-05   6.853e-05   0.0001206   7.929e-08  A2O1A1Ixp33_ASAP7_75t_R
transtop/sp/U937               5.461e-05   6.571e-05   0.0001204   7.929e-08  A2O1A1Ixp33_ASAP7_75t_R
transtop/sp/U170               4.868e-05   7.163e-05   0.0001204   7.902e-08  A2O1A1Ixp33_ASAP7_75t_R
transtop/sp/U1533              5.255e-05   6.775e-05   0.0001204   7.902e-08  A2O1A1Ixp33_ASAP7_75t_R
transtop/sp/U98                5.197e-05   6.829e-05   0.0001203   7.929e-08  A2O1A1Ixp33_ASAP7_75t_R
transtop/sp/U215               5.141e-05   6.876e-05   0.0001203   7.902e-08  A2O1A1Ixp33_ASAP7_75t_R
transtop/sp/U720               5.142e-05   6.875e-05   0.0001203   7.929e-08  A2O1A1Ixp33_ASAP7_75t_R
transtop/sp/U1446              4.935e-05   7.082e-05   0.0001202   7.929e-08  A2O1A1Ixp33_ASAP7_75t_R
transtop/sp/U994               5.257e-05   6.749e-05   0.0001201   7.929e-08  A2O1A1Ixp33_ASAP7_75t_R
transtop/sp/U1257              5.242e-05   6.751e-05     0.00012   7.929e-08  A2O1A1Ixp33_ASAP7_75t_R
transtop/sp/U434               5.268e-05   6.713e-05   0.0001199   7.929e-08  A2O1A1Ixp33_ASAP7_75t_R
transtop/sp/U1407              5.052e-05   6.919e-05   0.0001198   7.929e-08  A2O1A1Ixp33_ASAP7_75t_R
transtop/sp/U810               5.267e-05   6.696e-05   0.0001197   7.929e-08  A2O1A1Ixp33_ASAP7_75t_R
transtop/sp/U636               5.145e-05   6.818e-05   0.0001197   7.902e-08  A2O1A1Ixp33_ASAP7_75t_R
transtop/sp/U161               5.183e-05   6.765e-05   0.0001196   7.929e-08  A2O1A1Ixp33_ASAP7_75t_R
transtop/sp/U167               5.054e-05   6.887e-05   0.0001195   7.929e-08  A2O1A1Ixp33_ASAP7_75t_R
transtop/sp/U801               5.093e-05   6.831e-05   0.0001193   7.902e-08  A2O1A1Ixp33_ASAP7_75t_R
transtop/sp/U597               5.195e-05   6.722e-05   0.0001193   7.929e-08  A2O1A1Ixp33_ASAP7_75t_R
transtop/sp/U488               5.193e-05   6.714e-05   0.0001191   7.929e-08  A2O1A1Ixp33_ASAP7_75t_R
transtop/sp/U399               5.238e-05   6.653e-05    0.000119   7.929e-08  A2O1A1Ixp33_ASAP7_75t_R
transtop/mem/U30               4.911e-05    6.98e-05    0.000119   5.837e-08  OAI21xp33_ASAP7_75t_R
transtop/sp/U1452              5.206e-05    6.68e-05   0.0001189   7.902e-08  A2O1A1Ixp33_ASAP7_75t_R
transtop/sp/U1128              5.027e-05    6.85e-05   0.0001189   7.902e-08  A2O1A1Ixp33_ASAP7_75t_R
transtop/sp/U708               5.029e-05   6.846e-05   0.0001188   7.902e-08  A2O1A1Ixp33_ASAP7_75t_R
transtop/sp/U675                5.05e-05   6.823e-05   0.0001188   7.929e-08  A2O1A1Ixp33_ASAP7_75t_R
transtop/sp/U1188              5.138e-05   6.727e-05   0.0001187   7.902e-08  A2O1A1Ixp33_ASAP7_75t_R
transtop/sp/U1476              5.056e-05   6.807e-05   0.0001187   7.929e-08  A2O1A1Ixp33_ASAP7_75t_R
transtop/sp/U1485              5.162e-05   6.694e-05   0.0001186   7.902e-08  A2O1A1Ixp33_ASAP7_75t_R
transtop/sp/U1296              5.266e-05   6.584e-05   0.0001186   7.929e-08  A2O1A1Ixp33_ASAP7_75t_R
transtop/sp/U42                5.054e-05    6.79e-05   0.0001185   7.929e-08  A2O1A1Ixp33_ASAP7_75t_R
transtop/sp/U203               5.195e-05   6.639e-05   0.0001184   7.929e-08  A2O1A1Ixp33_ASAP7_75t_R
transtop/sp/U1206              5.093e-05   6.733e-05   0.0001183   7.902e-08  A2O1A1Ixp33_ASAP7_75t_R
transtop/sp/U1503              5.117e-05   6.709e-05   0.0001183   7.902e-08  A2O1A1Ixp33_ASAP7_75t_R
transtop/sp/U552               5.411e-05   6.414e-05   0.0001183   7.902e-08  A2O1A1Ixp33_ASAP7_75t_R
transtop/sp/U370               5.145e-05   6.676e-05   0.0001183   7.929e-08  A2O1A1Ixp33_ASAP7_75t_R
transtop/sp/U367               5.403e-05   6.416e-05   0.0001183   7.902e-08  A2O1A1Ixp33_ASAP7_75t_R
transtop/sp/U732                5.14e-05   6.677e-05   0.0001183   7.902e-08  A2O1A1Ixp33_ASAP7_75t_R
transtop/sp/U101               5.218e-05   6.595e-05   0.0001182   7.902e-08  A2O1A1Ixp33_ASAP7_75t_R
transtop/sp/U865               5.211e-05   6.589e-05   0.0001181   7.902e-08  A2O1A1Ixp33_ASAP7_75t_R
transtop/sp/U612               5.265e-05   6.529e-05    0.000118   7.929e-08  A2O1A1Ixp33_ASAP7_75t_R
transtop/sp/U1122              5.051e-05   6.742e-05    0.000118   7.929e-08  A2O1A1Ixp33_ASAP7_75t_R
transtop/sp/U1317              5.447e-05   6.343e-05    0.000118   7.929e-08  A2O1A1Ixp33_ASAP7_75t_R
transtop/sp/U940               5.103e-05   6.686e-05    0.000118   7.902e-08  A2O1A1Ixp33_ASAP7_75t_R
transtop/sp/U1164               5.19e-05   6.599e-05    0.000118   7.929e-08  A2O1A1Ixp33_ASAP7_75t_R
transtop/sp/U1326               5.03e-05   6.744e-05   0.0001178   7.902e-08  A2O1A1Ixp33_ASAP7_75t_R
transtop/sp/U338               5.021e-05   6.748e-05   0.0001178   7.902e-08  A2O1A1Ixp33_ASAP7_75t_R
transtop/sp/U164               5.094e-05   6.673e-05   0.0001178   7.902e-08  A2O1A1Ixp33_ASAP7_75t_R
transtop/sp/U125               5.146e-05   6.621e-05   0.0001177   7.929e-08  A2O1A1Ixp33_ASAP7_75t_R
transtop/sp/U155               5.186e-05   6.578e-05   0.0001177   7.902e-08  A2O1A1Ixp33_ASAP7_75t_R
transtop/sp/U1035              5.131e-05   6.629e-05   0.0001177   7.902e-08  A2O1A1Ixp33_ASAP7_75t_R
transtop/sp/U1398              5.266e-05   6.495e-05   0.0001177   7.929e-08  A2O1A1Ixp33_ASAP7_75t_R
transtop/sp/U630               4.898e-05   6.859e-05   0.0001176   7.902e-08  A2O1A1Ixp33_ASAP7_75t_R
transtop/sp/U723               5.049e-05   6.704e-05   0.0001176   7.929e-08  A2O1A1Ixp33_ASAP7_75t_R
transtop/sp/U1179              4.893e-05   6.856e-05   0.0001176   7.902e-08  A2O1A1Ixp33_ASAP7_75t_R
transtop/sp/U92                5.142e-05   6.605e-05   0.0001175   7.902e-08  A2O1A1Ixp33_ASAP7_75t_R
transtop/sp/U519                5.25e-05   6.486e-05   0.0001174   7.929e-08  A2O1A1Ixp33_ASAP7_75t_R
transtop/sp/U1236              5.149e-05   6.587e-05   0.0001174   7.929e-08  A2O1A1Ixp33_ASAP7_75t_R
transtop/sp/U149               4.892e-05   6.843e-05   0.0001174   7.902e-08  A2O1A1Ixp33_ASAP7_75t_R
transtop/sp/U1140              5.129e-05   6.597e-05   0.0001173   7.902e-08  A2O1A1Ixp33_ASAP7_75t_R
transtop/sp/U1413              5.145e-05    6.58e-05   0.0001173   7.902e-08  A2O1A1Ixp33_ASAP7_75t_R
transtop/sp/U946               4.933e-05   6.786e-05   0.0001173   7.929e-08  A2O1A1Ixp33_ASAP7_75t_R
transtop/sp/U1239              5.016e-05     6.7e-05   0.0001172   7.929e-08  A2O1A1Ixp33_ASAP7_75t_R
transtop/sp/U1443              5.143e-05   6.564e-05   0.0001171   7.902e-08  A2O1A1Ixp33_ASAP7_75t_R
transtop/sp/U609               5.093e-05   6.612e-05   0.0001171   7.902e-08  A2O1A1Ixp33_ASAP7_75t_R
transtop/sp/U931               5.144e-05   6.557e-05   0.0001171   7.902e-08  A2O1A1Ixp33_ASAP7_75t_R
transtop/sp/U898               5.237e-05   6.459e-05    0.000117   7.929e-08  A2O1A1Ixp33_ASAP7_75t_R
transtop/sp/U527               5.139e-05   6.551e-05    0.000117   7.902e-08  A2O1A1Ixp33_ASAP7_75t_R
transtop/sp/U131               5.025e-05   6.658e-05   0.0001169   7.902e-08  A2O1A1Ixp33_ASAP7_75t_R
transtop/sp/U645               5.257e-05   6.424e-05   0.0001169   7.929e-08  A2O1A1Ixp33_ASAP7_75t_R
transtop/sp/U892               4.933e-05   6.748e-05   0.0001169   7.929e-08  A2O1A1Ixp33_ASAP7_75t_R
transtop/sp/U376                4.93e-05   6.749e-05   0.0001169   7.929e-08  A2O1A1Ixp33_ASAP7_75t_R
transtop/sp/U1230              5.184e-05   6.488e-05   0.0001168   7.929e-08  A2O1A1Ixp33_ASAP7_75t_R
transtop/sp/U573               5.264e-05   6.404e-05   0.0001168   7.929e-08  A2O1A1Ixp33_ASAP7_75t_R
transtop/sp/U777               4.894e-05    6.77e-05   0.0001167   7.902e-08  A2O1A1Ixp33_ASAP7_75t_R
transtop/sp/U678               5.141e-05   6.523e-05   0.0001167   7.902e-08  A2O1A1Ixp33_ASAP7_75t_R
transtop/sp/U1071              5.021e-05   6.633e-05   0.0001166   7.902e-08  A2O1A1Ixp33_ASAP7_75t_R
transtop/sp/U1065              5.094e-05   6.551e-05   0.0001165   7.902e-08  A2O1A1Ixp33_ASAP7_75t_R
transtop/sp/U823               5.274e-05   6.362e-05   0.0001164   7.902e-08  A2O1A1Ixp33_ASAP7_75t_R
transtop/sp/U1031              5.094e-05   6.541e-05   0.0001164   7.902e-08  A2O1A1Ixp33_ASAP7_75t_R
transtop/sp/U1077              5.195e-05   6.438e-05   0.0001164   7.929e-08  A2O1A1Ixp33_ASAP7_75t_R
transtop/sp/U934               5.196e-05   6.435e-05   0.0001164   7.929e-08  A2O1A1Ixp33_ASAP7_75t_R
transtop/sp/U615               5.015e-05   6.606e-05   0.0001163   7.902e-08  A2O1A1Ixp33_ASAP7_75t_R
transtop/sp/U1389               5.05e-05   6.564e-05   0.0001162   7.929e-08  A2O1A1Ixp33_ASAP7_75t_R
transtop/sp/U191               4.895e-05   6.719e-05   0.0001162   7.902e-08  A2O1A1Ixp33_ASAP7_75t_R
transtop/sp/U1302              5.241e-05   6.369e-05   0.0001162   7.929e-08  A2O1A1Ixp33_ASAP7_75t_R
transtop/sp/U1158              5.052e-05   6.554e-05   0.0001161   7.929e-08  A2O1A1Ixp33_ASAP7_75t_R
transtop/sp/U389               5.151e-05   6.444e-05    0.000116   7.929e-08  A2O1A1Ixp33_ASAP7_75t_R
transtop/sp/U1530              5.473e-05   6.117e-05    0.000116   7.929e-08  A2O1A1Ixp33_ASAP7_75t_R
transtop/sp/U515                5.16e-05   6.429e-05    0.000116   7.902e-08  A2O1A1Ixp33_ASAP7_75t_R
transtop/sp/U260               4.921e-05   6.666e-05   0.0001159   7.929e-08  A2O1A1Ixp33_ASAP7_75t_R
transtop/sp/U1266               5.02e-05   6.555e-05   0.0001158   7.902e-08  A2O1A1Ixp33_ASAP7_75t_R
transtop/sp/U1428               5.13e-05   6.441e-05   0.0001158   7.902e-08  A2O1A1Ixp33_ASAP7_75t_R
transtop/sp/U798               5.255e-05   6.314e-05   0.0001158   7.929e-08  A2O1A1Ixp33_ASAP7_75t_R
transtop/sp/U979               5.018e-05   6.541e-05   0.0001157   7.929e-08  A2O1A1Ixp33_ASAP7_75t_R
transtop/sp/U62                5.148e-05    6.41e-05   0.0001157   7.929e-08  A2O1A1Ixp33_ASAP7_75t_R
transtop/sp/U278               5.241e-05   6.316e-05   0.0001157   7.929e-08  A2O1A1Ixp33_ASAP7_75t_R
transtop/sp/U1149              5.016e-05   6.533e-05   0.0001156   7.929e-08  A2O1A1Ixp33_ASAP7_75t_R
transtop/sp/U976               5.023e-05   6.526e-05   0.0001156   7.902e-08  A2O1A1Ixp33_ASAP7_75t_R
transtop/sp/U287               5.092e-05   6.452e-05   0.0001155   7.902e-08  A2O1A1Ixp33_ASAP7_75t_R
transtop/sp/U750               5.088e-05   6.455e-05   0.0001155   7.902e-08  A2O1A1Ixp33_ASAP7_75t_R
transtop/sp/U308               4.929e-05   6.609e-05   0.0001155   7.929e-08  A2O1A1Ixp33_ASAP7_75t_R
transtop/sp/U314               5.049e-05   6.481e-05   0.0001154   7.929e-08  A2O1A1Ixp33_ASAP7_75t_R
transtop/sp/U795               5.021e-05   6.506e-05   0.0001153   7.902e-08  A2O1A1Ixp33_ASAP7_75t_R
transtop/sp/U904               5.152e-05   6.367e-05   0.0001153   7.929e-08  A2O1A1Ixp33_ASAP7_75t_R
transtop/sp/U500               5.023e-05   6.495e-05   0.0001153   7.929e-08  A2O1A1Ixp33_ASAP7_75t_R
transtop/sp/U877               5.237e-05   6.263e-05   0.0001151   7.929e-08  A2O1A1Ixp33_ASAP7_75t_R
transtop/sp/U1101              5.086e-05   6.408e-05    0.000115   7.902e-08  A2O1A1Ixp33_ASAP7_75t_R
transtop/sp/U771               4.956e-05   6.537e-05    0.000115   7.929e-08  A2O1A1Ixp33_ASAP7_75t_R
transtop/sp/U1410               5.09e-05   6.402e-05    0.000115   7.902e-08  A2O1A1Ixp33_ASAP7_75t_R
transtop/sp/U997                5.05e-05   6.438e-05    0.000115   7.929e-08  A2O1A1Ixp33_ASAP7_75t_R
transtop/sp/U762               5.463e-05   6.021e-05   0.0001149   7.929e-08  A2O1A1Ixp33_ASAP7_75t_R
transtop/sp/U1062              5.044e-05   6.432e-05   0.0001148   7.929e-08  A2O1A1Ixp33_ASAP7_75t_R
transtop/sp/U856               5.131e-05   6.344e-05   0.0001148   7.902e-08  A2O1A1Ixp33_ASAP7_75t_R
transtop/sp/U654                5.15e-05   6.325e-05   0.0001148   7.929e-08  A2O1A1Ixp33_ASAP7_75t_R
transtop/sp/U1095              5.125e-05   6.348e-05   0.0001148   7.902e-08  A2O1A1Ixp33_ASAP7_75t_R
transtop/sp/U293               5.189e-05   6.281e-05   0.0001148   7.929e-08  A2O1A1Ixp33_ASAP7_75t_R
transtop/sp/U1215              5.401e-05   6.067e-05   0.0001148   7.902e-08  A2O1A1Ixp33_ASAP7_75t_R
transtop/sp/U988               5.018e-05   6.449e-05   0.0001147   7.902e-08  A2O1A1Ixp33_ASAP7_75t_R
transtop/sp/U1536              5.187e-05   6.277e-05   0.0001147   7.929e-08  A2O1A1Ixp33_ASAP7_75t_R
transtop/sp/U290                5.45e-05   6.009e-05   0.0001147   7.929e-08  A2O1A1Ixp33_ASAP7_75t_R
transtop/sp/U952               5.032e-05   6.424e-05   0.0001146   7.929e-08  A2O1A1Ixp33_ASAP7_75t_R
transtop/sp/U985                5.02e-05   6.432e-05   0.0001146   7.902e-08  A2O1A1Ixp33_ASAP7_75t_R
transtop/sp/U1347              4.915e-05   6.528e-05   0.0001145   7.902e-08  A2O1A1Ixp33_ASAP7_75t_R
transtop/sp/U284                5.25e-05   6.172e-05   0.0001143   7.929e-08  A2O1A1Ixp33_ASAP7_75t_R
transtop/sp/U624               5.267e-05    6.14e-05   0.0001141   7.902e-08  A2O1A1Ixp33_ASAP7_75t_R
transtop/sp/U1068              5.021e-05    6.38e-05   0.0001141   7.902e-08  A2O1A1Ixp33_ASAP7_75t_R
transtop/sp/U236               5.047e-05   6.335e-05   0.0001139   7.929e-08  A2O1A1Ixp33_ASAP7_75t_R
transtop/sp/U1200              5.142e-05   6.229e-05   0.0001138   7.929e-08  A2O1A1Ixp33_ASAP7_75t_R
transtop/sp/U1015               5.45e-05    5.92e-05   0.0001138   7.929e-08  A2O1A1Ixp33_ASAP7_75t_R
transtop/sp/U311               5.091e-05   6.273e-05   0.0001137   7.902e-08  A2O1A1Ixp33_ASAP7_75t_R
transtop/sp/U1518               5.17e-05   6.191e-05   0.0001137   7.902e-08  A2O1A1Ixp33_ASAP7_75t_R
transtop/sp/U1197              5.266e-05   6.091e-05   0.0001137   7.929e-08  A2O1A1Ixp33_ASAP7_75t_R
transtop/sp/U266               5.132e-05   6.222e-05   0.0001136   7.902e-08  A2O1A1Ixp33_ASAP7_75t_R
transtop/sp/U1110              5.404e-05    5.95e-05   0.0001136   7.902e-08  A2O1A1Ixp33_ASAP7_75t_R
transtop/sp/U1009              4.953e-05     6.4e-05   0.0001136   7.929e-08  A2O1A1Ixp33_ASAP7_75t_R
transtop/sp/U847               5.134e-05   6.219e-05   0.0001136   7.929e-08  A2O1A1Ixp33_ASAP7_75t_R
transtop/sp/U479               5.014e-05   6.334e-05   0.0001136   7.902e-08  A2O1A1Ixp33_ASAP7_75t_R
transtop/sp/U827               5.248e-05   6.098e-05   0.0001135   7.929e-08  A2O1A1Ixp33_ASAP7_75t_R
transtop/sp/U738               5.187e-05   6.147e-05   0.0001134   7.929e-08  A2O1A1Ixp33_ASAP7_75t_R
transtop/sp/U1506              4.922e-05    6.41e-05   0.0001134   7.929e-08  A2O1A1Ixp33_ASAP7_75t_R
transtop/sp/U819               5.252e-05   6.076e-05   0.0001134   7.929e-08  A2O1A1Ixp33_ASAP7_75t_R
transtop/mem/U24               4.647e-05   6.678e-05   0.0001133   6.492e-08  OAI22xp33_ASAP7_75t_R
transtop/sp/U1329              5.022e-05     6.3e-05   0.0001133   7.902e-08  A2O1A1Ixp33_ASAP7_75t_R
transtop/sp/U1194              5.172e-05   6.148e-05   0.0001133   7.902e-08  A2O1A1Ixp33_ASAP7_75t_R
transtop/sp/U588               5.274e-05   6.042e-05   0.0001132   7.902e-08  A2O1A1Ixp33_ASAP7_75t_R
transtop/sp/U83                5.408e-05   5.906e-05   0.0001132   7.902e-08  A2O1A1Ixp33_ASAP7_75t_R
transtop/sp/U1305              4.922e-05   6.391e-05   0.0001132   7.929e-08  A2O1A1Ixp33_ASAP7_75t_R
transtop/sp/U1356              5.042e-05   6.267e-05   0.0001132   7.929e-08  A2O1A1Ixp33_ASAP7_75t_R
transtop/sp/U1089              5.136e-05   6.169e-05   0.0001131   7.929e-08  A2O1A1Ixp33_ASAP7_75t_R
transtop/sp/U1380              5.105e-05   6.199e-05   0.0001131   7.902e-08  A2O1A1Ixp33_ASAP7_75t_R
transtop/sp/U1344              5.135e-05   6.167e-05   0.0001131   7.902e-08  A2O1A1Ixp33_ASAP7_75t_R
transtop/sp/U152               5.046e-05   6.256e-05   0.0001131   7.929e-08  A2O1A1Ixp33_ASAP7_75t_R
transtop/sp/U813               5.265e-05   6.035e-05   0.0001131   7.929e-08  A2O1A1Ixp33_ASAP7_75t_R
transtop/sp/U880               5.244e-05   6.056e-05   0.0001131   7.929e-08  A2O1A1Ixp33_ASAP7_75t_R
transtop/sp/U1224               5.14e-05   6.155e-05    0.000113   7.902e-08  A2O1A1Ixp33_ASAP7_75t_R
transtop/sp/U1039              5.266e-05   6.029e-05    0.000113   7.929e-08  A2O1A1Ixp33_ASAP7_75t_R
transtop/sp/U230               5.148e-05   6.147e-05    0.000113   7.929e-08  A2O1A1Ixp33_ASAP7_75t_R
transtop/sp/U1332              5.124e-05   6.167e-05    0.000113   7.902e-08  A2O1A1Ixp33_ASAP7_75t_R
transtop/sp/U1482               5.41e-05   5.877e-05    0.000113   7.902e-08  A2O1A1Ixp33_ASAP7_75t_R
transtop/sp/U970               5.185e-05    6.09e-05   0.0001128   7.929e-08  A2O1A1Ixp33_ASAP7_75t_R
transtop/sp/U341               5.045e-05   6.226e-05   0.0001128   7.929e-08  A2O1A1Ixp33_ASAP7_75t_R
transtop/sp/U1080              5.015e-05   6.247e-05   0.0001127   7.929e-08  A2O1A1Ixp33_ASAP7_75t_R
transtop/sp/U1185              4.886e-05   6.375e-05   0.0001127   7.902e-08  A2O1A1Ixp33_ASAP7_75t_R
transtop/sp/U335               5.143e-05   6.118e-05   0.0001127   7.929e-08  A2O1A1Ixp33_ASAP7_75t_R
transtop/sp/U1311              5.015e-05   6.246e-05   0.0001127   7.902e-08  A2O1A1Ixp33_ASAP7_75t_R
transtop/sp/U913               5.391e-05   5.867e-05   0.0001127   7.902e-08  A2O1A1Ixp33_ASAP7_75t_R
transtop/sp/U65                4.887e-05   6.367e-05   0.0001126   7.902e-08  A2O1A1Ixp33_ASAP7_75t_R
transtop/sp/U816               5.011e-05   6.241e-05   0.0001126   7.929e-08  A2O1A1Ixp33_ASAP7_75t_R
U150                           3.961e-05    7.29e-05   0.0001126   5.582e-08  OAI21xp33_ASAP7_75t_R
transtop/sp/U209               5.197e-05   6.035e-05   0.0001124   7.929e-08  A2O1A1Ixp33_ASAP7_75t_R
transtop/sp/U509               5.203e-05   6.026e-05   0.0001124   7.902e-08  A2O1A1Ixp33_ASAP7_75t_R
transtop/sp/U1314              5.098e-05   6.128e-05   0.0001123   7.902e-08  A2O1A1Ixp33_ASAP7_75t_R
transtop/sp/U1051              5.236e-05   5.977e-05   0.0001122   7.929e-08  A2O1A1Ixp33_ASAP7_75t_R
transtop/sp/U422                5.25e-05   5.963e-05   0.0001122   7.929e-08  A2O1A1Ixp33_ASAP7_75t_R
transtop/sp/U871               5.636e-05   5.575e-05   0.0001122   7.929e-08  A2O1A1Ixp33_ASAP7_75t_R
transtop/sp/U841               5.405e-05   5.791e-05    0.000112   7.902e-08  A2O1A1Ixp33_ASAP7_75t_R
transtop/sp/U299               5.187e-05   6.007e-05    0.000112   7.929e-08  A2O1A1Ixp33_ASAP7_75t_R
transtop/sp/U248               5.014e-05   6.179e-05    0.000112   7.902e-08  A2O1A1Ixp33_ASAP7_75t_R
transtop/sp/U696               5.076e-05   6.113e-05    0.000112   7.902e-08  A2O1A1Ixp33_ASAP7_75t_R
transtop/sp/U1012              5.447e-05   5.741e-05    0.000112   7.929e-08  A2O1A1Ixp33_ASAP7_75t_R
transtop/sp/U227               5.011e-05   6.175e-05   0.0001119   7.929e-08  A2O1A1Ixp33_ASAP7_75t_R
transtop/sp/U549               5.087e-05   6.097e-05   0.0001119   7.902e-08  A2O1A1Ixp33_ASAP7_75t_R
transtop/sp/U874               5.147e-05   6.031e-05   0.0001119   7.929e-08  A2O1A1Ixp33_ASAP7_75t_R
transtop/sp/U672               5.133e-05   6.042e-05   0.0001118   7.929e-08  A2O1A1Ixp33_ASAP7_75t_R
transtop/sp/U1509              5.204e-05    5.97e-05   0.0001118   7.902e-08  A2O1A1Ixp33_ASAP7_75t_R
transtop/sp/U188               5.142e-05   6.031e-05   0.0001118   7.902e-08  A2O1A1Ixp33_ASAP7_75t_R
transtop/sp/U1515              5.001e-05   6.166e-05   0.0001118   7.929e-08  A2O1A1Ixp33_ASAP7_75t_R
transtop/sp/U705               5.143e-05   6.022e-05   0.0001117   7.929e-08  A2O1A1Ixp33_ASAP7_75t_R
transtop/sp/U687               5.184e-05   5.978e-05   0.0001117   7.929e-08  A2O1A1Ixp33_ASAP7_75t_R
transtop/sp/U1167              5.404e-05   5.753e-05   0.0001116   7.902e-08  A2O1A1Ixp33_ASAP7_75t_R
transtop/sp/U1086              5.147e-05   6.006e-05   0.0001116   7.902e-08  A2O1A1Ixp33_ASAP7_75t_R
transtop/sp/U991               5.199e-05   5.951e-05   0.0001116   7.902e-08  A2O1A1Ixp33_ASAP7_75t_R
transtop/sp/U1383              5.141e-05   6.008e-05   0.0001116   7.902e-08  A2O1A1Ixp33_ASAP7_75t_R
transtop/sp/U107                4.92e-05   6.227e-05   0.0001116   7.929e-08  A2O1A1Ixp33_ASAP7_75t_R
transtop/sp/U925               5.254e-05   5.893e-05   0.0001116   7.929e-08  A2O1A1Ixp33_ASAP7_75t_R
transtop/sp/U425               5.007e-05    6.14e-05   0.0001115   7.929e-08  A2O1A1Ixp33_ASAP7_75t_R
transtop/sp/U1425              5.457e-05   5.684e-05   0.0001115   7.929e-08  A2O1A1Ixp33_ASAP7_75t_R
transtop/sp/U218               5.189e-05   5.944e-05   0.0001114   7.929e-08  A2O1A1Ixp33_ASAP7_75t_R
transtop/sp/U1362              5.014e-05   6.113e-05   0.0001113   7.902e-08  A2O1A1Ixp33_ASAP7_75t_R
transtop/sp/U666               5.249e-05   5.875e-05   0.0001113   7.929e-08  A2O1A1Ixp33_ASAP7_75t_R
transtop/sp/U443               5.262e-05   5.861e-05   0.0001113   7.929e-08  A2O1A1Ixp33_ASAP7_75t_R
transtop/sp/U1527              5.005e-05   6.117e-05   0.0001113   7.902e-08  A2O1A1Ixp33_ASAP7_75t_R
U146                            5.27e-05   5.842e-05   0.0001112   8.889e-08  O2A1O1Ixp33_ASAP7_75t_R
transtop/sp/U323               5.145e-05   5.954e-05   0.0001111   7.929e-08  A2O1A1Ixp33_ASAP7_75t_R
transtop/sp/U1137              5.265e-05   5.831e-05    0.000111   7.902e-08  A2O1A1Ixp33_ASAP7_75t_R
transtop/sp/U853               5.039e-05   6.055e-05    0.000111   7.929e-08  A2O1A1Ixp33_ASAP7_75t_R
transtop/sp/U1161              5.036e-05   6.056e-05    0.000111   7.902e-08  A2O1A1Ixp33_ASAP7_75t_R
transtop/sp/U1006              5.199e-05    5.89e-05    0.000111   7.902e-08  A2O1A1Ixp33_ASAP7_75t_R
transtop/sp/U1260              5.262e-05   5.821e-05   0.0001109   7.902e-08  A2O1A1Ixp33_ASAP7_75t_R
transtop/sp/U1245              5.139e-05   5.943e-05   0.0001109   7.929e-08  A2O1A1Ixp33_ASAP7_75t_R
transtop/sp/U1308              5.098e-05   5.982e-05   0.0001109   7.902e-08  A2O1A1Ixp33_ASAP7_75t_R
transtop/sp/U1146              5.045e-05   6.035e-05   0.0001109   7.929e-08  A2O1A1Ixp33_ASAP7_75t_R
transtop/sp/U1524              5.246e-05   5.828e-05   0.0001108   7.929e-08  A2O1A1Ixp33_ASAP7_75t_R
transtop/sp/U537               5.087e-05   5.985e-05   0.0001108   7.902e-08  A2O1A1Ixp33_ASAP7_75t_R
transtop/sp/U317               5.008e-05   6.063e-05   0.0001108   7.902e-08  A2O1A1Ixp33_ASAP7_75t_R
transtop/sp/U1074              5.256e-05   5.815e-05   0.0001108   7.902e-08  A2O1A1Ixp33_ASAP7_75t_R
transtop/sp/U1365              5.465e-05   5.603e-05   0.0001108   7.929e-08  A2O1A1Ixp33_ASAP7_75t_R
transtop/sp/U1047              5.069e-05   5.992e-05   0.0001107   7.902e-08  A2O1A1Ixp33_ASAP7_75t_R
transtop/sp/U883               5.019e-05   6.042e-05   0.0001107   7.902e-08  A2O1A1Ixp33_ASAP7_75t_R
transtop/sp/U467               5.076e-05   5.984e-05   0.0001107   7.902e-08  A2O1A1Ixp33_ASAP7_75t_R
transtop/sp/U1055              5.141e-05   5.917e-05   0.0001107   7.929e-08  A2O1A1Ixp33_ASAP7_75t_R
transtop/sp/U245               4.907e-05   6.151e-05   0.0001107   7.902e-08  A2O1A1Ixp33_ASAP7_75t_R
transtop/sp/U1170              5.105e-05   5.948e-05   0.0001106   7.902e-08  A2O1A1Ixp33_ASAP7_75t_R
transtop/sp/U693               5.034e-05   6.018e-05   0.0001106   7.929e-08  A2O1A1Ixp33_ASAP7_75t_R
transtop/sp/U835               5.258e-05   5.789e-05   0.0001105   7.929e-08  A2O1A1Ixp33_ASAP7_75t_R
transtop/sp/U699               4.936e-05    6.11e-05   0.0001105   7.929e-08  A2O1A1Ixp33_ASAP7_75t_R
transtop/sp/U1341              5.133e-05   5.913e-05   0.0001105   7.902e-08  A2O1A1Ixp33_ASAP7_75t_R
transtop/sp/U702               5.034e-05   5.998e-05   0.0001104   7.929e-08  A2O1A1Ixp33_ASAP7_75t_R
transtop/sp/U54                5.394e-05   5.636e-05   0.0001104   7.902e-08  A2O1A1Ixp33_ASAP7_75t_R
transtop/sp/U251               5.213e-05   5.812e-05   0.0001103   7.902e-08  A2O1A1Ixp33_ASAP7_75t_R
transtop/sp/U1043              5.006e-05   6.014e-05   0.0001103   7.902e-08  A2O1A1Ixp33_ASAP7_75t_R
transtop/sp/U1293              5.199e-05   5.806e-05   0.0001101   7.902e-08  A2O1A1Ixp33_ASAP7_75t_R
transtop/sp/U570               5.203e-05   5.802e-05   0.0001101   7.902e-08  A2O1A1Ixp33_ASAP7_75t_R
transtop/sp/U907               5.213e-05   5.791e-05   0.0001101   7.902e-08  A2O1A1Ixp33_ASAP7_75t_R
transtop/sp/U146                 5.2e-05   5.802e-05   0.0001101   7.902e-08  A2O1A1Ixp33_ASAP7_75t_R
transtop/sp/U1458              5.019e-05    5.98e-05   0.0001101   7.929e-08  A2O1A1Ixp33_ASAP7_75t_R
transtop/sp/U780               5.237e-05   5.753e-05     0.00011   7.902e-08  A2O1A1Ixp33_ASAP7_75t_R
transtop/sp/U1470              5.464e-05   5.523e-05   0.0001099   7.929e-08  A2O1A1Ixp33_ASAP7_75t_R
transtop/sp/U329               5.079e-05   5.906e-05   0.0001099   7.902e-08  A2O1A1Ixp33_ASAP7_75t_R
transtop/sp/U919               5.191e-05   5.793e-05   0.0001099   7.929e-08  A2O1A1Ixp33_ASAP7_75t_R
transtop/sp/U555               5.105e-05   5.879e-05   0.0001099   7.902e-08  A2O1A1Ixp33_ASAP7_75t_R
transtop/sp/U657               5.249e-05   5.735e-05   0.0001099   7.929e-08  A2O1A1Ixp33_ASAP7_75t_R
transtop/sp/U1374              5.135e-05   5.844e-05   0.0001099   7.929e-08  A2O1A1Ixp33_ASAP7_75t_R
transtop/sp/U269               5.006e-05   5.972e-05   0.0001099   7.902e-08  A2O1A1Ixp33_ASAP7_75t_R
transtop/sp/U1368               5.13e-05   5.847e-05   0.0001098   7.929e-08  A2O1A1Ixp33_ASAP7_75t_R
transtop/sp/U594                5.19e-05   5.784e-05   0.0001098   7.902e-08  A2O1A1Ixp33_ASAP7_75t_R
transtop/sp/U1437              5.018e-05   5.955e-05   0.0001098   7.902e-08  A2O1A1Ixp33_ASAP7_75t_R
transtop/sp/U404               5.408e-05   5.564e-05   0.0001098   7.902e-08  A2O1A1Ixp33_ASAP7_75t_R
transtop/sp/U440               5.006e-05   5.963e-05   0.0001098   7.929e-08  A2O1A1Ixp33_ASAP7_75t_R
transtop/sp/U1227              5.185e-05   5.783e-05   0.0001098   7.929e-08  A2O1A1Ixp33_ASAP7_75t_R
transtop/sp/U357               5.003e-05   5.965e-05   0.0001098   7.902e-08  A2O1A1Ixp33_ASAP7_75t_R
transtop/sp/U491               5.137e-05   5.828e-05   0.0001097   7.929e-08  A2O1A1Ixp33_ASAP7_75t_R
transtop/sp/U669               5.085e-05   5.879e-05   0.0001097   7.902e-08  A2O1A1Ixp33_ASAP7_75t_R
transtop/sp/U1290              5.237e-05   5.722e-05   0.0001097   7.929e-08  A2O1A1Ixp33_ASAP7_75t_R
transtop/sp/U74                5.199e-05   5.757e-05   0.0001096   7.902e-08  A2O1A1Ixp33_ASAP7_75t_R
transtop/sp/U633               5.246e-05   5.705e-05   0.0001096   7.929e-08  A2O1A1Ixp33_ASAP7_75t_R
transtop/sp/U1263              5.122e-05   5.829e-05   0.0001096   7.902e-08  A2O1A1Ixp33_ASAP7_75t_R
transtop/sp/U464               5.003e-05   5.949e-05   0.0001096   7.929e-08  A2O1A1Ixp33_ASAP7_75t_R
transtop/sp/U1377              5.078e-05   5.873e-05   0.0001096   7.902e-08  A2O1A1Ixp33_ASAP7_75t_R
transtop/sp/U179               5.015e-05   5.933e-05   0.0001096   7.902e-08  A2O1A1Ixp33_ASAP7_75t_R
transtop/sp/U768               5.407e-05   5.538e-05   0.0001095   7.902e-08  A2O1A1Ixp33_ASAP7_75t_R
transtop/sp/U1092              5.009e-05   5.936e-05   0.0001095   7.929e-08  A2O1A1Ixp33_ASAP7_75t_R
transtop/sp/U648               5.028e-05    5.91e-05   0.0001095   7.929e-08  A2O1A1Ixp33_ASAP7_75t_R
transtop/sp/U326               5.039e-05   5.898e-05   0.0001094   7.929e-08  A2O1A1Ixp33_ASAP7_75t_R
transtop/sp/U831               5.101e-05   5.831e-05   0.0001094   7.902e-08  A2O1A1Ixp33_ASAP7_75t_R
transtop/sp/U1018              5.008e-05   5.923e-05   0.0001094   7.902e-08  A2O1A1Ixp33_ASAP7_75t_R
transtop/sp/U86                5.172e-05   5.756e-05   0.0001094   7.929e-08  A2O1A1Ixp33_ASAP7_75t_R
transtop/sp/U1281              5.007e-05   5.916e-05   0.0001093   7.902e-08  A2O1A1Ixp33_ASAP7_75t_R
transtop/sp/U621               5.005e-05   5.913e-05   0.0001093   7.929e-08  A2O1A1Ixp33_ASAP7_75t_R
transtop/sp/U603               5.094e-05   5.823e-05   0.0001093   7.902e-08  A2O1A1Ixp33_ASAP7_75t_R
transtop/sp/U1350              5.002e-05    5.91e-05   0.0001092   7.902e-08  A2O1A1Ixp33_ASAP7_75t_R
transtop/sp/U714                5.08e-05   5.832e-05   0.0001092   7.902e-08  A2O1A1Ixp33_ASAP7_75t_R
transtop/sp/U1212              5.008e-05   5.903e-05   0.0001092   7.902e-08  A2O1A1Ixp33_ASAP7_75t_R
transtop/sp/U774               5.262e-05   5.648e-05   0.0001092   7.902e-08  A2O1A1Ixp33_ASAP7_75t_R
transtop/sp/U80                5.131e-05   5.769e-05   0.0001091   7.929e-08  A2O1A1Ixp33_ASAP7_75t_R
transtop/sp/U1431              5.187e-05   5.705e-05    0.000109   7.929e-08  A2O1A1Ixp33_ASAP7_75t_R
transtop/sp/U1269              5.005e-05   5.886e-05    0.000109   7.929e-08  A2O1A1Ixp33_ASAP7_75t_R
transtop/tfsm/U69              3.782e-05   7.111e-05    0.000109   4.801e-08  OAI21xp33_ASAP7_75t_R
transtop/sp/U352               5.197e-05   5.693e-05    0.000109   7.902e-08  A2O1A1Ixp33_ASAP7_75t_R
transtop/sp/U759               4.997e-05   5.892e-05    0.000109   7.902e-08  A2O1A1Ixp33_ASAP7_75t_R
transtop/sp/U158               5.005e-05   5.878e-05   0.0001089   7.929e-08  A2O1A1Ixp33_ASAP7_75t_R
transtop/sp/U1386              5.035e-05   5.842e-05   0.0001088   7.929e-08  A2O1A1Ixp33_ASAP7_75t_R
transtop/sp/U681               5.015e-05   5.855e-05   0.0001088   7.902e-08  A2O1A1Ixp33_ASAP7_75t_R
transtop/sp/U1392              5.205e-05   5.665e-05   0.0001088   7.902e-08  A2O1A1Ixp33_ASAP7_75t_R
transtop/sp/U1338              5.014e-05   5.855e-05   0.0001088   7.902e-08  A2O1A1Ixp33_ASAP7_75t_R
transtop/sp/U576               5.005e-05   5.863e-05   0.0001088   7.902e-08  A2O1A1Ixp33_ASAP7_75t_R
transtop/sp/U476               5.228e-05   5.637e-05   0.0001087   7.929e-08  A2O1A1Ixp33_ASAP7_75t_R
transtop/sp/U579               5.239e-05   5.625e-05   0.0001087   7.929e-08  A2O1A1Ixp33_ASAP7_75t_R
transtop/sp/U497                 5.4e-05   5.462e-05   0.0001087   7.902e-08  A2O1A1Ixp33_ASAP7_75t_R
transtop/sp/U1353              5.076e-05   5.784e-05   0.0001087   7.902e-08  A2O1A1Ixp33_ASAP7_75t_R
transtop/sp/U642               5.098e-05   5.761e-05   0.0001087   7.902e-08  A2O1A1Ixp33_ASAP7_75t_R
transtop/sp/U1233              5.192e-05   5.666e-05   0.0001087   7.902e-08  A2O1A1Ixp33_ASAP7_75t_R
transtop/sp/U347                5.01e-05   5.842e-05   0.0001086   7.902e-08  A2O1A1Ixp33_ASAP7_75t_R
transtop/sp/U1488              5.182e-05   5.667e-05   0.0001086   7.902e-08  A2O1A1Ixp33_ASAP7_75t_R
transtop/sp/U242                5.12e-05   5.728e-05   0.0001086   7.902e-08  A2O1A1Ixp33_ASAP7_75t_R
transtop/sp/U409               5.009e-05   5.839e-05   0.0001086   7.902e-08  A2O1A1Ixp33_ASAP7_75t_R
transtop/sp/U961               5.188e-05    5.66e-05   0.0001086   7.929e-08  A2O1A1Ixp33_ASAP7_75t_R
transtop/sp/U185               5.005e-05   5.842e-05   0.0001086   7.929e-08  A2O1A1Ixp33_ASAP7_75t_R
transtop/sp/U901               5.135e-05   5.712e-05   0.0001086   7.929e-08  A2O1A1Ixp33_ASAP7_75t_R
transtop/sp/U254               4.999e-05   5.839e-05   0.0001085   7.902e-08  A2O1A1Ixp33_ASAP7_75t_R
transtop/tfsm/U7               9.984e-06   9.844e-05   0.0001085   3.444e-08  INVxp67_ASAP7_75t_R
transtop/sp/U113               5.217e-05   5.621e-05   0.0001085   7.902e-08  A2O1A1Ixp33_ASAP7_75t_R
transtop/sp/U485               5.184e-05   5.653e-05   0.0001085   7.929e-08  A2O1A1Ixp33_ASAP7_75t_R
transtop/sp/U1467              5.186e-05    5.65e-05   0.0001084   7.929e-08  A2O1A1Ixp33_ASAP7_75t_R
transtop/sp/U895                5.01e-05   5.822e-05   0.0001084   7.902e-08  A2O1A1Ixp33_ASAP7_75t_R
transtop/sp/U143               5.148e-05   5.675e-05   0.0001083   7.902e-08  A2O1A1Ixp33_ASAP7_75t_R
transtop/sp/U982               5.032e-05    5.79e-05   0.0001083   7.929e-08  A2O1A1Ixp33_ASAP7_75t_R
transtop/sp/U197               5.009e-05   5.809e-05   0.0001083   7.902e-08  A2O1A1Ixp33_ASAP7_75t_R
transtop/sp/U1449               5.04e-05   5.779e-05   0.0001083   7.929e-08  A2O1A1Ixp33_ASAP7_75t_R
transtop/sp/U431               5.137e-05   5.677e-05   0.0001082   7.929e-08  A2O1A1Ixp33_ASAP7_75t_R
transtop/sp/U540               5.122e-05   5.689e-05   0.0001082   7.902e-08  A2O1A1Ixp33_ASAP7_75t_R
transtop/sp/U1152              5.258e-05   5.552e-05   0.0001082   7.929e-08  A2O1A1Ixp33_ASAP7_75t_R
transtop/sp/U296               5.007e-05   5.802e-05   0.0001082   7.902e-08  A2O1A1Ixp33_ASAP7_75t_R
transtop/sp/U850               5.249e-05   5.559e-05   0.0001082   7.929e-08  A2O1A1Ixp33_ASAP7_75t_R
transtop/sp/U263               5.206e-05   5.601e-05   0.0001081   7.902e-08  A2O1A1Ixp33_ASAP7_75t_R
transtop/sp/U89                4.876e-05   5.927e-05   0.0001081   7.902e-08  A2O1A1Ixp33_ASAP7_75t_R
transtop/sp/U458               5.031e-05    5.77e-05   0.0001081   7.929e-08  A2O1A1Ixp33_ASAP7_75t_R
transtop/sp/U789               5.268e-05   5.526e-05    0.000108   7.902e-08  A2O1A1Ixp33_ASAP7_75t_R
transtop/sp/U943               5.265e-05   5.528e-05    0.000108   7.929e-08  A2O1A1Ixp33_ASAP7_75t_R
transtop/sp/U964               5.103e-05   5.689e-05    0.000108   7.902e-08  A2O1A1Ixp33_ASAP7_75t_R
transtop/sp/U717               5.253e-05   5.538e-05    0.000108   7.929e-08  A2O1A1Ixp33_ASAP7_75t_R
transtop/sp/U140               5.002e-05   5.788e-05    0.000108   7.902e-08  A2O1A1Ixp33_ASAP7_75t_R
transtop/sp/U1275              5.247e-05    5.54e-05   0.0001079   7.929e-08  A2O1A1Ixp33_ASAP7_75t_R
transtop/sp/U1323              5.038e-05   5.749e-05   0.0001079   7.929e-08  A2O1A1Ixp33_ASAP7_75t_R
transtop/sp/U302               5.124e-05   5.663e-05   0.0001079   7.929e-08  A2O1A1Ixp33_ASAP7_75t_R
transtop/sp/U428               4.934e-05   5.852e-05   0.0001079   7.929e-08  A2O1A1Ixp33_ASAP7_75t_R
transtop/sp/U1419              5.181e-05   5.605e-05   0.0001079   7.929e-08  A2O1A1Ixp33_ASAP7_75t_R
transtop/sp/U1284              5.191e-05   5.593e-05   0.0001079   7.929e-08  A2O1A1Ixp33_ASAP7_75t_R
transtop/sp/U1176              5.004e-05    5.78e-05   0.0001079   7.929e-08  A2O1A1Ixp33_ASAP7_75t_R
transtop/sp/U128               5.011e-05   5.773e-05   0.0001079   7.929e-08  A2O1A1Ixp33_ASAP7_75t_R
transtop/sp/U1434              5.129e-05   5.654e-05   0.0001079   7.929e-08  A2O1A1Ixp33_ASAP7_75t_R
transtop/sp/U564               5.003e-05   5.778e-05   0.0001079   7.902e-08  A2O1A1Ixp33_ASAP7_75t_R
transtop/sp/U494               4.996e-05   5.784e-05   0.0001079   7.929e-08  A2O1A1Ixp33_ASAP7_75t_R
transtop/sp/U1119              5.035e-05   5.743e-05   0.0001079   7.929e-08  A2O1A1Ixp33_ASAP7_75t_R
transtop/sp/U1464              5.025e-05   5.752e-05   0.0001079   7.929e-08  A2O1A1Ixp33_ASAP7_75t_R
transtop/sp/U627               5.131e-05   5.643e-05   0.0001078   7.929e-08  A2O1A1Ixp33_ASAP7_75t_R
transtop/sp/U257               5.129e-05   5.636e-05   0.0001077   7.929e-08  A2O1A1Ixp33_ASAP7_75t_R
transtop/sp/U1359              5.004e-05   5.758e-05   0.0001077   7.902e-08  A2O1A1Ixp33_ASAP7_75t_R
transtop/sp/U534               5.208e-05    5.55e-05   0.0001077   7.902e-08  A2O1A1Ixp33_ASAP7_75t_R
transtop/sp/U1203              5.039e-05   5.715e-05   0.0001076   7.929e-08  A2O1A1Ixp33_ASAP7_75t_R
transtop/sp/U973               5.142e-05   5.598e-05   0.0001075   7.929e-08  A2O1A1Ixp33_ASAP7_75t_R
transtop/sp/U59                5.028e-05   5.711e-05   0.0001075   7.929e-08  A2O1A1Ixp33_ASAP7_75t_R
transtop/sp/U1098              4.874e-05   5.862e-05   0.0001074   7.902e-08  A2O1A1Ixp33_ASAP7_75t_R
transtop/sp/U585               4.907e-05   5.823e-05   0.0001074   7.929e-08  A2O1A1Ixp33_ASAP7_75t_R
transtop/sp/U1182              5.005e-05   5.724e-05   0.0001074   7.902e-08  A2O1A1Ixp33_ASAP7_75t_R
transtop/sp/U729               5.007e-05   5.714e-05   0.0001073   7.929e-08  A2O1A1Ixp33_ASAP7_75t_R
transtop/sp/U275                4.91e-05    5.81e-05   0.0001073   7.929e-08  A2O1A1Ixp33_ASAP7_75t_R
transtop/sp/U176               5.114e-05   5.605e-05   0.0001073   7.902e-08  A2O1A1Ixp33_ASAP7_75t_R
transtop/sp/U419               5.046e-05    5.67e-05   0.0001072   7.929e-08  A2O1A1Ixp33_ASAP7_75t_R
transtop/sp/U804               5.247e-05   5.465e-05   0.0001072   7.929e-08  A2O1A1Ixp33_ASAP7_75t_R
transtop/sp/U239               5.145e-05   5.562e-05   0.0001072   7.929e-08  A2O1A1Ixp33_ASAP7_75t_R
transtop/sp/U71                5.184e-05   5.523e-05   0.0001071   7.929e-08  A2O1A1Ixp33_ASAP7_75t_R
transtop/sp/U1173              5.008e-05   5.694e-05   0.0001071   7.902e-08  A2O1A1Ixp33_ASAP7_75t_R
transtop/sp/U618               5.139e-05   5.562e-05   0.0001071   7.929e-08  A2O1A1Ixp33_ASAP7_75t_R
transtop/sp/U807               5.126e-05   5.574e-05   0.0001071   7.902e-08  A2O1A1Ixp33_ASAP7_75t_R
transtop/sp/U1473               5.03e-05   5.667e-05   0.0001071   7.929e-08  A2O1A1Ixp33_ASAP7_75t_R
transtop/sp/U747               5.001e-05    5.69e-05    0.000107   7.902e-08  A2O1A1Ixp33_ASAP7_75t_R
transtop/sp/U753               4.866e-05   5.823e-05    0.000107   7.902e-08  A2O1A1Ixp33_ASAP7_75t_R
transtop/sp/U684               5.012e-05   5.675e-05    0.000107   7.929e-08  A2O1A1Ixp33_ASAP7_75t_R
transtop/sp/U765               5.129e-05   5.558e-05   0.0001069   7.929e-08  A2O1A1Ixp33_ASAP7_75t_R
transtop/sp/U1500              4.871e-05   5.811e-05   0.0001069   7.902e-08  A2O1A1Ixp33_ASAP7_75t_R
transtop/sp/U916               5.142e-05   5.538e-05   0.0001069   7.929e-08  A2O1A1Ixp33_ASAP7_75t_R
transtop/sp/U1278              5.009e-05    5.67e-05   0.0001069   7.902e-08  A2O1A1Ixp33_ASAP7_75t_R
transtop/sp/U449               5.129e-05   5.548e-05   0.0001069   7.929e-08  A2O1A1Ixp33_ASAP7_75t_R
transtop/sp/U1191              4.872e-05   5.798e-05   0.0001068   7.902e-08  A2O1A1Ixp33_ASAP7_75t_R
transtop/sp/U663               5.029e-05   5.633e-05   0.0001067   7.929e-08  A2O1A1Ixp33_ASAP7_75t_R
transtop/sp/U1027              5.183e-05   5.475e-05   0.0001067   7.929e-08  A2O1A1Ixp33_ASAP7_75t_R
transtop/sp/U660               5.071e-05   5.579e-05   0.0001066   7.902e-08  A2O1A1Ixp33_ASAP7_75t_R
transtop/sp/U1455              5.146e-05   5.504e-05   0.0001066   7.929e-08  A2O1A1Ixp33_ASAP7_75t_R
transtop/sp/U1371              4.997e-05   5.644e-05   0.0001065   7.929e-08  A2O1A1Ixp33_ASAP7_75t_R
transtop/sp/U1479              5.007e-05   5.633e-05   0.0001065   7.902e-08  A2O1A1Ixp33_ASAP7_75t_R
transtop/sp/U582               5.013e-05   5.623e-05   0.0001064   7.929e-08  A2O1A1Ixp33_ASAP7_75t_R
transtop/sp/U690               5.134e-05   5.501e-05   0.0001064   7.929e-08  A2O1A1Ixp33_ASAP7_75t_R
transtop/sp/U116               5.002e-05   5.626e-05   0.0001064   7.902e-08  A2O1A1Ixp33_ASAP7_75t_R
transtop/mem/U31               3.335e-05   7.293e-05   0.0001063   3.368e-08  NOR2xp33_ASAP7_75t_R
transtop/sp/U1024              5.002e-05    5.62e-05   0.0001063   7.929e-08  A2O1A1Ixp33_ASAP7_75t_R
U123                           5.184e-05   5.435e-05   0.0001063   8.534e-08  O2A1O1Ixp33_ASAP7_75t_R
transtop/sp/U889               4.894e-05   5.726e-05   0.0001063   7.902e-08  A2O1A1Ixp33_ASAP7_75t_R
transtop/sp/U949               5.035e-05   5.567e-05   0.0001061   7.929e-08  A2O1A1Ixp33_ASAP7_75t_R
transtop/sp/U651               5.033e-05   5.568e-05   0.0001061   7.929e-08  A2O1A1Ixp33_ASAP7_75t_R
transtop/sp/U470               5.101e-05   5.489e-05    0.000106   7.902e-08  A2O1A1Ixp33_ASAP7_75t_R
transtop/sp/U344                5.03e-05   5.559e-05    0.000106   7.929e-08  A2O1A1Ixp33_ASAP7_75t_R
transtop/sp/U1335              5.077e-05   5.504e-05   0.0001059   7.902e-08  A2O1A1Ixp33_ASAP7_75t_R
transtop/mem/U34               3.324e-05   7.254e-05   0.0001058    3.37e-08  NOR2xp33_ASAP7_75t_R
transtop/sp/U561               5.025e-05   5.542e-05   0.0001057   7.929e-08  A2O1A1Ixp33_ASAP7_75t_R
transtop/sp/U1254              5.075e-05   5.487e-05   0.0001057   7.902e-08  A2O1A1Ixp33_ASAP7_75t_R
transtop/sp/U786               4.864e-05   5.692e-05   0.0001056   7.902e-08  A2O1A1Ixp33_ASAP7_75t_R
transtop/sp/U1272              5.007e-05   5.548e-05   0.0001056   7.929e-08  A2O1A1Ixp33_ASAP7_75t_R
transtop/sp/U844                4.99e-05   5.562e-05   0.0001056   7.929e-08  A2O1A1Ixp33_ASAP7_75t_R
transtop/sp/U332                5.04e-05   5.511e-05   0.0001056   7.929e-08  A2O1A1Ixp33_ASAP7_75t_R
transtop/sp/U859               5.003e-05   5.545e-05   0.0001056   7.902e-08  A2O1A1Ixp33_ASAP7_75t_R
transtop/sp/U1131               5.01e-05   5.534e-05   0.0001055   7.929e-08  A2O1A1Ixp33_ASAP7_75t_R
transtop/sp/U1209              5.034e-05    5.49e-05   0.0001053   7.929e-08  A2O1A1Ixp33_ASAP7_75t_R
U126                           3.848e-05   6.676e-05   0.0001053   6.226e-08  OAI21xp33_ASAP7_75t_R
transtop/sp/U1401              4.865e-05   5.648e-05   0.0001052   7.902e-08  A2O1A1Ixp33_ASAP7_75t_R
transtop/sp/U756               5.073e-05   5.436e-05   0.0001052   7.902e-08  A2O1A1Ixp33_ASAP7_75t_R
transtop/sp/U1395              4.934e-05   5.552e-05   0.0001049   7.929e-08  A2O1A1Ixp33_ASAP7_75t_R
transtop/sp/U1083              5.075e-05   5.405e-05   0.0001049   7.902e-08  A2O1A1Ixp33_ASAP7_75t_R
transtop/sp/U1404              5.079e-05   5.399e-05   0.0001049   7.902e-08  A2O1A1Ixp33_ASAP7_75t_R
transtop/sp/U506               5.034e-05   5.401e-05   0.0001044   7.929e-08  A2O1A1Ixp33_ASAP7_75t_R
transtop/sp/U233               4.908e-05    5.52e-05   0.0001044   7.929e-08  A2O1A1Ixp33_ASAP7_75t_R
transtop/sp/U606               4.936e-05   5.492e-05   0.0001044   7.929e-08  A2O1A1Ixp33_ASAP7_75t_R
transtop/sp/U68                4.865e-05   5.558e-05   0.0001043   7.902e-08  A2O1A1Ixp33_ASAP7_75t_R
transtop/tfsm/U6               8.066e-06   8.879e-05   9.688e-05   1.707e-08  INVxp33_ASAP7_75t_R
U147                           7.349e-06   8.907e-05   9.644e-05   1.695e-08  INVxp33_ASAP7_75t_R
U101                           5.749e-06   8.898e-05   9.474e-05   1.679e-08  INVxp33_ASAP7_75t_R
transtop/tfsm/U18              5.046e-06   8.817e-05   9.323e-05   1.843e-08  NOR2xp33_ASAP7_75t_R
transtop/sp/U1000               4.16e-05   5.151e-05   9.319e-05   7.824e-08  A2O1A1Ixp33_ASAP7_75t_R
transtop/tfsm/U82              3.729e-05   5.475e-05   9.208e-05   4.774e-08  OAI21xp33_ASAP7_75t_R
U151                           3.565e-05   5.574e-05   9.145e-05   6.176e-08  OAI22xp33_ASAP7_75t_R
transtop/sp/U1106              4.579e-05   4.472e-05   9.058e-05   8.243e-08  A2O1A1Ixp33_ASAP7_75t_R
U108                           7.925e-06   8.181e-05   8.976e-05   2.402e-08  NOR2xp33_ASAP7_75t_R
U148                           4.284e-05   4.678e-05   8.969e-05   6.194e-08  OAI22xp33_ASAP7_75t_R
transtop/sp/U112               4.764e-05   4.182e-05   8.955e-05   8.243e-08  A2O1A1Ixp33_ASAP7_75t_R
transtop/sp/U1529               4.86e-05   3.994e-05   8.863e-05   8.243e-08  A2O1A1Ixp33_ASAP7_75t_R
transtop/sp/U743               4.505e-05   4.222e-05   8.736e-05   8.243e-08  A2O1A1Ixp33_ASAP7_75t_R
transtop/sp/U1238              4.263e-05   4.464e-05   8.735e-05   8.243e-08  A2O1A1Ixp33_ASAP7_75t_R
transtop/sp/U499               4.275e-05   4.422e-05   8.705e-05   8.243e-08  A2O1A1Ixp33_ASAP7_75t_R
transtop/sp/U403               5.111e-05   3.552e-05   8.672e-05   8.243e-08  A2O1A1Ixp33_ASAP7_75t_R
transtop/sp/U175               4.653e-05   3.989e-05    8.65e-05   8.243e-08  A2O1A1Ixp33_ASAP7_75t_R
transtop/sp/U82                5.113e-05    3.49e-05   8.612e-05   8.243e-08  A2O1A1Ixp33_ASAP7_75t_R
transtop/sp/U1166              5.116e-05   3.472e-05   8.596e-05   8.243e-08  A2O1A1Ixp33_ASAP7_75t_R
transtop/sp/U1481              5.119e-05   3.422e-05   8.549e-05   8.243e-08  A2O1A1Ixp33_ASAP7_75t_R
U124                           4.175e-05   4.355e-05   8.536e-05   5.244e-08  OAI22xp33_ASAP7_75t_R
transtop/sp/U770               4.881e-05   3.599e-05   8.489e-05   8.243e-08  A2O1A1Ixp33_ASAP7_75t_R
transtop/tfsm/U118             4.012e-05   4.462e-05   8.483e-05   8.751e-08  A2O1A1Ixp33_ASAP7_75t_R
transtop/sp/U551               5.123e-05   3.346e-05   8.477e-05   8.243e-08  A2O1A1Ixp33_ASAP7_75t_R
transtop/sp/U767               5.122e-05   3.345e-05   8.475e-05   8.243e-08  A2O1A1Ixp33_ASAP7_75t_R
transtop/sp/U861               4.882e-05   3.576e-05   8.466e-05   8.243e-08  A2O1A1Ixp33_ASAP7_75t_R
U155                           1.958e-05   6.495e-05   8.456e-05   3.372e-08  NOR2xp33_ASAP7_75t_R
transtop/sp/U1490              4.448e-05   3.978e-05   8.434e-05   8.243e-08  A2O1A1Ixp33_ASAP7_75t_R
transtop/sp/U587               4.885e-05    3.54e-05   8.434e-05   8.243e-08  A2O1A1Ixp33_ASAP7_75t_R
transtop/sp/U271               4.777e-05   3.646e-05   8.431e-05   8.243e-08  A2O1A1Ixp33_ASAP7_75t_R
transtop/sp/U1139              4.652e-05    3.75e-05   8.411e-05   8.243e-08  A2O1A1Ixp33_ASAP7_75t_R
transtop/sp/U511               4.578e-05   3.801e-05   8.387e-05   8.243e-08  A2O1A1Ixp33_ASAP7_75t_R
transtop/sp/U67                4.223e-05   4.142e-05   8.373e-05   8.243e-08  A2O1A1Ixp33_ASAP7_75t_R
transtop/sp/U1008              4.889e-05   3.429e-05   8.326e-05   8.243e-08  A2O1A1Ixp33_ASAP7_75t_R
transtop/sp/U942               4.625e-05   3.669e-05   8.302e-05   8.243e-08  A2O1A1Ixp33_ASAP7_75t_R
transtop/sp/U1109              5.133e-05   3.156e-05   8.297e-05   8.243e-08  A2O1A1Ixp33_ASAP7_75t_R
transtop/sp/U208               4.526e-05   3.758e-05   8.292e-05   8.243e-08  A2O1A1Ixp33_ASAP7_75t_R
transtop/sp/U1214              5.136e-05   3.123e-05   8.268e-05   8.243e-08  A2O1A1Ixp33_ASAP7_75t_R
transtop/sp/U178               4.611e-05   3.645e-05   8.264e-05   8.243e-08  A2O1A1Ixp33_ASAP7_75t_R
transtop/sp/U1382              4.672e-05    3.58e-05   8.261e-05   8.243e-08  A2O1A1Ixp33_ASAP7_75t_R
transtop/sp/U1160              5.136e-05   3.089e-05   8.234e-05   8.243e-08  A2O1A1Ixp33_ASAP7_75t_R
transtop/sp/U1421              5.139e-05   3.083e-05   8.231e-05   8.243e-08  A2O1A1Ixp33_ASAP7_75t_R
transtop/sp/U496               5.139e-05   3.082e-05   8.229e-05   8.243e-08  A2O1A1Ixp33_ASAP7_75t_R
transtop/sp/U514               5.139e-05   3.074e-05   8.222e-05   8.243e-08  A2O1A1Ixp33_ASAP7_75t_R
transtop/sp/U906               4.801e-05   3.408e-05   8.218e-05   8.243e-08  A2O1A1Ixp33_ASAP7_75t_R
transtop/sp/U840                5.14e-05   3.064e-05   8.213e-05   8.243e-08  A2O1A1Ixp33_ASAP7_75t_R
transtop/sp/U605               4.894e-05   3.298e-05     8.2e-05   8.243e-08  A2O1A1Ixp33_ASAP7_75t_R
transtop/sp/U1430              4.524e-05   3.665e-05   8.197e-05   8.243e-08  A2O1A1Ixp33_ASAP7_75t_R
transtop/sp/U136               4.803e-05   3.383e-05   8.193e-05   8.243e-08  A2O1A1Ixp33_ASAP7_75t_R
transtop/sp/U1364              4.899e-05   3.284e-05   8.191e-05   8.243e-08  A2O1A1Ixp33_ASAP7_75t_R
transtop/sp/U1088              4.456e-05   3.727e-05   8.191e-05   8.243e-08  A2O1A1Ixp33_ASAP7_75t_R
transtop/sp/U936               4.897e-05   3.283e-05   8.188e-05   8.243e-08  A2O1A1Ixp33_ASAP7_75t_R
transtop/sp/U1247              4.898e-05   3.274e-05    8.18e-05   8.243e-08  A2O1A1Ixp33_ASAP7_75t_R
transtop/sp/U1271              4.284e-05   3.875e-05   8.167e-05   8.243e-08  A2O1A1Ixp33_ASAP7_75t_R
transtop/sp/U858               4.465e-05   3.693e-05   8.166e-05   8.243e-08  A2O1A1Ixp33_ASAP7_75t_R
transtop/sp/U1313              4.615e-05   3.536e-05   8.159e-05   8.243e-08  A2O1A1Ixp33_ASAP7_75t_R
transtop/sp/U870                5.14e-05    3.01e-05   8.158e-05   8.243e-08  A2O1A1Ixp33_ASAP7_75t_R
transtop/sp/U1283              4.531e-05   3.616e-05   8.155e-05   8.243e-08  A2O1A1Ixp33_ASAP7_75t_R
transtop/sp/U644               4.615e-05   3.526e-05   8.148e-05   8.243e-08  A2O1A1Ixp33_ASAP7_75t_R
transtop/sp/U788               5.141e-05   2.999e-05   8.148e-05   8.243e-08  A2O1A1Ixp33_ASAP7_75t_R
transtop/sp/U1193              4.724e-05   3.414e-05   8.146e-05   8.243e-08  A2O1A1Ixp33_ASAP7_75t_R
transtop/sp/U864               4.791e-05   3.346e-05   8.145e-05   8.243e-08  A2O1A1Ixp33_ASAP7_75t_R
transtop/sp/U100               4.797e-05   3.327e-05   8.133e-05   8.243e-08  A2O1A1Ixp33_ASAP7_75t_R
transtop/sp/U1091              4.285e-05   3.834e-05   8.127e-05   8.243e-08  A2O1A1Ixp33_ASAP7_75t_R
transtop/sp/U351               4.792e-05   3.323e-05   8.124e-05   8.243e-08  A2O1A1Ixp33_ASAP7_75t_R
transtop/sp/U1412              4.678e-05   3.435e-05   8.121e-05   8.243e-08  A2O1A1Ixp33_ASAP7_75t_R
U130                           1.499e-05   6.606e-05   8.108e-05   3.242e-08  NAND2xp33_ASAP7_75t_R
transtop/sp/U286                4.59e-05     3.5e-05   8.099e-05   8.243e-08  A2O1A1Ixp33_ASAP7_75t_R
transtop/sp/U578               4.595e-05   3.492e-05   8.096e-05   8.243e-08  A2O1A1Ixp33_ASAP7_75t_R
transtop/sp/U1232              4.227e-05   3.859e-05   8.094e-05   8.243e-08  A2O1A1Ixp33_ASAP7_75t_R
transtop/sp/U548               4.587e-05   3.494e-05   8.089e-05   8.243e-08  A2O1A1Ixp33_ASAP7_75t_R
transtop/sp/U73                4.794e-05   3.283e-05   8.085e-05   8.243e-08  A2O1A1Ixp33_ASAP7_75t_R
transtop/sp/U1136              4.904e-05   3.164e-05   8.076e-05   8.243e-08  A2O1A1Ixp33_ASAP7_75t_R
transtop/sp/U933               4.529e-05   3.525e-05   8.062e-05   8.243e-08  A2O1A1Ixp33_ASAP7_75t_R
transtop/sp/U680                4.46e-05   3.589e-05   8.057e-05   8.243e-08  A2O1A1Ixp33_ASAP7_75t_R
transtop/sp/U1301              4.597e-05   3.443e-05   8.049e-05   8.243e-08  A2O1A1Ixp33_ASAP7_75t_R
transtop/sp/U250                4.81e-05   3.226e-05   8.045e-05   8.243e-08  A2O1A1Ixp33_ASAP7_75t_R
transtop/sp/U1307              4.636e-05   3.397e-05   8.041e-05   8.243e-08  A2O1A1Ixp33_ASAP7_75t_R
transtop/sp/U76                4.904e-05   3.125e-05   8.037e-05   8.243e-08  A2O1A1Ixp33_ASAP7_75t_R
transtop/sp/U822               4.906e-05   3.119e-05   8.034e-05   8.243e-08  A2O1A1Ixp33_ASAP7_75t_R
transtop/sp/U1325              4.593e-05   3.423e-05   8.024e-05   8.243e-08  A2O1A1Ixp33_ASAP7_75t_R
transtop/sp/U109               4.908e-05   3.103e-05    8.02e-05   8.243e-08  A2O1A1Ixp33_ASAP7_75t_R
transtop/sp/U921               4.812e-05   3.196e-05   8.016e-05   8.243e-08  A2O1A1Ixp33_ASAP7_75t_R
transtop/sp/U53                5.152e-05   2.842e-05   8.002e-05   8.243e-08  A2O1A1Ixp33_ASAP7_75t_R
transtop/tfsm/U3               6.165e-06   7.378e-05   7.996e-05   1.683e-08  INVxp33_ASAP7_75t_R
transtop/sp/U1079              4.619e-05   3.356e-05   7.983e-05   8.243e-08  A2O1A1Ixp33_ASAP7_75t_R
transtop/sp/U1262              4.684e-05   3.289e-05   7.981e-05   8.243e-08  A2O1A1Ixp33_ASAP7_75t_R
transtop/sp/U716               4.621e-05   3.349e-05   7.979e-05   8.243e-08  A2O1A1Ixp33_ASAP7_75t_R
transtop/sp/U418               4.621e-05   3.346e-05   7.974e-05   8.243e-08  A2O1A1Ixp33_ASAP7_75t_R
transtop/sp/U451               4.226e-05   3.736e-05   7.971e-05   8.243e-08  A2O1A1Ixp33_ASAP7_75t_R
transtop/sp/U118                4.68e-05   3.282e-05    7.97e-05   8.243e-08  A2O1A1Ixp33_ASAP7_75t_R
transtop/sp/U554                4.47e-05   3.488e-05   7.966e-05   8.243e-08  A2O1A1Ixp33_ASAP7_75t_R
transtop/sp/U1469               4.91e-05   3.047e-05   7.966e-05   8.243e-08  A2O1A1Ixp33_ASAP7_75t_R
transtop/sp/U1082              4.591e-05   3.362e-05   7.961e-05   8.243e-08  A2O1A1Ixp33_ASAP7_75t_R
transtop/sp/U1424               4.91e-05   3.039e-05   7.958e-05   8.243e-08  A2O1A1Ixp33_ASAP7_75t_R
transtop/sp/U1394              4.909e-05   3.039e-05   7.957e-05   8.243e-08  A2O1A1Ixp33_ASAP7_75t_R
transtop/sp/U1220               4.91e-05   3.036e-05   7.955e-05   8.243e-08  A2O1A1Ixp33_ASAP7_75t_R
transtop/sp/U1142              4.538e-05   3.403e-05    7.95e-05   8.243e-08  A2O1A1Ixp33_ASAP7_75t_R
transtop/sp/U1487              4.784e-05   3.155e-05   7.947e-05   8.243e-08  A2O1A1Ixp33_ASAP7_75t_R
transtop/sp/U569               4.808e-05   3.129e-05   7.945e-05   8.243e-08  A2O1A1Ixp33_ASAP7_75t_R
transtop/sp/U145               4.801e-05   3.136e-05   7.945e-05   8.243e-08  A2O1A1Ixp33_ASAP7_75t_R
transtop/sp/U713               4.592e-05   3.339e-05   7.939e-05   8.243e-08  A2O1A1Ixp33_ASAP7_75t_R
U154                           3.229e-05     4.7e-05   7.935e-05    6.23e-08  OAI21xp33_ASAP7_75t_R
transtop/sp/U366               5.157e-05    2.77e-05   7.935e-05   8.243e-08  A2O1A1Ixp33_ASAP7_75t_R
transtop/sp/U1502              4.641e-05   3.273e-05   7.921e-05   8.243e-08  A2O1A1Ixp33_ASAP7_75t_R
transtop/sp/U773               4.913e-05   2.999e-05    7.92e-05   8.243e-08  A2O1A1Ixp33_ASAP7_75t_R
transtop/sp/U885               4.817e-05   3.093e-05   7.918e-05   8.243e-08  A2O1A1Ixp33_ASAP7_75t_R
transtop/sp/U1289              4.602e-05   3.306e-05   7.917e-05   8.243e-08  A2O1A1Ixp33_ASAP7_75t_R
transtop/sp/U698               4.909e-05   2.996e-05   7.913e-05   8.243e-08  A2O1A1Ixp33_ASAP7_75t_R
transtop/sp/U277               4.638e-05   3.263e-05   7.909e-05   8.243e-08  A2O1A1Ixp33_ASAP7_75t_R
transtop/sp/U1034              4.474e-05   3.423e-05   7.905e-05   8.243e-08  A2O1A1Ixp33_ASAP7_75t_R
transtop/sp/U1352              4.594e-05   3.303e-05   7.905e-05   8.243e-08  A2O1A1Ixp33_ASAP7_75t_R
transtop/sp/U1005               4.23e-05   3.656e-05   7.893e-05   8.243e-08  A2O1A1Ixp33_ASAP7_75t_R
transtop/sp/U190                4.23e-05   3.655e-05   7.893e-05   8.243e-08  A2O1A1Ixp33_ASAP7_75t_R
transtop/sp/U882               4.474e-05   3.409e-05   7.891e-05   8.243e-08  A2O1A1Ixp33_ASAP7_75t_R
transtop/sp/U623               4.915e-05   2.962e-05   7.885e-05   8.243e-08  A2O1A1Ixp33_ASAP7_75t_R
transtop/sp/U408               4.642e-05   3.228e-05   7.879e-05   8.243e-08  A2O1A1Ixp33_ASAP7_75t_R
transtop/sp/U834               4.641e-05   3.229e-05   7.879e-05   8.243e-08  A2O1A1Ixp33_ASAP7_75t_R
transtop/sp/U912               5.161e-05   2.708e-05   7.877e-05   8.243e-08  A2O1A1Ixp33_ASAP7_75t_R
transtop/sp/U761               4.914e-05   2.953e-05   7.876e-05   8.243e-08  A2O1A1Ixp33_ASAP7_75t_R
transtop/sp/U1073              4.673e-05   3.192e-05   7.873e-05   8.243e-08  A2O1A1Ixp33_ASAP7_75t_R
transtop/sp/U1343              4.686e-05   3.175e-05   7.869e-05   8.243e-08  A2O1A1Ixp33_ASAP7_75t_R
transtop/sp/U930               4.689e-05    3.17e-05   7.868e-05   8.243e-08  A2O1A1Ixp33_ASAP7_75t_R
transtop/sp/U262               4.819e-05   3.039e-05   7.867e-05   8.243e-08  A2O1A1Ixp33_ASAP7_75t_R
transtop/sp/U1011              4.898e-05   2.957e-05   7.863e-05   8.243e-08  A2O1A1Ixp33_ASAP7_75t_R
transtop/sp/U187               4.708e-05   3.139e-05   7.855e-05   8.243e-08  A2O1A1Ixp33_ASAP7_75t_R
transtop/sp/U533               4.818e-05   3.023e-05   7.849e-05   8.243e-08  A2O1A1Ixp33_ASAP7_75t_R
transtop/sp/U1157              4.332e-05   3.505e-05   7.845e-05   8.243e-08  A2O1A1Ixp33_ASAP7_75t_R
transtop/mem/U44               1.108e-05   6.735e-05   7.845e-05   1.694e-08  INVxp33_ASAP7_75t_R
transtop/sp/U536                 4.6e-05   3.232e-05    7.84e-05   8.243e-08  A2O1A1Ixp33_ASAP7_75t_R
transtop/sp/U879               4.899e-05   2.932e-05   7.839e-05   8.243e-08  A2O1A1Ixp33_ASAP7_75t_R
transtop/sp/U1259              4.918e-05   2.911e-05   7.837e-05   8.243e-08  A2O1A1Ixp33_ASAP7_75t_R
transtop/mem/U11                7.57e-06   7.077e-05   7.837e-05   2.454e-08  NOR2xp33_ASAP7_75t_R
transtop/sp/U393               4.899e-05   2.921e-05   7.829e-05   8.243e-08  A2O1A1Ixp33_ASAP7_75t_R
transtop/sp/U1310                4.6e-05    3.21e-05   7.818e-05   8.243e-08  A2O1A1Ixp33_ASAP7_75t_R
transtop/sp/U897               4.605e-05   3.203e-05   7.817e-05   8.243e-08  A2O1A1Ixp33_ASAP7_75t_R
transtop/sp/U867               4.606e-05   3.202e-05   7.816e-05   8.243e-08  A2O1A1Ixp33_ASAP7_75t_R
transtop/sp/U1511              4.901e-05   2.904e-05   7.813e-05   8.243e-08  A2O1A1Ixp33_ASAP7_75t_R
transtop/sp/U749               4.597e-05   3.204e-05    7.81e-05   8.243e-08  A2O1A1Ixp33_ASAP7_75t_R
transtop/sp/U960               4.607e-05   3.189e-05   7.804e-05   8.243e-08  A2O1A1Ixp33_ASAP7_75t_R
transtop/sp/U1014              4.918e-05   2.876e-05   7.803e-05   8.243e-08  A2O1A1Ixp33_ASAP7_75t_R
transtop/sp/U1020              4.692e-05   3.093e-05   7.794e-05   8.243e-08  A2O1A1Ixp33_ASAP7_75t_R
transtop/sp/U1376              4.602e-05   3.183e-05   7.794e-05   8.243e-08  A2O1A1Ixp33_ASAP7_75t_R
transtop/sp/U238               4.479e-05   3.306e-05   7.792e-05   8.243e-08  A2O1A1Ixp33_ASAP7_75t_R
transtop/sp/U557               4.598e-05   3.183e-05   7.789e-05   8.243e-08  A2O1A1Ixp33_ASAP7_75t_R
transtop/sp/U809               4.646e-05   3.134e-05   7.788e-05   8.243e-08  A2O1A1Ixp33_ASAP7_75t_R
transtop/sp/U88                4.229e-05   3.546e-05   7.783e-05   8.243e-08  A2O1A1Ixp33_ASAP7_75t_R
transtop/sp/U830                4.63e-05   3.141e-05   7.779e-05   8.243e-08  A2O1A1Ixp33_ASAP7_75t_R
transtop/sp/U572               4.637e-05   3.133e-05   7.778e-05   8.243e-08  A2O1A1Ixp33_ASAP7_75t_R
transtop/sp/U217               4.537e-05   3.233e-05   7.778e-05   8.243e-08  A2O1A1Ixp33_ASAP7_75t_R
transtop/sp/U139               4.478e-05   3.291e-05   7.777e-05   8.243e-08  A2O1A1Ixp33_ASAP7_75t_R
transtop/sp/U1508              4.809e-05   2.957e-05   7.775e-05   8.243e-08  A2O1A1Ixp33_ASAP7_75t_R
transtop/sp/U313               4.323e-05   3.442e-05   7.773e-05   8.243e-08  A2O1A1Ixp33_ASAP7_75t_R
transtop/sp/U909               4.693e-05   3.071e-05   7.773e-05   8.243e-08  A2O1A1Ixp33_ASAP7_75t_R
transtop/sp/U1451              4.811e-05   2.953e-05   7.772e-05   8.243e-08  A2O1A1Ixp33_ASAP7_75t_R
transtop/sp/U289                4.48e-05   3.283e-05   7.772e-05   8.243e-08  A2O1A1Ixp33_ASAP7_75t_R
transtop/sp/U740               4.542e-05   3.216e-05   7.767e-05   8.243e-08  A2O1A1Ixp33_ASAP7_75t_R
transtop/sp/U593               4.694e-05    3.06e-05   7.762e-05   8.243e-08  A2O1A1Ixp33_ASAP7_75t_R
transtop/sp/U963               4.647e-05   3.106e-05   7.761e-05   8.243e-08  A2O1A1Ixp33_ASAP7_75t_R
transtop/sp/U223               4.921e-05   2.831e-05   7.761e-05   8.243e-08  A2O1A1Ixp33_ASAP7_75t_R
transtop/sp/U97                4.607e-05   3.144e-05    7.76e-05   8.243e-08  A2O1A1Ixp33_ASAP7_75t_R
transtop/sp/U1038              4.647e-05   3.102e-05   7.757e-05   8.243e-08  A2O1A1Ixp33_ASAP7_75t_R
transtop/sp/U1436              4.604e-05   3.144e-05   7.756e-05   8.243e-08  A2O1A1Ixp33_ASAP7_75t_R
transtop/sp/U990               4.824e-05   2.923e-05   7.756e-05   8.243e-08  A2O1A1Ixp33_ASAP7_75t_R
transtop/sp/U133               4.538e-05   3.209e-05   7.755e-05   8.243e-08  A2O1A1Ixp33_ASAP7_75t_R
transtop/sp/U1340              4.693e-05   3.049e-05   7.751e-05   8.243e-08  A2O1A1Ixp33_ASAP7_75t_R
transtop/sp/U1100                4.6e-05   3.142e-05    7.75e-05   8.243e-08  A2O1A1Ixp33_ASAP7_75t_R
transtop/sp/U728                4.61e-05   3.131e-05   7.749e-05   8.243e-08  A2O1A1Ixp33_ASAP7_75t_R
transtop/sp/U469               4.631e-05   3.109e-05   7.749e-05   8.243e-08  A2O1A1Ixp33_ASAP7_75t_R
transtop/sp/U1058               4.69e-05   3.048e-05   7.747e-05   8.243e-08  A2O1A1Ixp33_ASAP7_75t_R
transtop/sp/U1187              4.695e-05   3.043e-05   7.745e-05   8.243e-08  A2O1A1Ixp33_ASAP7_75t_R
transtop/sp/U1292              4.799e-05   2.937e-05   7.744e-05   8.243e-08  A2O1A1Ixp33_ASAP7_75t_R
transtop/sp/U566               4.695e-05   3.039e-05   7.742e-05   8.243e-08  A2O1A1Ixp33_ASAP7_75t_R
transtop/sp/U972               4.479e-05    3.25e-05   7.737e-05   8.243e-08  A2O1A1Ixp33_ASAP7_75t_R
transtop/sp/U1538              4.604e-05   3.123e-05   7.736e-05   8.243e-08  A2O1A1Ixp33_ASAP7_75t_R
transtop/sp/U91                4.695e-05   3.032e-05   7.735e-05   8.243e-08  A2O1A1Ixp33_ASAP7_75t_R
transtop/sp/U668               4.601e-05   3.126e-05   7.734e-05   8.243e-08  A2O1A1Ixp33_ASAP7_75t_R
transtop/sp/U1454               4.48e-05   3.236e-05   7.724e-05   8.243e-08  A2O1A1Ixp33_ASAP7_75t_R
transtop/sp/U596               4.546e-05   3.169e-05   7.724e-05   8.243e-08  A2O1A1Ixp33_ASAP7_75t_R
transtop/sp/U220               4.922e-05   2.793e-05   7.724e-05   8.243e-08  A2O1A1Ixp33_ASAP7_75t_R
transtop/sp/U545                4.23e-05   3.483e-05   7.722e-05   8.243e-08  A2O1A1Ixp33_ASAP7_75t_R
transtop/sp/U1295              4.648e-05   3.065e-05   7.721e-05   8.243e-08  A2O1A1Ixp33_ASAP7_75t_R
transtop/sp/U310               4.605e-05   3.106e-05   7.719e-05   8.243e-08  A2O1A1Ixp33_ASAP7_75t_R
transtop/sp/U1002              4.812e-05   2.897e-05   7.718e-05   8.243e-08  A2O1A1Ixp33_ASAP7_75t_R
transtop/sp/U957               4.906e-05   2.801e-05   7.715e-05   8.243e-08  A2O1A1Ixp33_ASAP7_75t_R
transtop/sp/U1235              4.481e-05   3.226e-05   7.714e-05   8.243e-08  A2O1A1Ixp33_ASAP7_75t_R
transtop/sp/U47                 4.65e-05   3.049e-05   7.707e-05   8.243e-08  A2O1A1Ixp33_ASAP7_75t_R
transtop/sp/U653               4.482e-05   3.216e-05   7.707e-05   8.243e-08  A2O1A1Ixp33_ASAP7_75t_R
transtop/sp/U328               4.601e-05   3.096e-05   7.705e-05   8.243e-08  A2O1A1Ixp33_ASAP7_75t_R
transtop/sp/U806               4.696e-05       3e-05   7.705e-05   8.243e-08  A2O1A1Ixp33_ASAP7_75t_R
transtop/sp/U590               4.696e-05       3e-05   7.704e-05   8.243e-08  A2O1A1Ixp33_ASAP7_75t_R
transtop/sp/U1391              4.825e-05   2.869e-05   7.702e-05   8.243e-08  A2O1A1Ixp33_ASAP7_75t_R
transtop/sp/U214                4.48e-05   3.213e-05   7.702e-05   8.243e-08  A2O1A1Ixp33_ASAP7_75t_R
transtop/sp/U331               4.336e-05   3.354e-05   7.698e-05   8.243e-08  A2O1A1Ixp33_ASAP7_75t_R
transtop/sp/U292                4.61e-05   3.079e-05   7.697e-05   8.243e-08  A2O1A1Ixp33_ASAP7_75t_R
transtop/sp/U268               4.481e-05   3.206e-05   7.695e-05   8.243e-08  A2O1A1Ixp33_ASAP7_75t_R
transtop/sp/U915               4.542e-05   3.143e-05   7.693e-05   8.243e-08  A2O1A1Ixp33_ASAP7_75t_R
transtop/sp/U826               4.631e-05   3.052e-05   7.691e-05   8.243e-08  A2O1A1Ixp33_ASAP7_75t_R
transtop/sp/U1205              4.602e-05   3.079e-05    7.69e-05   8.243e-08  A2O1A1Ixp33_ASAP7_75t_R
transtop/sp/U142               4.232e-05   3.446e-05   7.686e-05   8.243e-08  A2O1A1Ixp33_ASAP7_75t_R
transtop/tfsm/U68              3.982e-05   3.695e-05   7.684e-05   7.111e-08  A2O1A1Ixp33_ASAP7_75t_R
transtop/sp/U1286              4.704e-05    2.97e-05   7.683e-05   8.243e-08  A2O1A1Ixp33_ASAP7_75t_R
transtop/sp/U1475              4.333e-05   3.341e-05   7.683e-05   8.243e-08  A2O1A1Ixp33_ASAP7_75t_R
transtop/sp/U265               4.697e-05   2.973e-05   7.678e-05   8.243e-08  A2O1A1Ixp33_ASAP7_75t_R
transtop/sp/U154               4.792e-05   2.877e-05   7.677e-05   8.243e-08  A2O1A1Ixp33_ASAP7_75t_R
transtop/sp/U1253              4.607e-05   3.063e-05   7.677e-05   8.243e-08  A2O1A1Ixp33_ASAP7_75t_R
transtop/sp/U433               4.651e-05   3.015e-05   7.675e-05   8.243e-08  A2O1A1Ixp33_ASAP7_75t_R
transtop/sp/U686               4.541e-05   3.126e-05   7.675e-05   8.243e-08  A2O1A1Ixp33_ASAP7_75t_R
transtop/sp/U1316              4.925e-05   2.736e-05    7.67e-05   8.243e-08  A2O1A1Ixp33_ASAP7_75t_R
transtop/sp/U1094              4.672e-05    2.99e-05    7.67e-05   8.243e-08  A2O1A1Ixp33_ASAP7_75t_R
transtop/sp/U232               4.167e-05   3.493e-05   7.668e-05   8.243e-08  A2O1A1Ixp33_ASAP7_75t_R
transtop/sp/U1328              4.482e-05   3.176e-05   7.666e-05   8.243e-08  A2O1A1Ixp33_ASAP7_75t_R
transtop/sp/U478               4.482e-05   3.176e-05   7.666e-05   8.243e-08  A2O1A1Ixp33_ASAP7_75t_R
transtop/sp/U1304              4.167e-05   3.487e-05   7.662e-05   8.243e-08  A2O1A1Ixp33_ASAP7_75t_R
transtop/sp/U184               4.293e-05   3.359e-05   7.661e-05   8.243e-08  A2O1A1Ixp33_ASAP7_75t_R
transtop/sp/U1026              4.548e-05   3.104e-05   7.661e-05   8.243e-08  A2O1A1Ixp33_ASAP7_75t_R
transtop/sp/U1319              4.926e-05   2.725e-05   7.659e-05   8.243e-08  A2O1A1Ixp33_ASAP7_75t_R
transtop/sp/U677               4.717e-05   2.933e-05   7.658e-05   8.243e-08  A2O1A1Ixp33_ASAP7_75t_R
transtop/sp/U334                4.47e-05   3.179e-05   7.658e-05   8.243e-08  A2O1A1Ixp33_ASAP7_75t_R
transtop/sp/U1439              4.793e-05   2.856e-05   7.657e-05   8.243e-08  A2O1A1Ixp33_ASAP7_75t_R
transtop/sp/U372               4.607e-05    3.04e-05   7.656e-05   8.243e-08  A2O1A1Ixp33_ASAP7_75t_R
transtop/sp/U1097              4.233e-05   3.413e-05   7.654e-05   8.243e-08  A2O1A1Ixp33_ASAP7_75t_R
transtop/sp/U794               4.473e-05    3.17e-05   7.652e-05   8.243e-08  A2O1A1Ixp33_ASAP7_75t_R
transtop/sp/U710               4.747e-05   2.895e-05    7.65e-05   8.243e-08  A2O1A1Ixp33_ASAP7_75t_R
transtop/sp/U791               4.608e-05   3.031e-05   7.647e-05   8.243e-08  A2O1A1Ixp33_ASAP7_75t_R
transtop/sp/U815               4.281e-05   3.358e-05   7.647e-05   8.243e-08  A2O1A1Ixp33_ASAP7_75t_R
transtop/sp/U1256              4.615e-05    3.02e-05   7.643e-05   8.243e-08  A2O1A1Ixp33_ASAP7_75t_R
transtop/sp/U383                4.48e-05   3.153e-05   7.642e-05   8.243e-08  A2O1A1Ixp33_ASAP7_75t_R
transtop/sp/U304               4.613e-05    3.02e-05   7.641e-05   8.243e-08  A2O1A1Ixp33_ASAP7_75t_R
transtop/sp/U427               4.927e-05   2.699e-05   7.634e-05   8.243e-08  A2O1A1Ixp33_ASAP7_75t_R
transtop/sp/U1403              4.603e-05   3.019e-05   7.631e-05   8.243e-08  A2O1A1Ixp33_ASAP7_75t_R
transtop/sp/U855               4.697e-05    2.92e-05   7.625e-05   8.243e-08  A2O1A1Ixp33_ASAP7_75t_R
transtop/sp/U849               4.635e-05   2.981e-05   7.625e-05   8.243e-08  A2O1A1Ixp33_ASAP7_75t_R
transtop/sp/U918               4.548e-05   3.068e-05   7.624e-05   8.243e-08  A2O1A1Ixp33_ASAP7_75t_R
transtop/sp/U460               4.485e-05   3.129e-05   7.623e-05   8.243e-08  A2O1A1Ixp33_ASAP7_75t_R
transtop/sp/U1274              4.636e-05   2.973e-05   7.617e-05   8.243e-08  A2O1A1Ixp33_ASAP7_75t_R
transtop/sp/U1499              4.232e-05   3.373e-05   7.613e-05   8.243e-08  A2O1A1Ixp33_ASAP7_75t_R
transtop/sp/U346               4.482e-05   3.121e-05   7.611e-05   8.243e-08  A2O1A1Ixp33_ASAP7_75t_R
transtop/sp/U641               4.639e-05   2.964e-05   7.611e-05   8.243e-08  A2O1A1Ixp33_ASAP7_75t_R
transtop/sp/U635               4.698e-05   2.904e-05   7.611e-05   8.243e-08  A2O1A1Ixp33_ASAP7_75t_R
transtop/sp/U924               4.636e-05   2.966e-05    7.61e-05   8.243e-08  A2O1A1Ixp33_ASAP7_75t_R
transtop/sp/U454               4.545e-05   3.055e-05   7.608e-05   8.243e-08  A2O1A1Ixp33_ASAP7_75t_R
transtop/sp/U1298              4.643e-05   2.952e-05   7.603e-05   8.243e-08  A2O1A1Ixp33_ASAP7_75t_R
transtop/sp/U993               4.637e-05   2.956e-05   7.601e-05   8.243e-08  A2O1A1Ixp33_ASAP7_75t_R
transtop/sp/U1145              4.341e-05   3.252e-05   7.601e-05   8.243e-08  A2O1A1Ixp33_ASAP7_75t_R
transtop/sp/U704               4.654e-05   2.938e-05     7.6e-05   8.243e-08  A2O1A1Ixp33_ASAP7_75t_R
transtop/sp/U602               4.638e-05   2.948e-05   7.594e-05   8.243e-08  A2O1A1Ixp33_ASAP7_75t_R
transtop/sp/U1397              4.653e-05   2.933e-05   7.594e-05   8.243e-08  A2O1A1Ixp33_ASAP7_75t_R
transtop/sp/U1208              4.339e-05   3.243e-05    7.59e-05   8.243e-08  A2O1A1Ixp33_ASAP7_75t_R
transtop/sp/U665               4.637e-05   2.945e-05    7.59e-05   8.243e-08  A2O1A1Ixp33_ASAP7_75t_R
transtop/sp/U987               4.482e-05   3.099e-05   7.589e-05   8.243e-08  A2O1A1Ixp33_ASAP7_75t_R
transtop/sp/U1054              4.476e-05   3.104e-05   7.588e-05   8.243e-08  A2O1A1Ixp33_ASAP7_75t_R
transtop/sp/U812               4.653e-05   2.926e-05   7.587e-05   8.243e-08  A2O1A1Ixp33_ASAP7_75t_R
transtop/sp/U1064               4.61e-05   2.969e-05   7.587e-05   8.243e-08  A2O1A1Ixp33_ASAP7_75t_R
transtop/sp/U539               4.701e-05   2.876e-05   7.586e-05   8.243e-08  A2O1A1Ixp33_ASAP7_75t_R
transtop/sp/U1241              4.819e-05   2.756e-05   7.584e-05   8.243e-08  A2O1A1Ixp33_ASAP7_75t_R
transtop/sp/U900               4.163e-05   3.412e-05   7.583e-05   8.243e-08  A2O1A1Ixp33_ASAP7_75t_R
transtop/sp/U659               4.606e-05   2.966e-05   7.581e-05   8.243e-08  A2O1A1Ixp33_ASAP7_75t_R
transtop/sp/U999               4.932e-05    2.64e-05   7.579e-05   8.243e-08  A2O1A1Ixp33_ASAP7_75t_R
transtop/sp/U526               4.699e-05    2.87e-05   7.578e-05   8.243e-08  A2O1A1Ixp33_ASAP7_75t_R
transtop/sp/U734               4.637e-05   2.926e-05   7.572e-05   8.243e-08  A2O1A1Ixp33_ASAP7_75t_R
transtop/sp/U295               4.701e-05   2.862e-05   7.571e-05   8.243e-08  A2O1A1Ixp33_ASAP7_75t_R
transtop/sp/U1190              4.232e-05   3.331e-05   7.571e-05   8.243e-08  A2O1A1Ixp33_ASAP7_75t_R
transtop/sp/U629               4.234e-05   3.323e-05   7.565e-05   8.243e-08  A2O1A1Ixp33_ASAP7_75t_R
transtop/sp/U1076              4.552e-05   3.003e-05   7.563e-05   8.243e-08  A2O1A1Ixp33_ASAP7_75t_R
transtop/sp/U1223              4.702e-05   2.853e-05   7.562e-05   8.243e-08  A2O1A1Ixp33_ASAP7_75t_R
transtop/sp/U1124              4.656e-05   2.896e-05    7.56e-05   8.243e-08  A2O1A1Ixp33_ASAP7_75t_R
transtop/sp/U1427              4.694e-05   2.855e-05   7.558e-05   8.243e-08  A2O1A1Ixp33_ASAP7_75t_R
transtop/sp/U115               4.485e-05   3.063e-05   7.556e-05   8.243e-08  A2O1A1Ixp33_ASAP7_75t_R
transtop/sp/U202               4.545e-05       3e-05   7.553e-05   8.243e-08  A2O1A1Ixp33_ASAP7_75t_R
transtop/sp/U1169              4.656e-05   2.889e-05   7.553e-05   8.243e-08  A2O1A1Ixp33_ASAP7_75t_R
transtop/sp/U508               4.835e-05   2.709e-05   7.552e-05   8.243e-08  A2O1A1Ixp33_ASAP7_75t_R
transtop/sp/U518               4.639e-05   2.903e-05   7.551e-05   8.243e-08  A2O1A1Ixp33_ASAP7_75t_R
transtop/sp/U939               4.699e-05   2.842e-05   7.549e-05   8.243e-08  A2O1A1Ixp33_ASAP7_75t_R
transtop/sp/U1050               4.62e-05   2.921e-05   7.549e-05   8.243e-08  A2O1A1Ixp33_ASAP7_75t_R
transtop/sp/U1520              4.835e-05   2.705e-05   7.548e-05   8.243e-08  A2O1A1Ixp33_ASAP7_75t_R
transtop/sp/U1121              4.322e-05   3.217e-05   7.547e-05   8.243e-08  A2O1A1Ixp33_ASAP7_75t_R
transtop/sp/U481               4.472e-05   3.066e-05   7.546e-05   8.243e-08  A2O1A1Ixp33_ASAP7_75t_R
transtop/sp/U837               4.485e-05   3.047e-05   7.541e-05   8.243e-08  A2O1A1Ixp33_ASAP7_75t_R
transtop/sp/U502               4.546e-05   2.986e-05   7.541e-05   8.243e-08  A2O1A1Ixp33_ASAP7_75t_R
transtop/sp/U1196              4.656e-05   2.876e-05    7.54e-05   8.243e-08  A2O1A1Ixp33_ASAP7_75t_R
transtop/sp/U891               4.169e-05    3.36e-05   7.537e-05   8.243e-08  A2O1A1Ixp33_ASAP7_75t_R
transtop/sp/U737               4.553e-05   2.974e-05   7.535e-05   8.243e-08  A2O1A1Ixp33_ASAP7_75t_R
transtop/sp/U903               4.487e-05   3.039e-05   7.534e-05   8.243e-08  A2O1A1Ixp33_ASAP7_75t_R
transtop/sp/U1199              4.473e-05   3.053e-05   7.534e-05   8.243e-08  A2O1A1Ixp33_ASAP7_75t_R
transtop/sp/U130               4.486e-05   3.039e-05   7.533e-05   8.243e-08  A2O1A1Ixp33_ASAP7_75t_R
transtop/sp/U1337              4.484e-05   3.039e-05   7.532e-05   8.243e-08  A2O1A1Ixp33_ASAP7_75t_R
transtop/sp/U818               4.639e-05   2.884e-05   7.531e-05   8.243e-08  A2O1A1Ixp33_ASAP7_75t_R
transtop/sp/U1030              4.612e-05    2.91e-05   7.531e-05   8.243e-08  A2O1A1Ixp33_ASAP7_75t_R
transtop/sp/U1466              4.546e-05   2.975e-05   7.529e-05   8.243e-08  A2O1A1Ixp33_ASAP7_75t_R
transtop/sp/U803               4.638e-05   2.878e-05   7.524e-05   8.243e-08  A2O1A1Ixp33_ASAP7_75t_R
transtop/sp/U1517              4.753e-05   2.762e-05   7.523e-05   8.243e-08  A2O1A1Ixp33_ASAP7_75t_R
transtop/sp/U1523               4.64e-05   2.872e-05    7.52e-05   8.243e-08  A2O1A1Ixp33_ASAP7_75t_R
transtop/sp/U241               4.704e-05   2.804e-05   7.517e-05   8.243e-08  A2O1A1Ixp33_ASAP7_75t_R
transtop/sp/U325               4.338e-05   3.167e-05   7.513e-05   8.243e-08  A2O1A1Ixp33_ASAP7_75t_R
transtop/sp/U1046              4.609e-05   2.896e-05   7.513e-05   8.243e-08  A2O1A1Ixp33_ASAP7_75t_R
transtop/sp/U731               4.704e-05   2.798e-05    7.51e-05   8.243e-08  A2O1A1Ixp33_ASAP7_75t_R
transtop/sp/U755               4.613e-05   2.888e-05   7.509e-05   8.243e-08  A2O1A1Ixp33_ASAP7_75t_R
transtop/sp/U1070              4.701e-05   2.796e-05   7.506e-05   8.243e-08  A2O1A1Ixp33_ASAP7_75t_R
transtop/sp/U1388              4.337e-05   3.159e-05   7.504e-05   8.243e-08  A2O1A1Ixp33_ASAP7_75t_R
transtop/sp/U876               4.622e-05    2.87e-05     7.5e-05   8.243e-08  A2O1A1Ixp33_ASAP7_75t_R
transtop/sp/U797                4.64e-05    2.85e-05   7.498e-05   8.243e-08  A2O1A1Ixp33_ASAP7_75t_R
transtop/sp/U1409              4.609e-05   2.876e-05   7.493e-05   8.243e-08  A2O1A1Ixp33_ASAP7_75t_R
transtop/sp/U1331              4.703e-05   2.782e-05   7.493e-05   8.243e-08  A2O1A1Ixp33_ASAP7_75t_R
transtop/sp/U632               4.642e-05   2.838e-05   7.488e-05   8.243e-08  A2O1A1Ixp33_ASAP7_75t_R
transtop/sp/U563               4.478e-05       3e-05   7.487e-05   8.243e-08  A2O1A1Ixp33_ASAP7_75t_R
transtop/sp/U61                4.485e-05   2.993e-05   7.486e-05   8.243e-08  A2O1A1Ixp33_ASAP7_75t_R
transtop/sp/U148               4.234e-05   3.244e-05   7.486e-05   8.243e-08  A2O1A1Ixp33_ASAP7_75t_R
transtop/sp/U626               4.162e-05   3.313e-05   7.483e-05   8.243e-08  A2O1A1Ixp33_ASAP7_75t_R
transtop/sp/U1334               4.61e-05   2.865e-05   7.483e-05   8.243e-08  A2O1A1Ixp33_ASAP7_75t_R
transtop/sp/U975               4.487e-05   2.986e-05   7.482e-05   8.243e-08  A2O1A1Ixp33_ASAP7_75t_R
transtop/sp/U1103              4.485e-05   2.989e-05   7.482e-05   8.243e-08  A2O1A1Ixp33_ASAP7_75t_R
transtop/sp/U1127              4.479e-05   2.994e-05   7.481e-05   8.243e-08  A2O1A1Ixp33_ASAP7_75t_R
transtop/sp/U1442              4.706e-05   2.764e-05   7.479e-05   8.243e-08  A2O1A1Ixp33_ASAP7_75t_R
transtop/sp/U484               4.553e-05   2.916e-05   7.477e-05   8.243e-08  A2O1A1Ixp33_ASAP7_75t_R
transtop/sp/U1229              4.548e-05   2.916e-05   7.473e-05   8.243e-08  A2O1A1Ixp33_ASAP7_75t_R
transtop/sp/U954               4.336e-05   3.127e-05   7.472e-05   8.243e-08  A2O1A1Ixp33_ASAP7_75t_R
transtop/sp/U1535              4.552e-05    2.91e-05   7.471e-05   8.243e-08  A2O1A1Ixp33_ASAP7_75t_R
transtop/sp/U1217              4.465e-05   2.997e-05    7.47e-05   8.243e-08  A2O1A1Ixp33_ASAP7_75t_R
transtop/sp/U1445              4.168e-05   3.293e-05    7.47e-05   8.243e-08  A2O1A1Ixp33_ASAP7_75t_R
transtop/sp/U599               4.646e-05   2.815e-05   7.469e-05   8.243e-08  A2O1A1Ixp33_ASAP7_75t_R
transtop/sp/U1379              4.654e-05   2.804e-05   7.467e-05   8.243e-08  A2O1A1Ixp33_ASAP7_75t_R
transtop/sp/U244               4.285e-05   3.166e-05   7.459e-05   8.243e-08  A2O1A1Ixp33_ASAP7_75t_R
transtop/sp/U1349              4.486e-05   2.963e-05   7.457e-05   8.243e-08  A2O1A1Ixp33_ASAP7_75t_R
transtop/sp/U656               4.642e-05   2.804e-05   7.455e-05   8.243e-08  A2O1A1Ixp33_ASAP7_75t_R
transtop/sp/U1370              4.293e-05   3.152e-05   7.453e-05   8.243e-08  A2O1A1Ixp33_ASAP7_75t_R
transtop/sp/U1181              4.486e-05   2.959e-05   7.453e-05   8.243e-08  A2O1A1Ixp33_ASAP7_75t_R
transtop/sp/U490               4.486e-05   2.957e-05   7.451e-05   8.243e-08  A2O1A1Ixp33_ASAP7_75t_R
transtop/sp/U1361              4.481e-05   2.961e-05    7.45e-05   8.243e-08  A2O1A1Ixp33_ASAP7_75t_R
transtop/sp/U378               4.489e-05   2.951e-05   7.448e-05   8.243e-08  A2O1A1Ixp33_ASAP7_75t_R
transtop/sp/U448               4.479e-05   2.961e-05   7.448e-05   8.243e-08  A2O1A1Ixp33_ASAP7_75t_R
transtop/sp/U969               4.549e-05    2.89e-05   7.447e-05   8.243e-08  A2O1A1Ixp33_ASAP7_75t_R
transtop/sp/U316               4.627e-05   2.812e-05   7.447e-05   8.243e-08  A2O1A1Ixp33_ASAP7_75t_R
transtop/sp/U1457              4.314e-05   3.123e-05   7.445e-05   8.243e-08  A2O1A1Ixp33_ASAP7_75t_R
transtop/sp/U1175              4.297e-05   3.139e-05   7.444e-05   8.243e-08  A2O1A1Ixp33_ASAP7_75t_R
transtop/sp/U1415               4.49e-05   2.945e-05   7.444e-05   8.243e-08  A2O1A1Ixp33_ASAP7_75t_R
transtop/sp/U301                4.47e-05    2.96e-05   7.439e-05   8.243e-08  A2O1A1Ixp33_ASAP7_75t_R
transtop/sp/U256               4.476e-05   2.954e-05   7.439e-05   8.243e-08  A2O1A1Ixp33_ASAP7_75t_R
transtop/sp/U1211              4.489e-05    2.94e-05   7.437e-05   8.243e-08  A2O1A1Ixp33_ASAP7_75t_R
transtop/sp/U421               4.642e-05   2.786e-05   7.436e-05   8.243e-08  A2O1A1Ixp33_ASAP7_75t_R
transtop/sp/U1154              4.621e-05   2.806e-05   7.435e-05   8.243e-08  A2O1A1Ixp33_ASAP7_75t_R
transtop/sp/U124               4.489e-05   2.937e-05   7.435e-05   8.243e-08  A2O1A1Ixp33_ASAP7_75t_R
transtop/sp/U764               4.479e-05   2.946e-05   7.434e-05   8.243e-08  A2O1A1Ixp33_ASAP7_75t_R
transtop/sp/U398                4.62e-05   2.803e-05   7.431e-05   8.243e-08  A2O1A1Ixp33_ASAP7_75t_R
transtop/sp/U160               4.547e-05   2.876e-05   7.431e-05   8.243e-08  A2O1A1Ixp33_ASAP7_75t_R
transtop/sp/U1406              4.344e-05   3.077e-05   7.429e-05   8.243e-08  A2O1A1Ixp33_ASAP7_75t_R
transtop/sp/U779                4.17e-05   3.249e-05   7.428e-05   8.243e-08  A2O1A1Ixp33_ASAP7_75t_R
transtop/sp/U1148              4.297e-05   3.121e-05   7.427e-05   8.243e-08  A2O1A1Ixp33_ASAP7_75t_R
transtop/sp/U707               4.487e-05    2.93e-05   7.425e-05   8.243e-08  A2O1A1Ixp33_ASAP7_75t_R
transtop/sp/U356                4.48e-05   2.936e-05   7.424e-05   8.243e-08  A2O1A1Ixp33_ASAP7_75t_R
transtop/sp/U1277               4.49e-05   2.921e-05   7.419e-05   8.243e-08  A2O1A1Ixp33_ASAP7_75t_R
transtop/sp/U1226              4.552e-05   2.859e-05   7.419e-05   8.243e-08  A2O1A1Ixp33_ASAP7_75t_R
transtop/sp/U752               4.236e-05   3.174e-05   7.418e-05   8.243e-08  A2O1A1Ixp33_ASAP7_75t_R
transtop/sp/U85                 4.49e-05    2.92e-05   7.418e-05   8.243e-08  A2O1A1Ixp33_ASAP7_75t_R
transtop/sp/U1115              4.551e-05   2.858e-05   7.417e-05   8.243e-08  A2O1A1Ixp33_ASAP7_75t_R
transtop/sp/U873               4.491e-05   2.917e-05   7.416e-05   8.243e-08  A2O1A1Ixp33_ASAP7_75t_R
transtop/sp/U169               4.234e-05   3.172e-05   7.414e-05   8.243e-08  A2O1A1Ixp33_ASAP7_75t_R
transtop/sp/U298               4.556e-05    2.85e-05   7.414e-05   8.243e-08  A2O1A1Ixp33_ASAP7_75t_R
transtop/sp/U560               4.337e-05   3.069e-05   7.414e-05   8.243e-08  A2O1A1Ixp33_ASAP7_75t_R
transtop/sp/U445               4.557e-05   2.848e-05   7.413e-05   8.243e-08  A2O1A1Ixp33_ASAP7_75t_R
transtop/sp/U487                4.55e-05   2.854e-05   7.413e-05   8.243e-08  A2O1A1Ixp33_ASAP7_75t_R
transtop/sp/U725               4.621e-05   2.783e-05   7.413e-05   8.243e-08  A2O1A1Ixp33_ASAP7_75t_R
transtop/sp/U1526               4.48e-05   2.922e-05    7.41e-05   8.243e-08  A2O1A1Ixp33_ASAP7_75t_R
transtop/sp/U64                4.236e-05   3.163e-05   7.408e-05   8.243e-08  A2O1A1Ixp33_ASAP7_75t_R
transtop/sp/U701               4.338e-05   3.062e-05   7.408e-05   8.243e-08  A2O1A1Ixp33_ASAP7_75t_R
transtop/sp/U442               4.662e-05   2.736e-05   7.406e-05   8.243e-08  A2O1A1Ixp33_ASAP7_75t_R
transtop/sp/U1478               4.49e-05   2.907e-05   7.405e-05   8.243e-08  A2O1A1Ixp33_ASAP7_75t_R
transtop/sp/U163               4.613e-05   2.781e-05   7.403e-05   8.243e-08  A2O1A1Ixp33_ASAP7_75t_R
transtop/sp/U1151              4.663e-05    2.73e-05   7.401e-05   8.243e-08  A2O1A1Ixp33_ASAP7_75t_R
transtop/sp/U575                4.49e-05   2.903e-05   7.401e-05   8.243e-08  A2O1A1Ixp33_ASAP7_75t_R
transtop/sp/U1042               4.49e-05   2.901e-05   7.399e-05   8.243e-08  A2O1A1Ixp33_ASAP7_75t_R
transtop/sp/U235               4.343e-05   3.046e-05   7.398e-05   8.243e-08  A2O1A1Ixp33_ASAP7_75t_R
transtop/sp/U620               4.296e-05   3.093e-05   7.397e-05   8.243e-08  A2O1A1Ixp33_ASAP7_75t_R
transtop/sp/U1385              4.342e-05   3.046e-05   7.396e-05   8.243e-08  A2O1A1Ixp33_ASAP7_75t_R
transtop/sp/U319               4.645e-05    2.74e-05   7.392e-05   8.243e-08  A2O1A1Ixp33_ASAP7_75t_R
transtop/sp/U1017              4.481e-05   2.903e-05   7.392e-05   8.243e-08  A2O1A1Ixp33_ASAP7_75t_R
transtop/sp/U1163              4.551e-05   2.833e-05   7.392e-05   8.243e-08  A2O1A1Ixp33_ASAP7_75t_R
transtop/sp/U1322               4.34e-05   3.043e-05   7.391e-05   8.243e-08  A2O1A1Ixp33_ASAP7_75t_R
transtop/sp/U611                4.66e-05   2.722e-05   7.391e-05   8.243e-08  A2O1A1Ixp33_ASAP7_75t_R
transtop/sp/U1061              4.337e-05   3.042e-05   7.387e-05   8.243e-08  A2O1A1Ixp33_ASAP7_75t_R
transtop/sp/U466               4.614e-05   2.765e-05   7.387e-05   8.243e-08  A2O1A1Ixp33_ASAP7_75t_R
transtop/sp/U430                4.48e-05   2.898e-05   7.386e-05   8.243e-08  A2O1A1Ixp33_ASAP7_75t_R
transtop/sp/U41                4.342e-05   3.034e-05   7.385e-05   8.243e-08  A2O1A1Ixp33_ASAP7_75t_R
transtop/sp/U1184              4.236e-05   3.135e-05   7.379e-05   8.243e-08  A2O1A1Ixp33_ASAP7_75t_R
transtop/sp/U196               4.491e-05    2.88e-05   7.379e-05   8.243e-08  A2O1A1Ixp33_ASAP7_75t_R
transtop/sp/U493               4.286e-05   3.084e-05   7.379e-05   8.243e-08  A2O1A1Ixp33_ASAP7_75t_R
transtop/sp/U229               4.491e-05   2.879e-05   7.378e-05   8.243e-08  A2O1A1Ixp33_ASAP7_75t_R
transtop/sp/U1265              4.482e-05   2.877e-05   7.368e-05   8.243e-08  A2O1A1Ixp33_ASAP7_75t_R
transtop/sp/U608               4.619e-05    2.74e-05   7.367e-05   8.243e-08  A2O1A1Ixp33_ASAP7_75t_R
transtop/sp/U800               4.614e-05   2.743e-05   7.365e-05   8.243e-08  A2O1A1Ixp33_ASAP7_75t_R
transtop/sp/U782                4.48e-05   2.876e-05   7.364e-05   8.243e-08  A2O1A1Ixp33_ASAP7_75t_R
transtop/sp/U436               4.624e-05   2.731e-05   7.363e-05   8.243e-08  A2O1A1Ixp33_ASAP7_75t_R
transtop/sp/U1358              4.489e-05   2.864e-05   7.362e-05   8.243e-08  A2O1A1Ixp33_ASAP7_75t_R
transtop/sp/U1496              4.623e-05    2.73e-05   7.362e-05   8.243e-08  A2O1A1Ixp33_ASAP7_75t_R
transtop/sp/U927               4.315e-05   3.031e-05   7.355e-05   8.243e-08  A2O1A1Ixp33_ASAP7_75t_R
transtop/sp/U722               4.343e-05   3.003e-05   7.354e-05   8.243e-08  A2O1A1Ixp33_ASAP7_75t_R
transtop/sp/U1448              4.344e-05   3.001e-05   7.353e-05   8.243e-08  A2O1A1Ixp33_ASAP7_75t_R
transtop/sp/U1460              4.646e-05   2.696e-05   7.351e-05   8.243e-08  A2O1A1Ixp33_ASAP7_75t_R
U131                           2.469e-05   4.871e-05   7.345e-05   4.706e-08  OAI21xp33_ASAP7_75t_R
transtop/sp/U746               4.482e-05   2.853e-05   7.344e-05   8.243e-08  A2O1A1Ixp33_ASAP7_75t_R
transtop/sp/U996               4.345e-05   2.989e-05   7.342e-05   8.243e-08  A2O1A1Ixp33_ASAP7_75t_R
transtop/sp/U530               4.297e-05   3.036e-05   7.341e-05   8.243e-08  A2O1A1Ixp33_ASAP7_75t_R
transtop/sp/U1280              4.483e-05   2.842e-05   7.333e-05   8.243e-08  A2O1A1Ixp33_ASAP7_75t_R
transtop/sp/U650                4.34e-05   2.983e-05   7.332e-05   8.243e-08  A2O1A1Ixp33_ASAP7_75t_R
transtop/sp/U181               4.316e-05   3.006e-05    7.33e-05   8.243e-08  A2O1A1Ixp33_ASAP7_75t_R
transtop/sp/U776               4.237e-05    3.08e-05   7.326e-05   8.243e-08  A2O1A1Ixp33_ASAP7_75t_R
transtop/sp/U1433               4.48e-05   2.838e-05   7.326e-05   8.243e-08  A2O1A1Ixp33_ASAP7_75t_R
transtop/sp/U785               4.236e-05   3.074e-05   7.318e-05   8.243e-08  A2O1A1Ixp33_ASAP7_75t_R
transtop/sp/U984               4.484e-05   2.826e-05   7.318e-05   8.243e-08  A2O1A1Ixp33_ASAP7_75t_R
transtop/sp/U719                4.48e-05   2.825e-05   7.314e-05   8.243e-08  A2O1A1Ixp33_ASAP7_75t_R
transtop/sp/U689               4.484e-05   2.815e-05   7.307e-05   8.243e-08  A2O1A1Ixp33_ASAP7_75t_R
transtop/sp/U1355              4.342e-05   2.954e-05   7.304e-05   8.243e-08  A2O1A1Ixp33_ASAP7_75t_R
transtop/sp/U247               4.493e-05     2.8e-05   7.301e-05   8.243e-08  A2O1A1Ixp33_ASAP7_75t_R
transtop/sp/U1268                4.3e-05   2.987e-05   7.296e-05   8.243e-08  A2O1A1Ixp33_ASAP7_75t_R
transtop/sp/U966               4.336e-05   2.949e-05   7.293e-05   8.243e-08  A2O1A1Ixp33_ASAP7_75t_R
transtop/sp/U978               4.298e-05   2.986e-05   7.291e-05   8.243e-08  A2O1A1Ixp33_ASAP7_75t_R
transtop/sp/U894               4.492e-05   2.784e-05   7.284e-05   8.243e-08  A2O1A1Ixp33_ASAP7_75t_R
transtop/sp/U151               4.345e-05   2.922e-05   7.275e-05   8.243e-08  A2O1A1Ixp33_ASAP7_75t_R
transtop/sp/U472               4.484e-05   2.782e-05   7.275e-05   8.243e-08  A2O1A1Ixp33_ASAP7_75t_R
transtop/sp/U343               4.345e-05    2.92e-05   7.273e-05   8.243e-08  A2O1A1Ixp33_ASAP7_75t_R
transtop/sp/U1202              4.347e-05   2.913e-05   7.268e-05   8.243e-08  A2O1A1Ixp33_ASAP7_75t_R
transtop/sp/U1178              4.238e-05   3.019e-05   7.266e-05   8.243e-08  A2O1A1Ixp33_ASAP7_75t_R
transtop/sp/U674               4.342e-05   2.914e-05   7.264e-05   8.243e-08  A2O1A1Ixp33_ASAP7_75t_R
transtop/sp/U1172              4.485e-05    2.77e-05   7.264e-05   8.243e-08  A2O1A1Ixp33_ASAP7_75t_R
transtop/sp/U253               4.485e-05   2.767e-05    7.26e-05   8.243e-08  A2O1A1Ixp33_ASAP7_75t_R
transtop/sp/U280               4.347e-05   2.904e-05    7.26e-05   8.243e-08  A2O1A1Ixp33_ASAP7_75t_R
transtop/sp/U322               4.494e-05   2.756e-05   7.259e-05   8.243e-08  A2O1A1Ixp33_ASAP7_75t_R
transtop/sp/U581               4.317e-05    2.93e-05   7.256e-05   8.243e-08  A2O1A1Ixp33_ASAP7_75t_R
transtop/sp/U157               4.299e-05   2.947e-05   7.255e-05   8.243e-08  A2O1A1Ixp33_ASAP7_75t_R
transtop/sp/U79                4.482e-05   2.764e-05   7.255e-05   8.243e-08  A2O1A1Ixp33_ASAP7_75t_R
transtop/sp/U1067              4.495e-05   2.747e-05    7.25e-05   8.243e-08  A2O1A1Ixp33_ASAP7_75t_R
transtop/sp/U1373              4.483e-05   2.759e-05    7.25e-05   8.243e-08  A2O1A1Ixp33_ASAP7_75t_R
transtop/sp/U852               4.339e-05   2.901e-05   7.249e-05   8.243e-08  A2O1A1Ixp33_ASAP7_75t_R
transtop/sp/U1085              4.235e-05       3e-05   7.244e-05   8.243e-08  A2O1A1Ixp33_ASAP7_75t_R
transtop/sp/U1493              4.345e-05   2.891e-05   7.244e-05   8.243e-08  A2O1A1Ixp33_ASAP7_75t_R
transtop/sp/U617               4.496e-05   2.728e-05   7.233e-05   8.243e-08  A2O1A1Ixp33_ASAP7_75t_R
transtop/sp/U1418              4.493e-05   2.731e-05   7.232e-05   8.243e-08  A2O1A1Ixp33_ASAP7_75t_R
transtop/sp/U758               4.486e-05   2.736e-05   7.231e-05   8.243e-08  A2O1A1Ixp33_ASAP7_75t_R
transtop/sp/U1472              4.341e-05   2.873e-05   7.222e-05   8.243e-08  A2O1A1Ixp33_ASAP7_75t_R
transtop/sp/U94                4.346e-05   2.867e-05   7.221e-05   8.243e-08  A2O1A1Ixp33_ASAP7_75t_R
transtop/sp/U340               4.347e-05   2.865e-05    7.22e-05   8.243e-08  A2O1A1Ixp33_ASAP7_75t_R
transtop/sp/U1130              4.318e-05   2.889e-05   7.215e-05   8.243e-08  A2O1A1Ixp33_ASAP7_75t_R
transtop/sp/U948               4.345e-05    2.86e-05   7.214e-05   8.243e-08  A2O1A1Ixp33_ASAP7_75t_R
transtop/sp/U172               4.623e-05   2.577e-05   7.209e-05   8.243e-08  A2O1A1Ixp33_ASAP7_75t_R
transtop/sp/U945               4.172e-05   3.027e-05   7.207e-05   8.243e-08  A2O1A1Ixp33_ASAP7_75t_R
transtop/sp/U846               4.484e-05   2.714e-05   7.207e-05   8.243e-08  A2O1A1Ixp33_ASAP7_75t_R
transtop/sp/U1514              4.289e-05   2.909e-05   7.206e-05   8.243e-08  A2O1A1Ixp33_ASAP7_75t_R
transtop/sp/U283               4.653e-05   2.543e-05   7.204e-05   8.243e-08  A2O1A1Ixp33_ASAP7_75t_R
transtop/sp/U388               4.499e-05   2.696e-05   7.204e-05   8.243e-08  A2O1A1Ixp33_ASAP7_75t_R
transtop/sp/U662               4.341e-05    2.85e-05     7.2e-05   8.243e-08  A2O1A1Ixp33_ASAP7_75t_R
transtop/sp/U1133              4.498e-05   2.693e-05   7.199e-05   8.243e-08  A2O1A1Ixp33_ASAP7_75t_R
transtop/sp/U424               4.294e-05   2.893e-05   7.195e-05   8.243e-08  A2O1A1Ixp33_ASAP7_75t_R
transtop/sp/U1250              4.486e-05   2.701e-05   7.195e-05   8.243e-08  A2O1A1Ixp33_ASAP7_75t_R
transtop/sp/U888                4.29e-05   2.895e-05   7.193e-05   8.243e-08  A2O1A1Ixp33_ASAP7_75t_R
transtop/sp/U614               4.488e-05    2.69e-05   7.186e-05   8.243e-08  A2O1A1Ixp33_ASAP7_75t_R
transtop/sp/U843                4.29e-05   2.883e-05    7.18e-05   8.243e-08  A2O1A1Ixp33_ASAP7_75t_R
transtop/sp/U647               4.328e-05   2.844e-05    7.18e-05   8.243e-08  A2O1A1Ixp33_ASAP7_75t_R
transtop/sp/U103               4.173e-05   2.996e-05   7.177e-05   8.243e-08  A2O1A1Ixp33_ASAP7_75t_R
transtop/sp/U671                4.16e-05   3.007e-05   7.176e-05   8.243e-08  A2O1A1Ixp33_ASAP7_75t_R
transtop/sp/U1118               4.35e-05   2.813e-05   7.171e-05   8.243e-08  A2O1A1Ixp33_ASAP7_75t_R
transtop/sp/U505               4.349e-05   2.812e-05   7.169e-05   8.243e-08  A2O1A1Ixp33_ASAP7_75t_R
transtop/sp/U695               4.623e-05   2.537e-05   7.168e-05   8.243e-08  A2O1A1Ixp33_ASAP7_75t_R
transtop/sp/U1367               4.17e-05   2.982e-05    7.16e-05   8.243e-08  A2O1A1Ixp33_ASAP7_75t_R
transtop/sp/U1244              4.488e-05   2.663e-05   7.159e-05   8.243e-08  A2O1A1Ixp33_ASAP7_75t_R
transtop/sp/U638               4.493e-05   2.653e-05   7.154e-05   8.243e-08  A2O1A1Ixp33_ASAP7_75t_R
transtop/sp/U70                4.567e-05   2.576e-05   7.151e-05   8.243e-08  A2O1A1Ixp33_ASAP7_75t_R
transtop/sp/U457               4.345e-05   2.794e-05   7.148e-05   8.243e-08  A2O1A1Ixp33_ASAP7_75t_R
transtop/sp/U475               4.299e-05   2.831e-05   7.139e-05   8.243e-08  A2O1A1Ixp33_ASAP7_75t_R
transtop/sp/U981               4.346e-05   2.782e-05   7.136e-05   8.243e-08  A2O1A1Ixp33_ASAP7_75t_R
transtop/sp/U121               4.567e-05   2.559e-05   7.134e-05   8.243e-08  A2O1A1Ixp33_ASAP7_75t_R
transtop/sp/U1532              4.173e-05   2.949e-05    7.13e-05   8.243e-08  A2O1A1Ixp33_ASAP7_75t_R
transtop/sp/U1484               4.24e-05   2.879e-05   7.127e-05   8.243e-08  A2O1A1Ixp33_ASAP7_75t_R
transtop/sp/U683                4.32e-05   2.786e-05   7.114e-05   8.243e-08  A2O1A1Ixp33_ASAP7_75t_R
transtop/mem/U12               3.604e-05   3.502e-05   7.114e-05   8.622e-08  O2A1O1Ixp33_ASAP7_75t_R
transtop/sp/U1505              4.161e-05   2.939e-05   7.108e-05   8.243e-08  A2O1A1Ixp33_ASAP7_75t_R
transtop/sp/U584               4.172e-05   2.917e-05   7.097e-05   8.243e-08  A2O1A1Ixp33_ASAP7_75t_R
transtop/sp/U951               4.332e-05   2.756e-05   7.096e-05   8.243e-08  A2O1A1Ixp33_ASAP7_75t_R
transtop/sp/U1463              4.344e-05   2.744e-05   7.096e-05   8.243e-08  A2O1A1Ixp33_ASAP7_75t_R
transtop/sp/U274               4.173e-05   2.913e-05   7.094e-05   8.243e-08  A2O1A1Ixp33_ASAP7_75t_R
transtop/sp/U1346              4.292e-05   2.788e-05   7.088e-05   8.243e-08  A2O1A1Ixp33_ASAP7_75t_R
transtop/sp/U127               4.321e-05    2.75e-05   7.079e-05   8.243e-08  A2O1A1Ixp33_ASAP7_75t_R
transtop/sp/U337               4.491e-05    2.57e-05    7.07e-05   8.243e-08  A2O1A1Ixp33_ASAP7_75t_R
transtop/sp/U166               4.349e-05   2.712e-05   7.069e-05   8.243e-08  A2O1A1Ixp33_ASAP7_75t_R
transtop/sp/U226               4.304e-05   2.753e-05   7.065e-05   8.243e-08  A2O1A1Ixp33_ASAP7_75t_R
transtop/sp/U106               4.174e-05   2.875e-05   7.057e-05   8.243e-08  A2O1A1Ixp33_ASAP7_75t_R
transtop/sp/U439               4.303e-05   2.729e-05    7.04e-05   8.243e-08  A2O1A1Ixp33_ASAP7_75t_R
transtop/sp/U307                4.24e-05   2.789e-05   7.037e-05   8.243e-08  A2O1A1Ixp33_ASAP7_75t_R
transtop/sp/U463               4.302e-05   2.722e-05   7.032e-05   8.243e-08  A2O1A1Ixp33_ASAP7_75t_R
transtop/sp/U542               4.343e-05   2.677e-05   7.028e-05   8.243e-08  A2O1A1Ixp33_ASAP7_75t_R
transtop/sp/U522               4.173e-05   2.846e-05   7.026e-05   8.243e-08  A2O1A1Ixp33_ASAP7_75t_R
transtop/sp/U1023              4.301e-05   2.706e-05   7.015e-05   8.243e-08  A2O1A1Ixp33_ASAP7_75t_R
transtop/sp/U259               4.162e-05   2.823e-05   6.993e-05   8.243e-08  A2O1A1Ixp33_ASAP7_75t_R
transtop/sp/U1400               4.24e-05   2.737e-05   6.985e-05   8.243e-08  A2O1A1Ixp33_ASAP7_75t_R
transtop/sp/U369                4.17e-05   2.803e-05    6.98e-05   8.243e-08  A2O1A1Ixp33_ASAP7_75t_R
transtop/sp/U413                4.24e-05   2.723e-05   6.971e-05   8.243e-08  A2O1A1Ixp33_ASAP7_75t_R
transtop/sp/U361               4.242e-05   2.711e-05   6.962e-05   8.243e-08  A2O1A1Ixp33_ASAP7_75t_R
FE_RC_1_0                      2.092e-05   4.857e-05   6.955e-05   6.484e-08  AOI21xp5_ASAP7_75t_R
transtop/sp/U1112              4.173e-05   2.773e-05   6.954e-05   8.243e-08  A2O1A1Ixp33_ASAP7_75t_R
transtop/sp/U692               4.349e-05   2.593e-05    6.95e-05   8.243e-08  A2O1A1Ixp33_ASAP7_75t_R
transtop/sp/U58                4.325e-05   2.616e-05   6.949e-05   8.243e-08  A2O1A1Ixp33_ASAP7_75t_R
transtop/sp/U375               4.174e-05   2.696e-05   6.878e-05   8.243e-08  A2O1A1Ixp33_ASAP7_75t_R
U120                           1.364e-05   5.483e-05    6.85e-05   2.814e-08  NAND2xp33_ASAP7_75t_R
FE_RC_8_0                      2.644e-05   4.164e-05   6.815e-05   6.816e-08  AOI21xp5_ASAP7_75t_R
U139                           2.441e-05   4.248e-05   6.695e-05   6.313e-08  OAI21xp33_ASAP7_75t_R
transtop/tfsm/U81               2.97e-05   3.663e-05   6.637e-05   3.356e-08  NAND2xp33_ASAP7_75t_R
transtop/tfsm/U67              2.995e-05    3.55e-05   6.551e-05   5.357e-08  OAI21xp33_ASAP7_75t_R
U128                           1.693e-05   4.556e-05   6.251e-05   3.025e-08  NOR2xp33_ASAP7_75t_R
U145                           2.874e-05   3.321e-05     6.2e-05   4.772e-08  NOR3xp33_ASAP7_75t_R
U103                           2.333e-05   3.833e-05   6.172e-05   5.887e-08  OAI21xp33_ASAP7_75t_R
U149                           1.904e-05   3.927e-05   5.834e-05   3.165e-08  NAND2xp33_ASAP7_75t_R
transtop/mem/U10                2.36e-05   3.329e-05   5.694e-05   5.002e-08  OAI21xp33_ASAP7_75t_R
U156                            2.24e-05   3.278e-05   5.523e-05   4.524e-08  NAND3xp33_ASAP7_75t_R
U141                           2.969e-05   2.502e-05    5.48e-05   8.884e-08  O2A1O1Ixp33_ASAP7_75t_R
transtop/mem/U46               2.339e-05   2.921e-05   5.267e-05   7.776e-08  A2O1A1Ixp33_ASAP7_75t_R
transtop/tfsm/U11              1.149e-05    3.92e-05   5.074e-05    4.33e-08  NAND3xp33_ASAP7_75t_R
U143                           2.263e-05   2.743e-05   5.012e-05   6.678e-08  OAI22xp33_ASAP7_75t_R
U118                           1.463e-05   3.515e-05   4.984e-05   6.493e-08  OAI21xp33_ASAP7_75t_R
U136                           2.155e-05   2.724e-05   4.886e-05   6.714e-08  OAI22xp33_ASAP7_75t_R
transtop/tfsm/U10              4.317e-06   4.198e-05   4.631e-05   1.657e-08  INVxp33_ASAP7_75t_R
transtop/fwcr/U3                7.62e-06   3.798e-05   4.562e-05   1.703e-08  INVxp33_ASAP7_75t_R
U122                           1.308e-05   3.176e-05   4.486e-05   2.718e-08  NOR3xp33_ASAP7_75t_R
transtop/tfsm/U95              1.578e-05   2.803e-05   4.388e-05   7.113e-08  OAI21xp33_ASAP7_75t_R
U110                           1.709e-05   2.648e-05   4.364e-05    6.38e-08  OAI21xp33_ASAP7_75t_R
U113                           1.617e-05   2.701e-05   4.323e-05   5.971e-08  OAI21xp33_ASAP7_75t_R
transtop/tfsm/U97              1.676e-05   2.567e-05   4.246e-05   3.816e-08  NOR3xp33_ASAP7_75t_R
U105                           1.562e-05   2.655e-05   4.222e-05   4.621e-08  OAI21xp33_ASAP7_75t_R
transtop/tfsm/U50              1.919e-05   2.299e-05   4.221e-05   3.547e-08  OAI21xp33_ASAP7_75t_R
transtop/tfsm/U38              1.919e-05   2.291e-05   4.214e-05   3.548e-08  OAI21xp33_ASAP7_75t_R
transtop/tfsm/U56              1.919e-05   2.285e-05   4.208e-05   3.548e-08  OAI21xp33_ASAP7_75t_R
U134                           4.061e-06   3.695e-05   4.103e-05   1.709e-08  INVxp33_ASAP7_75t_R
transtop/tfsm/U5               1.209e-05   2.809e-05   4.021e-05   2.962e-08  NAND2xp33_ASAP7_75t_R
U129                           8.289e-06   3.067e-05   3.898e-05   1.721e-08  INVxp33_ASAP7_75t_R
U135                            7.62e-06     3.1e-05   3.866e-05   3.224e-08  NAND3xp33_ASAP7_75t_R
transtop/mem/U8                3.935e-06   3.356e-05   3.751e-05   1.709e-08  INVxp33_ASAP7_75t_R
U111                           3.952e-06   3.329e-05   3.726e-05   1.686e-08  INVxp33_ASAP7_75t_R
transtop/mem/U43               9.586e-06   2.723e-05   3.684e-05   3.193e-08  NOR2xp33_ASAP7_75t_R
U104                           1.394e-05   2.279e-05   3.678e-05   4.465e-08  NAND3xp33_ASAP7_75t_R
transtop/mem/U9                1.032e-05   2.601e-05   3.636e-05   3.205e-08  NAND2xp33_ASAP7_75t_R
U117                           9.501e-06    2.67e-05   3.624e-05   3.335e-08  NAND2xp33_ASAP7_75t_R
U125                           1.726e-05    1.68e-05    3.41e-05   4.219e-08  NAND3xp33_ASAP7_75t_R
U132                           6.384e-06   2.732e-05   3.373e-05   2.433e-08  NAND2xp33_ASAP7_75t_R
U114                           9.375e-06     2.3e-05   3.241e-05   3.336e-08  NAND2xp33_ASAP7_75t_R
U98                            9.992e-06    2.22e-05    3.22e-05   1.696e-08  INVxp33_ASAP7_75t_R
transtop/tfsm/U87              1.194e-05   1.764e-05   2.961e-05   3.354e-08  NAND2xp33_ASAP7_75t_R
transtop/mem/U7                8.229e-06   1.826e-05   2.652e-05   3.073e-08  NAND2xp33_ASAP7_75t_R
U137                           1.447e-05   1.189e-05   2.639e-05   2.947e-08  NOR3xp33_ASAP7_75t_R
U115                           8.774e-06   1.733e-05   2.613e-05   2.756e-08  NOR2xp33_ASAP7_75t_R
U102                           8.033e-06   1.751e-05   2.557e-05   3.017e-08  NAND2xp33_ASAP7_75t_R
transtop/fwcr/U9               3.011e-06   1.945e-05   2.248e-05   2.289e-08  NAND2xp33_ASAP7_75t_R
transtop/tfsm/U64              1.125e-05   1.075e-05   2.205e-05    4.78e-08  NOR3xp33_ASAP7_75t_R
transtop/mem/U5                 4.73e-06   1.726e-05   2.201e-05   1.699e-08  INVxp33_ASAP7_75t_R
transtop/mem/U23                2.07e-05   5.033e-07   2.123e-05   2.453e-08  NAND3xp33_ASAP7_75t_R
transtop/tfsm/U54              9.764e-06    1.06e-05    2.04e-05   3.473e-08  OAI21xp33_ASAP7_75t_R
transtop/tfsm/U36              9.768e-06   1.046e-05   2.027e-05   3.473e-08  OAI21xp33_ASAP7_75t_R
transtop/tfsm/U23               9.77e-06   1.041e-05   2.022e-05   3.473e-08  OAI21xp33_ASAP7_75t_R
U99                            6.675e-06   1.324e-05   1.994e-05   1.708e-08  INVxp33_ASAP7_75t_R
transtop/tfsm/U115             8.532e-06   1.113e-05   1.969e-05   2.996e-08  NOR3xp33_ASAP7_75t_R
transtop/fwcr/U4               5.494e-06   1.414e-05   1.966e-05   1.751e-08  INVxp33_ASAP7_75t_R
U112                            6.51e-06   1.296e-05    1.95e-05   3.425e-08  NAND3xp33_ASAP7_75t_R
transtop/mem/U45               7.915e-06   9.186e-06   1.713e-05   3.358e-08  NAND3xp33_ASAP7_75t_R
U96                            3.346e-06   1.332e-05   1.668e-05   1.713e-08  INVxp33_ASAP7_75t_R
U116                           3.258e-06   1.286e-05   1.614e-05   2.365e-08  NAND2xp33_ASAP7_75t_R
transtop/tfsm/U63              5.173e-06   1.042e-05   1.562e-05    3.35e-08  NAND2xp33_ASAP7_75t_R
U109                           7.392e-06   8.105e-06   1.554e-05   4.202e-08  NAND3xp33_ASAP7_75t_R
transtop/tfsm/U103             6.057e-06   8.809e-06    1.49e-05   3.352e-08  NAND2xp33_ASAP7_75t_R
U142                           1.662e-06   1.235e-05   1.402e-05   1.637e-08  INVxp33_ASAP7_75t_R
U97                            3.292e-06   9.672e-06   1.298e-05   1.713e-08  INVxp33_ASAP7_75t_R
U133                           3.507e-06   7.892e-06   1.142e-05   2.569e-08  NOR3xp33_ASAP7_75t_R
transtop/mem/U20               6.007e-06   5.293e-06   1.141e-05   1.067e-07  NOR3xp33_ASAP7_75t_R
U138                           2.925e-06   8.315e-06   1.127e-05   2.744e-08  NAND2xp33_ASAP7_75t_R
U95                            3.162e-06   7.643e-06   1.082e-05   1.713e-08  INVxp33_ASAP7_75t_R
transtop/fwcr/U52              2.979e-06   6.265e-06   9.278e-06   3.368e-08  NAND2xp33_ASAP7_75t_R
U107                           1.957e-06   7.164e-06   9.137e-06   1.621e-08  NOR2xp33_ASAP7_75t_R
transtop/sp/U1048              8.878e-06           0   8.895e-06   1.693e-08  INVxp33_ASAP7_75t_R
transtop/sp/U1264              8.878e-06           0   8.894e-06   1.693e-08  INVxp33_ASAP7_75t_R
transtop/sp/U141               8.873e-06           0    8.89e-06   1.693e-08  INVxp33_ASAP7_75t_R
transtop/sp/U243               8.873e-06           0    8.89e-06   1.693e-08  INVxp33_ASAP7_75t_R
transtop/sp/U1333              8.863e-06           0    8.88e-06   1.693e-08  INVxp33_ASAP7_75t_R
transtop/sp/U541               8.863e-06           0    8.88e-06   1.693e-08  INVxp33_ASAP7_75t_R
transtop/sp/U760               8.863e-06           0    8.88e-06   1.693e-08  INVxp33_ASAP7_75t_R
transtop/sp/U1351              8.863e-06           0    8.88e-06   1.693e-08  INVxp33_ASAP7_75t_R
transtop/sp/U297               8.862e-06           0   8.879e-06   1.693e-08  INVxp33_ASAP7_75t_R
transtop/sp/U914               8.858e-06           0   8.875e-06   1.693e-08  INVxp33_ASAP7_75t_R
transtop/sp/U1044              8.857e-06           0   8.874e-06   1.693e-08  INVxp33_ASAP7_75t_R
transtop/sp/U55                8.853e-06           0    8.87e-06   1.693e-08  INVxp33_ASAP7_75t_R
transtop/sp/U992               8.853e-06           0    8.87e-06   1.693e-08  INVxp33_ASAP7_75t_R
transtop/sp/U353               8.852e-06           0   8.869e-06   1.693e-08  INVxp33_ASAP7_75t_R
transtop/sp/U255               8.852e-06           0   8.869e-06   1.693e-08  INVxp33_ASAP7_75t_R
transtop/sp/U661               8.848e-06           0   8.865e-06   1.693e-08  INVxp33_ASAP7_75t_R
transtop/sp/U1378              8.848e-06           0   8.865e-06   1.693e-08  INVxp33_ASAP7_75t_R
transtop/sp/U577               8.848e-06           0   8.865e-06   1.693e-08  INVxp33_ASAP7_75t_R
transtop/sp/U117               8.848e-06           0   8.865e-06   1.693e-08  INVxp33_ASAP7_75t_R
transtop/sp/U358               8.847e-06           0   8.864e-06   1.693e-08  INVxp33_ASAP7_75t_R
transtop/sp/U410               8.847e-06           0   8.864e-06   1.693e-08  INVxp33_ASAP7_75t_R
transtop/sp/U1315              8.847e-06           0   8.864e-06   1.693e-08  INVxp33_ASAP7_75t_R
transtop/sp/U1528              8.847e-06           0   8.864e-06   1.693e-08  INVxp33_ASAP7_75t_R
transtop/sp/U480               8.843e-06           0    8.86e-06   1.693e-08  INVxp33_ASAP7_75t_R
transtop/sp/U1168              8.842e-06           0   8.859e-06   1.693e-08  INVxp33_ASAP7_75t_R
transtop/sp/U1354              8.842e-06           0   8.859e-06   1.693e-08  INVxp33_ASAP7_75t_R
transtop/sp/U860               8.842e-06           0   8.859e-06   1.693e-08  INVxp33_ASAP7_75t_R
transtop/sp/U697               8.842e-06           0   8.859e-06   1.693e-08  INVxp33_ASAP7_75t_R
transtop/sp/U808               8.842e-06           0   8.859e-06   1.693e-08  INVxp33_ASAP7_75t_R
transtop/sp/U857               8.842e-06           0   8.859e-06   1.693e-08  INVxp33_ASAP7_75t_R
transtop/sp/U757               8.842e-06           0   8.859e-06   1.693e-08  INVxp33_ASAP7_75t_R
transtop/sp/U1255              8.842e-06           0   8.859e-06   1.693e-08  INVxp33_ASAP7_75t_R
transtop/sp/U468               8.842e-06           0   8.859e-06   1.693e-08  INVxp33_ASAP7_75t_R
transtop/sp/U1489              8.842e-06           0   8.859e-06   1.693e-08  INVxp33_ASAP7_75t_R
transtop/sp/U1360              8.842e-06           0   8.859e-06   1.693e-08  INVxp33_ASAP7_75t_R
transtop/sp/U1213              8.842e-06           0   8.859e-06   1.693e-08  INVxp33_ASAP7_75t_R
transtop/sp/U318               8.842e-06           0   8.859e-06   1.693e-08  INVxp33_ASAP7_75t_R
transtop/sp/U790               8.842e-06           0   8.859e-06   1.693e-08  INVxp33_ASAP7_75t_R
transtop/sp/U1183              8.838e-06           0   8.855e-06   1.693e-08  INVxp33_ASAP7_75t_R
transtop/sp/U267               8.838e-06           0   8.854e-06   1.693e-08  INVxp33_ASAP7_75t_R
transtop/sp/U270               8.838e-06           0   8.854e-06   1.693e-08  INVxp33_ASAP7_75t_R
transtop/sp/U781               8.838e-06           0   8.854e-06   1.693e-08  INVxp33_ASAP7_75t_R
transtop/sp/U604               8.838e-06           0   8.854e-06   1.693e-08  INVxp33_ASAP7_75t_R
transtop/sp/U498               8.838e-06           0   8.854e-06   1.693e-08  INVxp33_ASAP7_75t_R
transtop/sp/U1309              8.838e-06           0   8.854e-06   1.693e-08  INVxp33_ASAP7_75t_R
transtop/sp/U1216              8.838e-06           0   8.854e-06   1.693e-08  INVxp33_ASAP7_75t_R
transtop/sp/U471               8.838e-06           0   8.854e-06   1.693e-08  INVxp33_ASAP7_75t_R
transtop/sp/U754               8.833e-06           0   8.849e-06   1.693e-08  INVxp33_ASAP7_75t_R
transtop/sp/U1084              8.833e-06           0   8.849e-06   1.693e-08  INVxp33_ASAP7_75t_R
transtop/sp/U177               8.833e-06           0   8.849e-06   1.693e-08  INVxp33_ASAP7_75t_R
transtop/sp/U1171              8.833e-06           0   8.849e-06   1.693e-08  INVxp33_ASAP7_75t_R
transtop/sp/U595               8.833e-06           0   8.849e-06   1.693e-08  INVxp33_ASAP7_75t_R
transtop/sp/U748               8.833e-06           0   8.849e-06   1.693e-08  INVxp33_ASAP7_75t_R
transtop/sp/U1189              8.833e-06           0   8.849e-06   1.693e-08  INVxp33_ASAP7_75t_R
transtop/sp/U965               8.833e-06           0   8.849e-06   1.693e-08  INVxp33_ASAP7_75t_R
transtop/sp/U1102              8.833e-06           0   8.849e-06   1.693e-08  INVxp33_ASAP7_75t_R
transtop/sp/U565               8.833e-06           0   8.849e-06   1.693e-08  INVxp33_ASAP7_75t_R
transtop/sp/U249               8.832e-06           0   8.849e-06   1.693e-08  INVxp33_ASAP7_75t_R
transtop/sp/U1429              8.832e-06           0   8.849e-06   1.693e-08  INVxp33_ASAP7_75t_R
transtop/sp/U405               8.828e-06           0   8.845e-06   1.693e-08  INVxp33_ASAP7_75t_R
transtop/sp/U330               8.828e-06           0   8.845e-06   1.693e-08  INVxp33_ASAP7_75t_R
transtop/sp/U715               8.828e-06           0   8.845e-06   1.693e-08  INVxp33_ASAP7_75t_R
transtop/sp/U1480              8.828e-06           0   8.845e-06   1.693e-08  INVxp33_ASAP7_75t_R
transtop/sp/U1510              8.828e-06           0   8.845e-06   1.693e-08  INVxp33_ASAP7_75t_R
transtop/sp/U616               8.828e-06           0   8.845e-06   1.693e-08  INVxp33_ASAP7_75t_R
transtop/sp/U198               8.828e-06           0   8.845e-06   1.693e-08  INVxp33_ASAP7_75t_R
transtop/sp/U679               8.828e-06           0   8.845e-06   1.693e-08  INVxp33_ASAP7_75t_R
transtop/sp/U75                8.828e-06           0   8.845e-06   1.693e-08  INVxp33_ASAP7_75t_R
transtop/sp/U69                8.828e-06           0   8.845e-06   1.693e-08  INVxp33_ASAP7_75t_R
transtop/sp/U1294              8.828e-06           0   8.845e-06   1.693e-08  INVxp33_ASAP7_75t_R
transtop/sp/U510               8.828e-06           0   8.845e-06   1.693e-08  INVxp33_ASAP7_75t_R
transtop/sp/U114               8.828e-06           0   8.845e-06   1.693e-08  INVxp33_ASAP7_75t_R
transtop/sp/U1312              8.827e-06           0   8.844e-06   1.693e-08  INVxp33_ASAP7_75t_R
transtop/sp/U556               8.827e-06           0   8.844e-06   1.693e-08  INVxp33_ASAP7_75t_R
transtop/sp/U571               8.827e-06           0   8.844e-06   1.693e-08  INVxp33_ASAP7_75t_R
transtop/sp/U989               8.827e-06           0   8.844e-06   1.693e-08  INVxp33_ASAP7_75t_R
transtop/sp/U225               8.823e-06           0    8.84e-06   1.693e-08  INVxp33_ASAP7_75t_R
transtop/sp/U1234              8.823e-06           0    8.84e-06   1.693e-08  INVxp33_ASAP7_75t_R
transtop/sp/U1342              8.823e-06           0    8.84e-06   1.693e-08  INVxp33_ASAP7_75t_R
transtop/sp/U1282              8.823e-06           0    8.84e-06   1.693e-08  INVxp33_ASAP7_75t_R
transtop/sp/U180               8.822e-06           0   8.839e-06   1.693e-08  INVxp33_ASAP7_75t_R
transtop/sp/U1111              8.822e-06           0   8.839e-06   1.693e-08  INVxp33_ASAP7_75t_R
transtop/sp/U1345              8.822e-06           0   8.839e-06   1.693e-08  INVxp33_ASAP7_75t_R
transtop/sp/U84                8.822e-06           0   8.839e-06   1.693e-08  INVxp33_ASAP7_75t_R
transtop/sp/U911               8.822e-06           0   8.839e-06   1.693e-08  INVxp33_ASAP7_75t_R
transtop/sp/U1072              8.822e-06           0   8.839e-06   1.693e-08  INVxp33_ASAP7_75t_R
transtop/sp/U890               8.822e-06           0   8.839e-06   1.693e-08  INVxp33_ASAP7_75t_R
transtop/sp/U712               8.822e-06           0   8.839e-06   1.693e-08  INVxp33_ASAP7_75t_R
transtop/sp/U1279              8.822e-06           0   8.839e-06   1.693e-08  INVxp33_ASAP7_75t_R
transtop/sp/U147               8.818e-06           0   8.835e-06   1.693e-08  INVxp33_ASAP7_75t_R
transtop/sp/U385               8.818e-06           0   8.835e-06   1.693e-08  INVxp33_ASAP7_75t_R
transtop/sp/U156               8.818e-06           0   8.835e-06   1.693e-08  INVxp33_ASAP7_75t_R
transtop/sp/U348               8.818e-06           0   8.835e-06   1.693e-08  INVxp33_ASAP7_75t_R
transtop/sp/U643               8.818e-06           0   8.835e-06   1.693e-08  INVxp33_ASAP7_75t_R
transtop/sp/U1019              8.818e-06           0   8.835e-06   1.693e-08  INVxp33_ASAP7_75t_R
transtop/sp/U264               8.818e-06           0   8.835e-06   1.693e-08  INVxp33_ASAP7_75t_R
transtop/sp/U787               8.818e-06           0   8.835e-06   1.693e-08  INVxp33_ASAP7_75t_R
transtop/sp/U769               8.817e-06           0   8.834e-06   1.693e-08  INVxp33_ASAP7_75t_R
transtop/sp/U775               8.817e-06           0   8.834e-06   1.693e-08  INVxp33_ASAP7_75t_R
transtop/sp/U896               8.817e-06           0   8.834e-06   1.693e-08  INVxp33_ASAP7_75t_R
transtop/sp/U1261              8.817e-06           0   8.834e-06   1.693e-08  INVxp33_ASAP7_75t_R
transtop/sp/U1504              8.817e-06           0   8.834e-06   1.693e-08  INVxp33_ASAP7_75t_R
transtop/sp/U144               8.817e-06           0   8.834e-06   1.693e-08  INVxp33_ASAP7_75t_R
transtop/sp/U1075              8.817e-06           0   8.834e-06   1.693e-08  INVxp33_ASAP7_75t_R
transtop/sp/U1138              8.817e-06           0   8.834e-06   1.693e-08  INVxp33_ASAP7_75t_R
transtop/sp/U1438              8.817e-06           0   8.834e-06   1.693e-08  INVxp33_ASAP7_75t_R
transtop/sp/U1162              8.817e-06           0   8.834e-06   1.693e-08  INVxp33_ASAP7_75t_R
transtop/sp/U751               8.817e-06           0   8.834e-06   1.693e-08  INVxp33_ASAP7_75t_R
transtop/sp/U733               8.813e-06           0    8.83e-06   1.693e-08  INVxp33_ASAP7_75t_R
transtop/sp/U1393              8.813e-06           0    8.83e-06   1.693e-08  INVxp33_ASAP7_75t_R
transtop/sp/U538               8.812e-06           0   8.829e-06   1.693e-08  INVxp33_ASAP7_75t_R
transtop/sp/U842               8.812e-06           0   8.829e-06   1.693e-08  INVxp33_ASAP7_75t_R
transtop/sp/U288               8.812e-06           0   8.829e-06   1.693e-08  INVxp33_ASAP7_75t_R
transtop/sp/U592               8.812e-06           0   8.829e-06   1.693e-08  INVxp33_ASAP7_75t_R
transtop/sp/U528               8.812e-06           0   8.829e-06   1.693e-08  INVxp33_ASAP7_75t_R
transtop/sp/U977               8.812e-06           0   8.829e-06   1.693e-08  INVxp33_ASAP7_75t_R
transtop/sp/U559               8.812e-06           0   8.829e-06   1.693e-08  INVxp33_ASAP7_75t_R
transtop/sp/U150               8.812e-06           0   8.829e-06   1.693e-08  INVxp33_ASAP7_75t_R
transtop/sp/U550               8.812e-06           0   8.829e-06   1.693e-08  INVxp33_ASAP7_75t_R
transtop/sp/U1243              8.808e-06           0   8.825e-06   1.693e-08  INVxp33_ASAP7_75t_R
transtop/sp/U1441              8.807e-06           0   8.824e-06   1.693e-08  INVxp33_ASAP7_75t_R
transtop/sp/U1402              8.807e-06           0   8.824e-06   1.693e-08  INVxp33_ASAP7_75t_R
transtop/sp/U1363              8.807e-06           0   8.824e-06   1.693e-08  INVxp33_ASAP7_75t_R
transtop/sp/U1327              8.807e-06           0   8.824e-06   1.693e-08  INVxp33_ASAP7_75t_R
transtop/sp/U1501              8.807e-06           0   8.824e-06   1.693e-08  INVxp33_ASAP7_75t_R
transtop/sp/U1483              8.807e-06           0   8.824e-06   1.693e-08  INVxp33_ASAP7_75t_R
transtop/sp/U547               8.807e-06           0   8.824e-06   1.693e-08  INVxp33_ASAP7_75t_R
transtop/sp/U189               8.807e-06           0   8.824e-06   1.693e-08  INVxp33_ASAP7_75t_R
transtop/sp/U138               8.807e-06           0   8.824e-06   1.693e-08  INVxp33_ASAP7_75t_R
transtop/sp/U832               8.807e-06           0   8.824e-06   1.693e-08  INVxp33_ASAP7_75t_R
transtop/sp/U132               8.807e-06           0   8.824e-06   1.693e-08  INVxp33_ASAP7_75t_R
transtop/sp/U216               8.807e-06           0   8.824e-06   1.693e-08  INVxp33_ASAP7_75t_R
transtop/sp/U246               8.807e-06           0   8.824e-06   1.693e-08  INVxp33_ASAP7_75t_R
transtop/sp/U1180              8.807e-06           0   8.824e-06   1.693e-08  INVxp33_ASAP7_75t_R
transtop/sp/U1069              8.807e-06           0   8.824e-06   1.693e-08  INVxp33_ASAP7_75t_R
transtop/sp/U93                8.807e-06           0   8.824e-06   1.693e-08  INVxp33_ASAP7_75t_R
transtop/sp/U884               8.807e-06           0   8.824e-06   1.693e-08  INVxp33_ASAP7_75t_R
transtop/sp/U368               8.807e-06           0   8.824e-06   1.693e-08  INVxp33_ASAP7_75t_R
transtop/sp/U1022              8.807e-06           0   8.824e-06   1.693e-08  INVxp33_ASAP7_75t_R
transtop/sp/U1339              8.807e-06           0   8.824e-06   1.693e-08  INVxp33_ASAP7_75t_R
transtop/sp/U839               8.807e-06           0   8.824e-06   1.693e-08  INVxp33_ASAP7_75t_R
transtop/sp/U908               8.807e-06           0   8.824e-06   1.693e-08  INVxp33_ASAP7_75t_R
transtop/sp/U1174              8.802e-06           0   8.819e-06   1.693e-08  INVxp33_ASAP7_75t_R
transtop/sp/U339               8.802e-06           0   8.819e-06   1.693e-08  INVxp33_ASAP7_75t_R
transtop/sp/U1336              8.802e-06           0   8.819e-06   1.693e-08  INVxp33_ASAP7_75t_R
transtop/sp/U670               8.802e-06           0   8.819e-06   1.693e-08  INVxp33_ASAP7_75t_R
transtop/sp/U1384              8.802e-06           0   8.819e-06   1.693e-08  INVxp33_ASAP7_75t_R
transtop/sp/U1099              8.802e-06           0   8.819e-06   1.693e-08  INVxp33_ASAP7_75t_R
transtop/sp/U1330              8.802e-06           0   8.819e-06   1.693e-08  INVxp33_ASAP7_75t_R
transtop/sp/U1004              8.802e-06           0   8.819e-06   1.693e-08  INVxp33_ASAP7_75t_R
transtop/sp/U1141              8.802e-06           0   8.819e-06   1.693e-08  INVxp33_ASAP7_75t_R
transtop/sp/U1519              8.802e-06           0   8.819e-06   1.693e-08  INVxp33_ASAP7_75t_R
transtop/sp/U374               8.802e-06           0   8.819e-06   1.693e-08  INVxp33_ASAP7_75t_R
transtop/sp/U1105              8.802e-06           0   8.819e-06   1.693e-08  INVxp33_ASAP7_75t_R
transtop/sp/U1405              8.802e-06           0   8.819e-06   1.693e-08  INVxp33_ASAP7_75t_R
transtop/sp/U1267              8.802e-06           0   8.819e-06   1.693e-08  INVxp33_ASAP7_75t_R
transtop/sp/U1540              8.802e-06           0   8.819e-06   1.693e-08  INVxp33_ASAP7_75t_R
transtop/sp/U1414              8.802e-06           0   8.819e-06   1.693e-08  INVxp33_ASAP7_75t_R
transtop/sp/U568               8.802e-06           0   8.819e-06   1.693e-08  INVxp33_ASAP7_75t_R
transtop/sp/U793               8.802e-06           0   8.819e-06   1.693e-08  INVxp33_ASAP7_75t_R
transtop/sp/U252               8.802e-06           0   8.819e-06   1.693e-08  INVxp33_ASAP7_75t_R
transtop/sp/U363               8.802e-06           0   8.819e-06   1.693e-08  INVxp33_ASAP7_75t_R
transtop/sp/U1207              8.802e-06           0   8.819e-06   1.693e-08  INVxp33_ASAP7_75t_R
transtop/sp/U625               8.802e-06           0   8.819e-06   1.693e-08  INVxp33_ASAP7_75t_R
transtop/sp/U802               8.802e-06           0   8.819e-06   1.693e-08  INVxp33_ASAP7_75t_R
transtop/sp/U1192              8.802e-06           0   8.819e-06   1.693e-08  INVxp33_ASAP7_75t_R
transtop/sp/U273               8.802e-06           0   8.819e-06   1.693e-08  INVxp33_ASAP7_75t_R
transtop/sp/U1381              8.802e-06           0   8.819e-06   1.693e-08  INVxp33_ASAP7_75t_R
transtop/sp/U535               8.802e-06           0   8.819e-06   1.693e-08  INVxp33_ASAP7_75t_R
transtop/sp/U90                8.802e-06           0   8.819e-06   1.693e-08  INVxp33_ASAP7_75t_R
transtop/sp/U1423              8.802e-06           0   8.819e-06   1.693e-08  INVxp33_ASAP7_75t_R
transtop/sp/U1453              8.802e-06           0   8.819e-06   1.693e-08  INVxp33_ASAP7_75t_R
transtop/sp/U796               8.802e-06           0   8.819e-06   1.693e-08  INVxp33_ASAP7_75t_R
transtop/sp/U1288              8.802e-06           0   8.819e-06   1.693e-08  INVxp33_ASAP7_75t_R
transtop/sp/U553               8.797e-06           0   8.814e-06   1.693e-08  INVxp33_ASAP7_75t_R
transtop/sp/U589               8.797e-06           0   8.814e-06   1.693e-08  INVxp33_ASAP7_75t_R
transtop/sp/U516               8.797e-06           0   8.814e-06   1.693e-08  INVxp33_ASAP7_75t_R
transtop/sp/U1036              8.797e-06           0   8.814e-06   1.693e-08  INVxp33_ASAP7_75t_R
transtop/sp/U174               8.797e-06           0   8.814e-06   1.693e-08  INVxp33_ASAP7_75t_R
transtop/sp/U1032              8.797e-06           0   8.814e-06   1.693e-08  INVxp33_ASAP7_75t_R
transtop/sp/U1411              8.797e-06           0   8.814e-06   1.693e-08  INVxp33_ASAP7_75t_R
transtop/sp/U1534              8.797e-06           0   8.814e-06   1.693e-08  INVxp33_ASAP7_75t_R
transtop/sp/U932               8.797e-06           0   8.814e-06   1.693e-08  INVxp33_ASAP7_75t_R
transtop/sp/U1444              8.797e-06           0   8.814e-06   1.693e-08  INVxp33_ASAP7_75t_R
transtop/sp/U1007              8.797e-06           0   8.814e-06   1.693e-08  INVxp33_ASAP7_75t_R
transtop/sp/U1486              8.797e-06           0   8.814e-06   1.693e-08  INVxp33_ASAP7_75t_R
transtop/sp/U1348              8.797e-06           0   8.814e-06   1.693e-08  INVxp33_ASAP7_75t_R
transtop/sp/U513               8.797e-06           0   8.814e-06   1.693e-08  INVxp33_ASAP7_75t_R
transtop/sp/U986               8.797e-06           0   8.814e-06   1.693e-08  INVxp33_ASAP7_75t_R
transtop/sp/U682               8.797e-06           0   8.814e-06   1.693e-08  INVxp33_ASAP7_75t_R
transtop/sp/U171               8.797e-06           0   8.814e-06   1.693e-08  INVxp33_ASAP7_75t_R
transtop/sp/U637               8.797e-06           0   8.814e-06   1.693e-08  INVxp33_ASAP7_75t_R
transtop/sp/U1522              8.793e-06           0   8.809e-06   1.693e-08  INVxp33_ASAP7_75t_R
transtop/sp/U778               8.793e-06           0   8.809e-06   1.693e-08  INVxp33_ASAP7_75t_R
transtop/sp/U312               8.793e-06           0   8.809e-06   1.693e-08  INVxp33_ASAP7_75t_R
transtop/sp/U941               8.793e-06           0   8.809e-06   1.693e-08  INVxp33_ASAP7_75t_R
transtop/sp/U1096              8.793e-06           0   8.809e-06   1.693e-08  INVxp33_ASAP7_75t_R
transtop/sp/U610               8.793e-06           0   8.809e-06   1.693e-08  INVxp33_ASAP7_75t_R
transtop/sp/U709               8.793e-06           0   8.809e-06   1.693e-08  INVxp33_ASAP7_75t_R
transtop/sp/U1066              8.793e-06           0   8.809e-06   1.693e-08  INVxp33_ASAP7_75t_R
transtop/sp/U887               8.792e-06           0   8.809e-06   1.693e-08  INVxp33_ASAP7_75t_R
transtop/sp/U1225              8.792e-06           0   8.809e-06   1.693e-08  INVxp33_ASAP7_75t_R
transtop/sp/U66                8.792e-06           0   8.809e-06   1.693e-08  INVxp33_ASAP7_75t_R
transtop/sp/U1129              8.792e-06           0   8.809e-06   1.693e-08  INVxp33_ASAP7_75t_R
transtop/sp/U1060              8.792e-06           0   8.809e-06   1.693e-08  INVxp33_ASAP7_75t_R
transtop/sp/U102               8.792e-06           0   8.809e-06   1.693e-08  INVxp33_ASAP7_75t_R
transtop/sp/U165               8.792e-06           0   8.809e-06   1.693e-08  INVxp33_ASAP7_75t_R
transtop/sp/U1087              8.792e-06           0   8.809e-06   1.693e-08  INVxp33_ASAP7_75t_R
transtop/sp/U192               8.788e-06           0   8.804e-06   1.693e-08  INVxp33_ASAP7_75t_R
transtop/sp/U1186              8.788e-06           0   8.804e-06   1.693e-08  INVxp33_ASAP7_75t_R
transtop/sp/U1195              8.788e-06           0   8.804e-06   1.693e-08  INVxp33_ASAP7_75t_R
transtop/sp/U640               8.787e-06           0   8.804e-06   1.693e-08  INVxp33_ASAP7_75t_R
transtop/sp/U866               8.787e-06           0   8.804e-06   1.693e-08  INVxp33_ASAP7_75t_R
transtop/sp/U923               8.787e-06           0   8.804e-06   1.693e-08  INVxp33_ASAP7_75t_R
transtop/sp/U631               8.787e-06           0   8.804e-06   1.693e-08  INVxp33_ASAP7_75t_R
transtop/sp/U120               8.782e-06           0   8.799e-06   1.693e-08  INVxp33_ASAP7_75t_R
transtop/sp/U824               8.782e-06           0   8.799e-06   1.693e-08  INVxp33_ASAP7_75t_R
transtop/tfsm/FE_RC_9_0        2.391e-06   5.297e-06   7.745e-06   5.741e-08  AOI31xp33_ASAP7_75t_R
transtop/fwcr/U50              2.627e-06   4.523e-06   7.172e-06    2.23e-08  NAND2xp33_ASAP7_75t_R
transtop/sp/U1001              7.068e-06           0   7.084e-06   1.686e-08  INVxp33_ASAP7_75t_R
transtop/tfsm/FE_RC_10_0       2.376e-06    4.65e-06   7.083e-06   5.744e-08  AOI31xp33_ASAP7_75t_R
transtop/tfsm/U96              2.917e-06   3.651e-06   6.588e-06   2.033e-08  NOR3xp33_ASAP7_75t_R
transtop/fwcr/U18              3.457e-06    2.76e-06   6.283e-06   6.566e-08  OAI21xp33_ASAP7_75t_R
transtop/tfsm/U93              2.672e-06   2.958e-06   5.692e-06   6.183e-08  A2O1A1Ixp33_ASAP7_75t_R
transtop/sp/U1016              5.138e-06           0   5.155e-06   1.695e-08  INVxp33_ASAP7_75t_R
transtop/sp/U1028              5.135e-06           0   5.152e-06   1.695e-08  INVxp33_ASAP7_75t_R
transtop/sp/U836               5.135e-06           0   5.152e-06   1.695e-08  INVxp33_ASAP7_75t_R
transtop/sp/U730               5.135e-06           0   5.152e-06   1.695e-08  INVxp33_ASAP7_75t_R
transtop/sp/U1318              5.132e-06           0   5.149e-06   1.695e-08  INVxp33_ASAP7_75t_R
transtop/sp/U1465              5.129e-06           0   5.146e-06   1.695e-08  INVxp33_ASAP7_75t_R
transtop/sp/U872               5.129e-06           0   5.146e-06   1.695e-08  INVxp33_ASAP7_75t_R
transtop/sp/U1426              5.127e-06           0   5.144e-06   1.695e-08  INVxp33_ASAP7_75t_R
transtop/sp/U1525              5.127e-06           0   5.144e-06   1.695e-08  INVxp33_ASAP7_75t_R
transtop/sp/U634               5.126e-06           0   5.143e-06   1.695e-08  INVxp33_ASAP7_75t_R
transtop/sp/U1231              5.126e-06           0   5.143e-06   1.695e-08  INVxp33_ASAP7_75t_R
transtop/sp/U828               5.126e-06           0   5.143e-06   1.695e-08  INVxp33_ASAP7_75t_R
transtop/sp/U450               5.124e-06           0   5.141e-06   1.695e-08  INVxp33_ASAP7_75t_R
transtop/sp/U739               5.124e-06           0   5.141e-06   1.695e-08  INVxp33_ASAP7_75t_R
transtop/sp/U345               5.124e-06           0   5.141e-06   1.695e-08  INVxp33_ASAP7_75t_R
transtop/sp/U303               5.124e-06           0   5.141e-06   1.695e-08  INVxp33_ASAP7_75t_R
transtop/sp/U1153              5.124e-06           0    5.14e-06   1.695e-08  INVxp33_ASAP7_75t_R
transtop/sp/U129               5.124e-06           0    5.14e-06   1.695e-08  INVxp33_ASAP7_75t_R
transtop/sp/U703               5.124e-06           0    5.14e-06   1.695e-08  INVxp33_ASAP7_75t_R
transtop/sp/U1372              5.124e-06           0    5.14e-06   1.695e-08  INVxp33_ASAP7_75t_R
transtop/sp/U492               5.121e-06           0   5.138e-06   1.695e-08  INVxp33_ASAP7_75t_R
transtop/sp/U1276              5.121e-06           0   5.138e-06   1.695e-08  INVxp33_ASAP7_75t_R
transtop/sp/U520               5.121e-06           0   5.138e-06   1.695e-08  INVxp33_ASAP7_75t_R
transtop/sp/U766               5.121e-06           0   5.138e-06   1.695e-08  INVxp33_ASAP7_75t_R
transtop/sp/U1369              5.121e-06           0   5.138e-06   1.695e-08  INVxp33_ASAP7_75t_R
transtop/sp/U700               5.121e-06           0   5.138e-06   1.695e-08  INVxp33_ASAP7_75t_R
transtop/sp/U1387              5.121e-06           0   5.138e-06   1.695e-08  INVxp33_ASAP7_75t_R
transtop/sp/U258               5.121e-06           0   5.138e-06   1.695e-08  INVxp33_ASAP7_75t_R
transtop/sp/U1132              5.118e-06           0   5.135e-06   1.695e-08  INVxp33_ASAP7_75t_R
transtop/sp/U962               5.118e-06           0   5.135e-06   1.695e-08  INVxp33_ASAP7_75t_R
transtop/sp/U688               5.118e-06           0   5.135e-06   1.695e-08  INVxp33_ASAP7_75t_R
transtop/sp/U619               5.118e-06           0   5.135e-06   1.695e-08  INVxp33_ASAP7_75t_R
transtop/sp/U72                5.118e-06           0   5.135e-06   1.695e-08  INVxp33_ASAP7_75t_R
transtop/sp/U586               5.118e-06           0   5.135e-06   1.695e-08  INVxp33_ASAP7_75t_R
transtop/sp/U459               5.118e-06           0   5.135e-06   1.695e-08  INVxp33_ASAP7_75t_R
transtop/sp/U60                5.118e-06           0   5.135e-06   1.695e-08  INVxp33_ASAP7_75t_R
transtop/sp/U805               5.118e-06           0   5.135e-06   1.695e-08  INVxp33_ASAP7_75t_R
transtop/sp/U706               5.118e-06           0   5.135e-06   1.695e-08  INVxp33_ASAP7_75t_R
transtop/sp/U917               5.118e-06           0   5.135e-06   1.695e-08  INVxp33_ASAP7_75t_R
transtop/sp/U851               5.118e-06           0   5.135e-06   1.695e-08  INVxp33_ASAP7_75t_R
transtop/sp/U667               5.115e-06           0   5.132e-06   1.695e-08  INVxp33_ASAP7_75t_R
transtop/sp/U186               5.115e-06           0   5.132e-06   1.695e-08  INVxp33_ASAP7_75t_R
transtop/sp/U1093              5.115e-06           0   5.132e-06   1.695e-08  INVxp33_ASAP7_75t_R
transtop/sp/U878               5.115e-06           0   5.132e-06   1.695e-08  INVxp33_ASAP7_75t_R
transtop/sp/U1144              5.115e-06           0   5.132e-06   1.695e-08  INVxp33_ASAP7_75t_R
transtop/sp/U294               5.115e-06           0   5.132e-06   1.695e-08  INVxp33_ASAP7_75t_R
transtop/sp/U1120              5.115e-06           0   5.132e-06   1.695e-08  INVxp33_ASAP7_75t_R
transtop/sp/U983               5.115e-06           0   5.132e-06   1.695e-08  INVxp33_ASAP7_75t_R
transtop/sp/U622               5.115e-06           0   5.132e-06   1.695e-08  INVxp33_ASAP7_75t_R
transtop/sp/U845               5.115e-06           0   5.132e-06   1.695e-08  INVxp33_ASAP7_75t_R
transtop/sp/U1052              5.115e-06           0   5.132e-06   1.695e-08  INVxp33_ASAP7_75t_R
transtop/sp/U562               5.115e-06           0   5.132e-06   1.695e-08  INVxp33_ASAP7_75t_R
transtop/sp/U685               5.115e-06           0   5.132e-06   1.695e-08  INVxp33_ASAP7_75t_R
transtop/sp/U881               5.115e-06           0   5.132e-06   1.695e-08  INVxp33_ASAP7_75t_R
transtop/sp/U1537              5.115e-06           0   5.132e-06   1.695e-08  INVxp33_ASAP7_75t_R
transtop/sp/U465               5.115e-06           0   5.132e-06   1.695e-08  INVxp33_ASAP7_75t_R
transtop/sp/U673               5.112e-06           0   5.129e-06   1.695e-08  INVxp33_ASAP7_75t_R
transtop/sp/U694               5.112e-06           0   5.129e-06   1.695e-08  INVxp33_ASAP7_75t_R
transtop/sp/U1285              5.112e-06           0   5.129e-06   1.695e-08  INVxp33_ASAP7_75t_R
transtop/sp/U658               5.112e-06           0   5.129e-06   1.695e-08  INVxp33_ASAP7_75t_R
transtop/sp/U423               5.112e-06           0   5.129e-06   1.695e-08  INVxp33_ASAP7_75t_R
transtop/sp/U1270              5.112e-06           0   5.129e-06   1.695e-08  INVxp33_ASAP7_75t_R
transtop/sp/U87                5.112e-06           0   5.129e-06   1.695e-08  INVxp33_ASAP7_75t_R
transtop/sp/U944               5.112e-06           0   5.129e-06   1.695e-08  INVxp33_ASAP7_75t_R
transtop/sp/U1237              5.112e-06           0   5.129e-06   1.695e-08  INVxp33_ASAP7_75t_R
transtop/sp/U486               5.112e-06           0   5.129e-06   1.695e-08  INVxp33_ASAP7_75t_R
transtop/sp/U1210              5.112e-06           0   5.129e-06   1.695e-08  INVxp33_ASAP7_75t_R
transtop/sp/U971               5.112e-06           0   5.129e-06   1.695e-08  INVxp33_ASAP7_75t_R
transtop/sp/U1366              5.112e-06           0   5.129e-06   1.695e-08  INVxp33_ASAP7_75t_R
transtop/sp/U1177              5.112e-06           0   5.129e-06   1.695e-08  INVxp33_ASAP7_75t_R
transtop/sp/U276               5.112e-06           0   5.129e-06   1.695e-08  INVxp33_ASAP7_75t_R
transtop/sp/U1459              5.112e-06           0   5.129e-06   1.695e-08  INVxp33_ASAP7_75t_R
transtop/sp/U899               5.112e-06           0   5.129e-06   1.695e-08  INVxp33_ASAP7_75t_R
transtop/sp/U438               5.112e-06           0   5.129e-06   1.695e-08  INVxp33_ASAP7_75t_R
transtop/sp/U81                5.112e-06           0   5.129e-06   1.695e-08  INVxp33_ASAP7_75t_R
transtop/sp/U1408              5.112e-06           0   5.129e-06   1.695e-08  INVxp33_ASAP7_75t_R
transtop/sp/U628               5.112e-06           0   5.129e-06   1.695e-08  INVxp33_ASAP7_75t_R
transtop/sp/U652               5.112e-06           0   5.129e-06   1.695e-08  INVxp33_ASAP7_75t_R
transtop/sp/U718               5.109e-06           0   5.126e-06   1.695e-08  INVxp33_ASAP7_75t_R
transtop/sp/U420               5.109e-06           0   5.126e-06   1.695e-08  INVxp33_ASAP7_75t_R
transtop/sp/U607               5.109e-06           0   5.126e-06   1.695e-08  INVxp33_ASAP7_75t_R
transtop/sp/U1396              5.109e-06           0   5.126e-06   1.695e-08  INVxp33_ASAP7_75t_R
transtop/sp/U1228              5.109e-06           0   5.126e-06   1.695e-08  INVxp33_ASAP7_75t_R
transtop/sp/U583               5.109e-06           0   5.126e-06   1.695e-08  INVxp33_ASAP7_75t_R
transtop/sp/U1090              5.109e-06           0   5.126e-06   1.695e-08  INVxp33_ASAP7_75t_R
transtop/sp/U664               5.109e-06           0   5.126e-06   1.695e-08  INVxp33_ASAP7_75t_R
transtop/sp/U159               5.109e-06           0   5.126e-06   1.695e-08  INVxp33_ASAP7_75t_R
transtop/sp/U1375              5.109e-06           0   5.126e-06   1.695e-08  INVxp33_ASAP7_75t_R
transtop/sp/U300               5.109e-06           0   5.126e-06   1.695e-08  INVxp33_ASAP7_75t_R
transtop/sp/U395               5.109e-06           0   5.126e-06   1.695e-08  INVxp33_ASAP7_75t_R
transtop/sp/U736               5.109e-06           0   5.126e-06   1.695e-08  INVxp33_ASAP7_75t_R
transtop/sp/U444               5.109e-06           0   5.126e-06   1.695e-08  INVxp33_ASAP7_75t_R
transtop/sp/U1135              5.109e-06           0   5.126e-06   1.695e-08  INVxp33_ASAP7_75t_R
transtop/sp/U1474              5.109e-06           0   5.126e-06   1.695e-08  INVxp33_ASAP7_75t_R
transtop/sp/U1291              5.109e-06           0   5.126e-06   1.695e-08  INVxp33_ASAP7_75t_R
transtop/sp/U1081              5.109e-06           0   5.126e-06   1.695e-08  INVxp33_ASAP7_75t_R
transtop/sp/U495               5.109e-06           0   5.126e-06   1.695e-08  INVxp33_ASAP7_75t_R
transtop/sp/U1013              5.109e-06           0   5.126e-06   1.695e-08  INVxp33_ASAP7_75t_R
transtop/sp/U279               5.109e-06           0   5.126e-06   1.695e-08  INVxp33_ASAP7_75t_R
transtop/sp/U1420              5.106e-06           0   5.123e-06   1.695e-08  INVxp33_ASAP7_75t_R
transtop/sp/U1150              5.106e-06           0   5.123e-06   1.695e-08  INVxp33_ASAP7_75t_R
transtop/sp/U974               5.106e-06           0   5.123e-06   1.695e-08  INVxp33_ASAP7_75t_R
transtop/sp/U240               5.106e-06           0   5.123e-06   1.695e-08  INVxp33_ASAP7_75t_R
transtop/sp/U1516              5.106e-06           0   5.123e-06   1.695e-08  INVxp33_ASAP7_75t_R
transtop/sp/U1273              5.106e-06           0   5.123e-06   1.695e-08  INVxp33_ASAP7_75t_R
transtop/sp/U234               5.106e-06           0   5.123e-06   1.695e-08  INVxp33_ASAP7_75t_R
transtop/sp/U959               5.106e-06           0   5.123e-06   1.695e-08  INVxp33_ASAP7_75t_R
transtop/sp/U285               5.106e-06           0   5.123e-06   1.695e-08  INVxp33_ASAP7_75t_R
transtop/sp/U929               5.106e-06           0   5.123e-06   1.695e-08  INVxp33_ASAP7_75t_R
transtop/sp/U817               5.106e-06           0   5.123e-06   1.695e-08  INVxp33_ASAP7_75t_R
transtop/sp/U135               5.106e-06           0   5.123e-06   1.695e-08  INVxp33_ASAP7_75t_R
transtop/sp/U507               5.106e-06           0   5.123e-06   1.695e-08  INVxp33_ASAP7_75t_R
transtop/sp/U441               5.106e-06           0   5.123e-06   1.695e-08  INVxp33_ASAP7_75t_R
transtop/sp/U1447              5.106e-06           0   5.123e-06   1.695e-08  INVxp33_ASAP7_75t_R
transtop/sp/U902               5.106e-06           0   5.123e-06   1.695e-08  INVxp33_ASAP7_75t_R
transtop/sp/U1471              5.106e-06           0   5.123e-06   1.695e-08  INVxp33_ASAP7_75t_R
transtop/sp/U49                5.106e-06           0   5.123e-06   1.695e-08  INVxp33_ASAP7_75t_R
transtop/sp/U429               5.106e-06           0   5.123e-06   1.695e-08  INVxp33_ASAP7_75t_R
transtop/sp/U691               5.106e-06           0   5.123e-06   1.695e-08  INVxp33_ASAP7_75t_R
transtop/sp/U820               5.103e-06           0    5.12e-06   1.695e-08  INVxp33_ASAP7_75t_R
transtop/sp/U544               5.103e-06           0    5.12e-06   1.695e-08  INVxp33_ASAP7_75t_R
transtop/sp/U327               5.103e-06           0    5.12e-06   1.695e-08  INVxp33_ASAP7_75t_R
transtop/sp/U953               5.103e-06           0    5.12e-06   1.695e-08  INVxp33_ASAP7_75t_R
transtop/sp/U848               5.103e-06           0    5.12e-06   1.695e-08  INVxp33_ASAP7_75t_R
transtop/sp/U483               5.103e-06           0    5.12e-06   1.695e-08  INVxp33_ASAP7_75t_R
transtop/sp/U324               5.103e-06           0    5.12e-06   1.695e-08  INVxp33_ASAP7_75t_R
transtop/sp/U1468              5.103e-06           0    5.12e-06   1.695e-08  INVxp33_ASAP7_75t_R
transtop/sp/U447               5.103e-06           0    5.12e-06   1.695e-08  INVxp33_ASAP7_75t_R
transtop/sp/U1300              5.103e-06           0    5.12e-06   1.695e-08  INVxp33_ASAP7_75t_R
transtop/sp/U580               5.103e-06           0    5.12e-06   1.695e-08  INVxp33_ASAP7_75t_R
transtop/sp/U1204              5.103e-06           0    5.12e-06   1.695e-08  INVxp33_ASAP7_75t_R
transtop/sp/U1165              5.103e-06           0    5.12e-06   1.695e-08  INVxp33_ASAP7_75t_R
transtop/sp/U1432              5.103e-06           0    5.12e-06   1.695e-08  INVxp33_ASAP7_75t_R
transtop/sp/U938               5.103e-06           0    5.12e-06   1.695e-08  INVxp33_ASAP7_75t_R
transtop/sp/U814               5.103e-06           0    5.12e-06   1.695e-08  INVxp33_ASAP7_75t_R
transtop/sp/U1435              5.103e-06           0    5.12e-06   1.695e-08  INVxp33_ASAP7_75t_R
transtop/sp/U655               5.103e-06           0    5.12e-06   1.695e-08  INVxp33_ASAP7_75t_R
transtop/sp/U1297              5.103e-06           0    5.12e-06   1.695e-08  INVxp33_ASAP7_75t_R
transtop/sp/U1399              5.103e-06           0    5.12e-06   1.695e-08  INVxp33_ASAP7_75t_R
transtop/sp/U1258              5.103e-06           0    5.12e-06   1.695e-08  INVxp33_ASAP7_75t_R
transtop/sp/U1507              5.103e-06           0    5.12e-06   1.695e-08  INVxp33_ASAP7_75t_R
transtop/sp/U477               5.103e-06           0    5.12e-06   1.695e-08  INVxp33_ASAP7_75t_R
transtop/sp/U96                5.103e-06           0    5.12e-06   1.695e-08  INVxp33_ASAP7_75t_R
transtop/sp/U950               5.103e-06           0    5.12e-06   1.695e-08  INVxp33_ASAP7_75t_R
transtop/sp/U400               5.103e-06           0    5.12e-06   1.695e-08  INVxp33_ASAP7_75t_R
transtop/sp/U1249              5.103e-06           0    5.12e-06   1.695e-08  INVxp33_ASAP7_75t_R
transtop/sp/U1040              5.103e-06           0    5.12e-06   1.695e-08  INVxp33_ASAP7_75t_R
transtop/sp/U854               5.103e-06           0    5.12e-06   1.695e-08  INVxp33_ASAP7_75t_R
transtop/sp/U1531              5.101e-06           0   5.118e-06   1.695e-08  INVxp33_ASAP7_75t_R
transtop/sp/U1147                5.1e-06           0   5.117e-06   1.695e-08  INVxp33_ASAP7_75t_R
transtop/sp/U1025                5.1e-06           0   5.117e-06   1.695e-08  INVxp33_ASAP7_75t_R
transtop/sp/U432                 5.1e-06           0   5.117e-06   1.695e-08  INVxp33_ASAP7_75t_R
transtop/sp/U126                 5.1e-06           0   5.117e-06   1.695e-08  INVxp33_ASAP7_75t_R
transtop/sp/U1321                5.1e-06           0   5.117e-06   1.695e-08  INVxp33_ASAP7_75t_R
transtop/sp/U920                 5.1e-06           0   5.117e-06   1.695e-08  INVxp33_ASAP7_75t_R
transtop/sp/U968                 5.1e-06           0   5.117e-06   1.695e-08  INVxp33_ASAP7_75t_R
transtop/sp/U811                 5.1e-06           0   5.117e-06   1.695e-08  INVxp33_ASAP7_75t_R
transtop/sp/U1108                5.1e-06           0   5.117e-06   1.695e-08  INVxp33_ASAP7_75t_R
transtop/sp/U1456                5.1e-06           0   5.117e-06   1.695e-08  INVxp33_ASAP7_75t_R
transtop/sp/U309                 5.1e-06           0   5.117e-06   1.695e-08  INVxp33_ASAP7_75t_R
transtop/sp/U1078                5.1e-06           0   5.117e-06   1.695e-08  INVxp33_ASAP7_75t_R
transtop/sp/U601                 5.1e-06           0   5.117e-06   1.695e-08  INVxp33_ASAP7_75t_R
transtop/sp/U1324                5.1e-06           0   5.117e-06   1.695e-08  INVxp33_ASAP7_75t_R
transtop/sp/U721                 5.1e-06           0   5.117e-06   1.695e-08  INVxp33_ASAP7_75t_R
transtop/sp/U875                 5.1e-06           0   5.117e-06   1.695e-08  INVxp33_ASAP7_75t_R
transtop/sp/U342                 5.1e-06           0   5.117e-06   1.695e-08  INVxp33_ASAP7_75t_R
transtop/sp/U1492                5.1e-06           0   5.117e-06   1.695e-08  INVxp33_ASAP7_75t_R
transtop/sp/U222                 5.1e-06           0   5.117e-06   1.695e-08  INVxp33_ASAP7_75t_R
transtop/sp/U1357                5.1e-06           0   5.117e-06   1.695e-08  INVxp33_ASAP7_75t_R
transtop/sp/U1450                5.1e-06           0   5.117e-06   1.695e-08  INVxp33_ASAP7_75t_R
transtop/sp/U321                 5.1e-06           0   5.117e-06   1.695e-08  INVxp33_ASAP7_75t_R
transtop/sp/U613                 5.1e-06           0   5.117e-06   1.695e-08  INVxp33_ASAP7_75t_R
transtop/sp/U108                 5.1e-06           0   5.117e-06   1.695e-08  INVxp33_ASAP7_75t_R
transtop/sp/U210                 5.1e-06           0   5.117e-06   1.695e-08  INVxp33_ASAP7_75t_R
transtop/sp/U1303                5.1e-06           0   5.117e-06   1.695e-08  INVxp33_ASAP7_75t_R
transtop/sp/U261                 5.1e-06           0   5.117e-06   1.695e-08  INVxp33_ASAP7_75t_R
transtop/sp/U1126              5.097e-06           0   5.114e-06   1.695e-08  INVxp33_ASAP7_75t_R
transtop/sp/U1056              5.097e-06           0   5.114e-06   1.695e-08  INVxp33_ASAP7_75t_R
transtop/sp/U162               5.097e-06           0   5.114e-06   1.695e-08  INVxp33_ASAP7_75t_R
transtop/sp/U1240              5.097e-06           0   5.114e-06   1.695e-08  INVxp33_ASAP7_75t_R
transtop/sp/U228               5.097e-06           0   5.114e-06   1.695e-08  INVxp33_ASAP7_75t_R
transtop/sp/U99                5.097e-06           0   5.114e-06   1.695e-08  INVxp33_ASAP7_75t_R
transtop/sp/U333               5.097e-06           0   5.114e-06   1.695e-08  INVxp33_ASAP7_75t_R
transtop/sp/U1513              5.097e-06           0   5.114e-06   1.695e-08  INVxp33_ASAP7_75t_R
transtop/sp/U926               5.097e-06           0   5.114e-06   1.695e-08  INVxp33_ASAP7_75t_R
transtop/sp/U231               5.097e-06           0   5.114e-06   1.695e-08  INVxp33_ASAP7_75t_R
transtop/sp/U745               5.097e-06           0   5.114e-06   1.695e-08  INVxp33_ASAP7_75t_R
transtop/sp/U1390              5.097e-06           0   5.114e-06   1.695e-08  INVxp33_ASAP7_75t_R
transtop/sp/U123               5.097e-06           0   5.114e-06   1.695e-08  INVxp33_ASAP7_75t_R
transtop/sp/U377               5.097e-06           0   5.114e-06   1.695e-08  INVxp33_ASAP7_75t_R
transtop/sp/U426               5.097e-06           0   5.114e-06   1.695e-08  INVxp33_ASAP7_75t_R
transtop/sp/U219               5.097e-06           0   5.114e-06   1.695e-08  INVxp33_ASAP7_75t_R
transtop/sp/U724               5.097e-06           0   5.114e-06   1.695e-08  INVxp33_ASAP7_75t_R
transtop/sp/U1198              5.097e-06           0   5.114e-06   1.695e-08  INVxp33_ASAP7_75t_R
transtop/sp/U315               5.097e-06           0   5.114e-06   1.695e-08  INVxp33_ASAP7_75t_R
transtop/sp/U1114              5.097e-06           0   5.114e-06   1.695e-08  INVxp33_ASAP7_75t_R
transtop/sp/U676               5.097e-06           0   5.114e-06   1.695e-08  INVxp33_ASAP7_75t_R
transtop/sp/U1117              5.097e-06           0   5.114e-06   1.695e-08  INVxp33_ASAP7_75t_R
transtop/sp/U947               5.097e-06           0   5.114e-06   1.695e-08  INVxp33_ASAP7_75t_R
transtop/sp/U1063              5.097e-06           0   5.114e-06   1.695e-08  INVxp33_ASAP7_75t_R
transtop/sp/U291               5.097e-06           0   5.114e-06   1.695e-08  INVxp33_ASAP7_75t_R
transtop/sp/U524               5.095e-06           0   5.112e-06   1.695e-08  INVxp33_ASAP7_75t_R
transtop/sp/U504               5.095e-06           0   5.112e-06   1.695e-08  INVxp33_ASAP7_75t_R
transtop/sp/U489               5.095e-06           0   5.112e-06   1.695e-08  INVxp33_ASAP7_75t_R
transtop/sp/U1306              5.095e-06           0   5.112e-06   1.695e-08  INVxp33_ASAP7_75t_R
transtop/sp/U453               5.095e-06           0   5.112e-06   1.695e-08  INVxp33_ASAP7_75t_R
transtop/sp/U646               5.095e-06           0   5.112e-06   1.695e-08  INVxp33_ASAP7_75t_R
transtop/sp/U649               5.095e-06           0   5.112e-06   1.695e-08  INVxp33_ASAP7_75t_R
transtop/sp/U435               5.095e-06           0   5.112e-06   1.695e-08  INVxp33_ASAP7_75t_R
transtop/sp/U237               5.095e-06           0   5.112e-06   1.695e-08  INVxp33_ASAP7_75t_R
transtop/sp/U415               5.095e-06           0   5.112e-06   1.695e-08  INVxp33_ASAP7_75t_R
transtop/sp/U727               5.095e-06           0   5.112e-06   1.695e-08  INVxp33_ASAP7_75t_R
transtop/sp/U1495              5.095e-06           0   5.112e-06   1.695e-08  INVxp33_ASAP7_75t_R
transtop/sp/U380               5.095e-06           0   5.112e-06   1.695e-08  INVxp33_ASAP7_75t_R
transtop/sp/U1246              5.095e-06           0   5.112e-06   1.695e-08  INVxp33_ASAP7_75t_R
transtop/sp/U772               5.095e-06           0   5.112e-06   1.695e-08  INVxp33_ASAP7_75t_R
transtop/sp/U799               5.095e-06           0   5.112e-06   1.695e-08  INVxp33_ASAP7_75t_R
transtop/sp/U153               5.095e-06           0   5.112e-06   1.695e-08  INVxp33_ASAP7_75t_R
transtop/sp/U78                5.095e-06           0   5.112e-06   1.695e-08  INVxp33_ASAP7_75t_R
transtop/sp/U1156              5.094e-06           0   5.111e-06   1.695e-08  INVxp33_ASAP7_75t_R
transtop/sp/U1159              5.094e-06           0   5.111e-06   1.695e-08  INVxp33_ASAP7_75t_R
transtop/sp/U105               5.094e-06           0   5.111e-06   1.695e-08  INVxp33_ASAP7_75t_R
transtop/sp/U111               5.094e-06           0   5.111e-06   1.695e-08  INVxp33_ASAP7_75t_R
transtop/sp/U998               5.094e-06           0   5.111e-06   1.695e-08  INVxp33_ASAP7_75t_R
transtop/sp/U980               5.094e-06           0   5.111e-06   1.695e-08  INVxp33_ASAP7_75t_R
transtop/sp/U501               5.094e-06           0   5.111e-06   1.695e-08  INVxp33_ASAP7_75t_R
transtop/sp/U935               5.094e-06           0   5.111e-06   1.695e-08  INVxp33_ASAP7_75t_R
transtop/sp/U893               5.094e-06           0   5.111e-06   1.695e-08  INVxp33_ASAP7_75t_R
transtop/sp/U1498              5.094e-06           0   5.111e-06   1.695e-08  INVxp33_ASAP7_75t_R
transtop/sp/U371               5.094e-06           0   5.111e-06   1.695e-08  INVxp33_ASAP7_75t_R
transtop/sp/U1010              5.094e-06           0   5.111e-06   1.695e-08  INVxp33_ASAP7_75t_R
transtop/sp/U784               5.094e-06           0   5.111e-06   1.695e-08  INVxp33_ASAP7_75t_R
transtop/sp/U905               5.092e-06           0   5.109e-06   1.695e-08  INVxp33_ASAP7_75t_R
transtop/sp/U462               5.092e-06           0   5.109e-06   1.695e-08  INVxp33_ASAP7_75t_R
transtop/sp/U1417              5.092e-06           0   5.109e-06   1.695e-08  INVxp33_ASAP7_75t_R
transtop/sp/U63                5.092e-06           0   5.109e-06   1.695e-08  INVxp33_ASAP7_75t_R
transtop/sp/U1462              5.092e-06           0   5.109e-06   1.695e-08  INVxp33_ASAP7_75t_R
transtop/sp/U763               5.092e-06           0   5.109e-06   1.695e-08  INVxp33_ASAP7_75t_R
transtop/sp/U336               5.092e-06           0   5.109e-06   1.695e-08  INVxp33_ASAP7_75t_R
transtop/sp/U574               5.092e-06           0   5.109e-06   1.695e-08  INVxp33_ASAP7_75t_R
transtop/sp/U1123              5.092e-06           0   5.109e-06   1.695e-08  INVxp33_ASAP7_75t_R
transtop/sp/U168               5.092e-06           0   5.109e-06   1.695e-08  INVxp33_ASAP7_75t_R
transtop/sp/U282               5.092e-06           0   5.109e-06   1.695e-08  INVxp33_ASAP7_75t_R
transtop/sp/U532               5.092e-06           0   5.109e-06   1.695e-08  INVxp33_ASAP7_75t_R
transtop/sp/U995               5.092e-06           0   5.108e-06   1.695e-08  INVxp33_ASAP7_75t_R
transtop/sp/U1222              5.092e-06           0   5.108e-06   1.695e-08  INVxp33_ASAP7_75t_R
transtop/sp/U1219              5.092e-06           0   5.108e-06   1.695e-08  INVxp33_ASAP7_75t_R
transtop/sp/U43                5.092e-06           0   5.108e-06   1.695e-08  INVxp33_ASAP7_75t_R
transtop/sp/U598               5.092e-06           0   5.108e-06   1.695e-08  INVxp33_ASAP7_75t_R
transtop/sp/U390               5.092e-06           0   5.108e-06   1.695e-08  INVxp33_ASAP7_75t_R
transtop/sp/U474               5.089e-06           0   5.106e-06   1.695e-08  INVxp33_ASAP7_75t_R
transtop/sp/U869               5.089e-06           0   5.106e-06   1.695e-08  INVxp33_ASAP7_75t_R
transtop/sp/U863               5.089e-06           0   5.106e-06   1.695e-08  INVxp33_ASAP7_75t_R
transtop/sp/U1201              5.089e-06           0   5.106e-06   1.695e-08  INVxp33_ASAP7_75t_R
transtop/sp/U204               5.089e-06           0   5.106e-06   1.695e-08  INVxp33_ASAP7_75t_R
transtop/sp/U742               5.089e-06           0   5.106e-06   1.695e-08  INVxp33_ASAP7_75t_R
transtop/sp/U956               5.089e-06           0   5.106e-06   1.695e-08  INVxp33_ASAP7_75t_R
transtop/sp/U183               5.089e-06           0   5.106e-06   1.695e-08  INVxp33_ASAP7_75t_R
transtop/sp/U1477              5.089e-06           0   5.106e-06   1.695e-08  INVxp33_ASAP7_75t_R
transtop/sp/U456               5.086e-06           0   5.103e-06   1.695e-08  INVxp33_ASAP7_75t_R
transtop/sp/U1252              5.086e-06           0   5.103e-06   1.695e-08  INVxp33_ASAP7_75t_R
transtop/sp/U306               5.083e-06           0     5.1e-06   1.695e-08  INVxp33_ASAP7_75t_R
transtop/tfsm/U45              2.818e-07   4.794e-06   5.094e-06   1.777e-08  INVxp33_ASAP7_75t_R
U140                           2.119e-06    2.73e-06   4.874e-06   2.455e-08  NOR3xp33_ASAP7_75t_R
transtop/tfsm/U73              1.902e-06   2.429e-06   4.437e-06    1.06e-07  NOR3xp33_ASAP7_75t_R
transtop/tfsm/U78              3.632e-07   3.979e-06    4.36e-06   1.777e-08  INVxp33_ASAP7_75t_R
transtop/tfsm/U94              1.977e-06   2.221e-06   4.216e-06   1.796e-08  NOR3xp33_ASAP7_75t_R
transtop/tfsm/U79              1.803e-06   1.977e-06   3.886e-06    1.06e-07  NOR3xp33_ASAP7_75t_R
transtop/tfsm/U59              1.603e-06   2.093e-06   3.803e-06   1.066e-07  NOR3xp33_ASAP7_75t_R
transtop/tfsm/U92              1.821e-06   1.867e-06   3.706e-06   1.792e-08  NOR3xp33_ASAP7_75t_R
transtop/tfsm/U27              2.685e-07    3.35e-06   3.636e-06   1.777e-08  INVxp33_ASAP7_75t_R
transtop/tfsm/U28              2.557e-07   3.276e-06   3.549e-06   1.777e-08  INVxp33_ASAP7_75t_R
transtop/tfsm/U91              1.497e-06   1.867e-06   3.424e-06   5.924e-08  A2O1A1Ixp33_ASAP7_75t_R
transtop/tfsm/U25              1.389e-06   1.869e-06   3.289e-06   3.159e-08  OAI21xp33_ASAP7_75t_R
transtop/tfsm/U22              1.709e-07   2.767e-06   2.956e-06   1.777e-08  INVxp33_ASAP7_75t_R
transtop/tfsm/FE_RC_17_0       1.241e-06   1.505e-06   2.779e-06   3.333e-08  AOI21xp5_ASAP7_75t_R
transtop/tfsm/U89              1.394e-06   1.259e-06   2.686e-06   3.283e-08  A2O1A1Ixp33_ASAP7_75t_R
transtop/tfsm/FE_RC_5_0        1.228e-06   1.424e-06   2.686e-06   3.333e-08  AOI21xp5_ASAP7_75t_R
transtop/tfsm/FE_RC_13_0       8.858e-07   1.749e-06   2.684e-06   4.931e-08  AOI21xp5_ASAP7_75t_R
transtop/tfsm/U90              5.536e-07   2.016e-06   2.602e-06   3.241e-08  NOR2xp33_ASAP7_75t_R
transtop/tfsm/U88               7.42e-07   1.832e-06   2.587e-06    1.36e-08  NOR2xp33_ASAP7_75t_R
transtop/tfsm/FE_RC_14_0       1.166e-06   1.329e-06   2.528e-06   3.332e-08  AOI21xp5_ASAP7_75t_R
transtop/tfsm/U16              1.601e-07   1.983e-06   2.161e-06   1.777e-08  INVxp33_ASAP7_75t_R
transtop/tfsm/U53              1.525e-07   1.973e-06   2.143e-06   1.777e-08  INVxp33_ASAP7_75t_R
transtop/tfsm/FE_RC_3_0        6.352e-07   1.407e-06   2.092e-06   4.922e-08  AOI21xp5_ASAP7_75t_R
transtop/tfsm/U114             1.066e-06   9.256e-07   2.006e-06   1.465e-08  NOR3xp33_ASAP7_75t_R
transtop/tfsm/U113             1.011e-06   9.286e-07       2e-06    6.01e-08  A2O1A1Ixp33_ASAP7_75t_R
transtop/tfsm/U80              3.776e-07   1.563e-06   1.997e-06   5.567e-08  NAND3xp33_ASAP7_75t_R
transtop/tfsm/FE_RC_12_0       6.003e-07   1.345e-06   1.995e-06   4.922e-08  AOI21xp5_ASAP7_75t_R
transtop/tfsm/FE_RC_15_0       6.056e-07   1.339e-06   1.994e-06   4.922e-08  AOI21xp5_ASAP7_75t_R
transtop/tfsm/FE_RC_6_0        4.962e-07   1.396e-06   1.925e-06   3.342e-08  AOI31xp33_ASAP7_75t_R
transtop/tfsm/U112             1.001e-06   8.971e-07   1.912e-06   1.464e-08  NOR3xp33_ASAP7_75t_R
transtop/tfsm/U61              5.017e-07   1.351e-06   1.887e-06   3.369e-08  NAND2xp33_ASAP7_75t_R
transtop/tfsm/U110             9.884e-07   8.256e-07   1.829e-06   1.464e-08  NOR3xp33_ASAP7_75t_R
transtop/tfsm/U108             9.856e-07   8.085e-07   1.809e-06   1.464e-08  NOR3xp33_ASAP7_75t_R
transtop/fwcr/U7               6.525e-07   8.443e-07   1.556e-06   5.911e-08  A2O1A1Ixp33_ASAP7_75t_R
transtop/tfsm/U60               7.59e-07   6.897e-07   1.555e-06   1.067e-07  NOR3xp33_ASAP7_75t_R
transtop/tfsm/FE_RC_4_0        5.812e-07   9.296e-07   1.539e-06    2.86e-08  AOI21xp5_ASAP7_75t_R
transtop/tfsm/U74              4.647e-07   1.027e-06   1.512e-06   2.009e-08  NAND2xp33_ASAP7_75t_R
transtop/tfsm/FE_RC_18_0       5.784e-07   8.745e-07   1.482e-06    2.86e-08  AOI21xp5_ASAP7_75t_R
transtop/tfsm/FE_RC_16_0        5.78e-07   8.739e-07   1.481e-06    2.86e-08  AOI21xp5_ASAP7_75t_R
transtop/tfsm/U109             6.395e-07   7.533e-07   1.452e-06   5.906e-08  A2O1A1Ixp33_ASAP7_75t_R
transtop/tfsm/U111             6.459e-07   7.411e-07   1.446e-06   5.906e-08  A2O1A1Ixp33_ASAP7_75t_R
transtop/fwcr/U14              5.389e-07   7.672e-07   1.378e-06   7.209e-08  OAI21xp33_ASAP7_75t_R
transtop/tfsm/U62              1.472e-07   1.191e-06   1.355e-06   1.777e-08  INVxp33_ASAP7_75t_R
transtop/tfsm/FE_RC_7_0        3.732e-07   8.945e-07   1.317e-06   4.924e-08  AOI21xp5_ASAP7_75t_R
transtop/tfsm/U41              5.591e-07   7.169e-07   1.307e-06    3.08e-08  OAI21xp33_ASAP7_75t_R
transtop/tfsm/U19              5.592e-07   7.124e-07   1.302e-06    3.08e-08  OAI21xp33_ASAP7_75t_R
transtop/tfsm/FE_RC_2_0        3.727e-07   8.741e-07   1.296e-06   4.924e-08  AOI21xp5_ASAP7_75t_R
transtop/tfsm/U105             6.226e-07   6.132e-07   1.267e-06   3.065e-08  A2O1A1Ixp33_ASAP7_75t_R
transtop/tfsm/U107             3.664e-07   8.182e-07   1.257e-06    7.21e-08  OAI21xp33_ASAP7_75t_R
transtop/tfsm/U104             3.635e-07   7.974e-07   1.173e-06   1.222e-08  NOR2xp33_ASAP7_75t_R
transtop/fwcr/FE_RC_0_0        3.047e-07   8.066e-07   1.169e-06   5.745e-08  AOI31xp33_ASAP7_75t_R
transtop/tfsm/U106             2.417e-07   8.704e-07   1.145e-06    3.24e-08  NOR2xp33_ASAP7_75t_R
transtop/tfsm/U76              5.794e-07   5.133e-07   1.141e-06   4.873e-08  NAND3xp33_ASAP7_75t_R
transtop/mem/U14               3.859e-07   6.836e-07   1.105e-06   3.578e-08  NOR2xp33_ASAP7_75t_R
transtop/fwcr/U47              4.787e-07   5.688e-07   1.069e-06   2.109e-08  NAND2xp33_ASAP7_75t_R
transtop/fwcr/U51              6.762e-07   3.516e-07   1.052e-06   2.456e-08  NAND3xp33_ASAP7_75t_R
transtop/tfsm/U77              3.459e-07    5.95e-07   9.897e-07   4.889e-08  NOR3xp33_ASAP7_75t_R
transtop/mem/U15               1.446e-07   8.173e-07   9.796e-07   1.777e-08  INVxp33_ASAP7_75t_R
transtop/fwcr/U49              3.715e-07   5.612e-07   9.663e-07   3.368e-08  NAND2xp33_ASAP7_75t_R
transtop/tfsm/U75              1.976e-07   7.217e-07   9.515e-07   3.227e-08  NOR2xp33_ASAP7_75t_R
transtop/tfsm/U34              4.471e-07   2.931e-07   7.741e-07   3.388e-08  OAI21xp33_ASAP7_75t_R
transtop/tfsm/U43              4.585e-07   2.816e-07    7.74e-07   3.389e-08  OAI21xp33_ASAP7_75t_R
transtop/tfsm/U48              4.444e-07   2.668e-07   7.451e-07   3.388e-08  OAI21xp33_ASAP7_75t_R
transtop/fwcr/U44              3.624e-07   3.004e-07   6.838e-07   2.103e-08  NAND2xp33_ASAP7_75t_R
transtop/fwcr/U11               3.41e-07   3.008e-07   6.628e-07   2.102e-08  NAND2xp33_ASAP7_75t_R
transtop/fwcr/U35              3.429e-07   2.793e-07   6.432e-07   2.103e-08  NAND2xp33_ASAP7_75t_R
transtop/fwcr/U15              3.215e-07   2.907e-07   6.333e-07   2.103e-08  NAND2xp33_ASAP7_75t_R
transtop/fwcr/U37              2.021e-07   3.913e-07   6.271e-07   3.368e-08  NAND2xp33_ASAP7_75t_R
transtop/fwcr/U24              3.398e-07   2.628e-07   6.237e-07   2.102e-08  NAND2xp33_ASAP7_75t_R
transtop/fwcr/U17              3.262e-07   2.713e-07   6.185e-07   2.103e-08  NAND2xp33_ASAP7_75t_R
transtop/fwcr/U32              3.241e-07   2.654e-07   6.105e-07   2.103e-08  NAND2xp33_ASAP7_75t_R
transtop/fwcr/U38              3.298e-07   2.424e-07   5.932e-07   2.104e-08  NAND2xp33_ASAP7_75t_R
transtop/fwcr/U26              3.217e-07   2.392e-07   5.819e-07   2.103e-08  NAND2xp33_ASAP7_75t_R
transtop/fwcr/U29              3.234e-07    2.21e-07   5.654e-07   2.103e-08  NAND2xp33_ASAP7_75t_R
transtop/fwcr/U41              3.166e-07    2.19e-07   5.566e-07   2.103e-08  NAND2xp33_ASAP7_75t_R
transtop/fwcr/U46              2.268e-07   2.905e-07    5.51e-07   3.368e-08  NAND2xp33_ASAP7_75t_R
transtop/fwcr/U34               1.65e-07   3.367e-07   5.353e-07   3.368e-08  NAND2xp33_ASAP7_75t_R
transtop/fwcr/U12              3.342e-07   1.551e-07   5.339e-07   4.455e-08  OAI21xp33_ASAP7_75t_R
transtop/tfsm/U116              2.44e-07   2.204e-07   4.972e-07   3.285e-08  A2O1A1Ixp33_ASAP7_75t_R
transtop/fwcr/U16              2.933e-07   1.577e-07   4.956e-07   4.459e-08  OAI21xp33_ASAP7_75t_R
transtop/fwcr/U31              1.665e-07   2.742e-07   4.744e-07   3.368e-08  NAND2xp33_ASAP7_75t_R
transtop/fwcr/U28              1.635e-07   1.811e-07   3.783e-07   3.368e-08  NAND2xp33_ASAP7_75t_R
transtop/fwcr/U48              2.795e-07    6.14e-08    3.65e-07   2.413e-08  NAND3xp33_ASAP7_75t_R
transtop/fwcr/U40              1.721e-07   1.242e-07     3.3e-07   3.368e-08  NAND2xp33_ASAP7_75t_R
transtop/fwcr/U39              2.526e-07   3.933e-08    3.16e-07   2.411e-08  NAND3xp33_ASAP7_75t_R
transtop/fwcr/U45              2.568e-07   3.297e-08   3.139e-07   2.411e-08  NAND3xp33_ASAP7_75t_R
transtop/fwcr/U42               2.53e-07   3.597e-08   3.131e-07   2.411e-08  NAND3xp33_ASAP7_75t_R
transtop/fwcr/U25               1.28e-07   1.495e-07   3.111e-07   3.368e-08  NAND2xp33_ASAP7_75t_R
transtop/fwcr/U27              2.528e-07   2.738e-08   3.043e-07   2.411e-08  NAND3xp33_ASAP7_75t_R
transtop/fwcr/U43              1.534e-07   1.124e-07   2.995e-07   3.368e-08  NAND2xp33_ASAP7_75t_R
transtop/fwcr/U36              2.535e-07   2.106e-08   2.987e-07   2.411e-08  NAND3xp33_ASAP7_75t_R
transtop/fwcr/U33              2.533e-07   2.094e-08   2.984e-07   2.411e-08  NAND3xp33_ASAP7_75t_R
transtop/fwcr/U30              2.527e-07   1.977e-08   2.966e-07   2.411e-08  NAND3xp33_ASAP7_75t_R
transtop/tfsm/U66              5.589e-08   9.021e-08   1.952e-07   4.908e-08  NOR3xp33_ASAP7_75t_R
transtop/tfsm/U65              8.182e-08   5.505e-08   1.637e-07   2.683e-08  NAND3xp33_ASAP7_75t_R
transtop/sp/FE_OFC31_n767              0           0   1.393e-07   1.393e-07  BUFx2_ASAP7_75t_R
transtop/sp/FE_OFC30_n767              0           0   1.393e-07   1.393e-07  BUFx2_ASAP7_75t_R
transtop/sp/FE_OFC29_n767              0           0   1.393e-07   1.393e-07  BUFx2_ASAP7_75t_R
transtop/sp/FE_OFC32_n767              0           0   1.393e-07   1.393e-07  BUFx2_ASAP7_75t_R
transtop/sp/FE_OFC33_n767              0           0   1.393e-07   1.393e-07  BUFx2_ASAP7_75t_R
transtop/sp/FE_OFC28_n767              0           0   1.393e-07   1.393e-07  BUFx2_ASAP7_75t_R
transtop/sp/FE_OFC27_n767              0           0   1.393e-07   1.393e-07  BUFx2_ASAP7_75t_R
transtop/sp/FE_OFC35_n767              0           0   1.393e-07   1.393e-07  BUFx2_ASAP7_75t_R
transtop/sp/FE_OFC36_n767              0           0   1.393e-07   1.393e-07  BUFx2_ASAP7_75t_R
transtop/sp/FE_OFC26_n767              0           0   1.393e-07   1.393e-07  BUFx2_ASAP7_75t_R
transtop/sp/FE_OFC18_n767              0           0   1.393e-07   1.393e-07  BUFx2_ASAP7_75t_R
transtop/sp/FE_OFC17_n767              0           0   1.393e-07   1.393e-07  BUFx2_ASAP7_75t_R
transtop/sp/FE_OFC20_n767              0           0   1.393e-07   1.393e-07  BUFx2_ASAP7_75t_R
transtop/sp/FE_OFC21_n767              0           0   1.393e-07   1.393e-07  BUFx2_ASAP7_75t_R
transtop/sp/FE_OFC22_n767              0           0   1.393e-07   1.393e-07  BUFx2_ASAP7_75t_R
transtop/sp/FE_OFC25_n767              0           0   1.393e-07   1.393e-07  BUFx2_ASAP7_75t_R
transtop/tfsm/U15               1.15e-07   1.257e-09   1.385e-07   2.222e-08  NAND3xp33_ASAP7_75t_R
transtop/sp/FE_OFC62_n485              0           0   1.335e-07   1.335e-07  BUFx2_ASAP7_75t_R
transtop/sp/FE_OFC61_n485              0           0   1.335e-07   1.335e-07  BUFx2_ASAP7_75t_R
transtop/sp/FE_OFC60_n485              0           0   1.335e-07   1.335e-07  BUFx2_ASAP7_75t_R
transtop/sp/FE_OFC59_n485              0           0   1.335e-07   1.335e-07  BUFx2_ASAP7_75t_R
transtop/sp/FE_OFC58_n485              0           0   1.335e-07   1.335e-07  BUFx2_ASAP7_75t_R
transtop/sp/FE_OFC57_n485              0           0   1.335e-07   1.335e-07  BUFx2_ASAP7_75t_R
transtop/sp/FE_OFC51_n485              0           0   1.335e-07   1.335e-07  BUFx2_ASAP7_75t_R
transtop/sp/FE_OFC52_n485              0           0   1.335e-07   1.335e-07  BUFx2_ASAP7_75t_R
transtop/sp/FE_OFC53_n485              0           0   1.335e-07   1.335e-07  BUFx2_ASAP7_75t_R
transtop/sp/FE_OFC54_n485              0           0   1.335e-07   1.335e-07  BUFx2_ASAP7_75t_R
transtop/sp/FE_OFC55_n485              0           0   1.335e-07   1.335e-07  BUFx2_ASAP7_75t_R
transtop/sp/FE_OFC56_n485              0           0   1.335e-07   1.335e-07  BUFx2_ASAP7_75t_R
transtop/sp/FE_OFC63_n485              0           0   1.335e-07   1.335e-07  BUFx2_ASAP7_75t_R
transtop/tfsm/U29              5.993e-08   2.153e-08   1.039e-07   2.248e-08  NAND3xp33_ASAP7_75t_R
transtop/fwcr/U23              1.421e-08   1.978e-08   6.751e-08   3.352e-08  NAND2xp33_ASAP7_75t_R
transtop/fwcr/U20              2.478e-08   1.989e-08   5.557e-08   1.089e-08  NOR2xp33_ASAP7_75t_R
transtop/sp/FE_OFC23_n767              0           0   5.188e-08   5.188e-08  HB1xp67_ASAP7_75t_R
transtop/sp/FE_OFC34_n767              0           0   5.188e-08   5.188e-08  HB1xp67_ASAP7_75t_R
transtop/sp/FE_OFC24_n767              0           0   5.188e-08   5.188e-08  HB1xp67_ASAP7_75t_R
transtop/sp/FE_OFC19_n767              0           0   5.188e-08   5.188e-08  HB1xp67_ASAP7_75t_R
transtop/sp/FE_OFC16_n767              0           0   5.188e-08   5.188e-08  HB1xp67_ASAP7_75t_R
transtop/sp/FE_OFC37_n767              0           0   5.188e-08   5.188e-08  HB1xp67_ASAP7_75t_R
transtop/sp/FE_OFC38_n767              0           0   5.188e-08   5.188e-08  HB1xp67_ASAP7_75t_R
transtop/sp/FE_OFC39_n767              0           0   5.188e-08   5.188e-08  HB1xp67_ASAP7_75t_R
transtop/sp/FE_OFC65_n485              0           0   5.043e-08   5.043e-08  HB1xp67_ASAP7_75t_R
transtop/sp/FE_OFC64_n485              0           0   5.043e-08   5.043e-08  HB1xp67_ASAP7_75t_R
transtop/tfsm/U31              1.923e-08           0   4.121e-08   2.198e-08  NAND3xp33_ASAP7_75t_R
transtop/tfsm/U86              1.921e-08           0   3.729e-08   1.808e-08  NAND2xp33_ASAP7_75t_R
transtop/tfsm/U46              1.302e-08           0     3.5e-08   2.198e-08  NAND3xp33_ASAP7_75t_R
transtop/fwcr/U6               9.867e-09   1.344e-11   3.183e-08   2.195e-08  NAND3xp33_ASAP7_75t_R
transtop/tfsm/U84              1.284e-08           0   3.093e-08   1.809e-08  NAND2xp33_ASAP7_75t_R
transtop/fwcr/U13              1.021e-08   2.364e-09   3.062e-08   1.805e-08  NAND2xp33_ASAP7_75t_R
transtop/tfsm/U85              1.918e-08           0   2.968e-08    1.05e-08  NOR2xp33_ASAP7_75t_R
transtop/fwcr/U22              8.107e-09           0   2.613e-08   1.802e-08  NAND2xp33_ASAP7_75t_R
transtop/tfsm/U102             8.107e-09           0   2.613e-08   1.802e-08  NAND2xp33_ASAP7_75t_R
transtop/tfsm/U52              1.851e-09           0   2.379e-08   2.194e-08  NAND3xp33_ASAP7_75t_R
transtop/tfsm/U21              1.821e-09           0   2.376e-08   2.194e-08  NAND3xp33_ASAP7_75t_R
transtop/tfsm/U32              1.311e-08           0   2.362e-08   1.051e-08  NOR2xp33_ASAP7_75t_R
transtop/tfsm/U47               1.27e-08           0   2.322e-08   1.051e-08  NOR2xp33_ASAP7_75t_R
transtop/tfsm/U30              1.235e-08   1.215e-10   2.298e-08   1.051e-08  NOR2xp33_ASAP7_75t_R
transtop/tfsm/U100              1.53e-09           0   1.954e-08   1.801e-08  NAND2xp33_ASAP7_75t_R
transtop/fwcr/U21              1.527e-12   6.094e-12   1.634e-08   1.633e-08  INVxp33_ASAP7_75t_R
transtop/tfsm/U40              4.139e-10           0   1.084e-08   1.043e-08  NOR2xp33_ASAP7_75t_R
transtop/tfsm/U17              3.698e-10   2.744e-12    1.08e-08   1.043e-08  NOR2xp33_ASAP7_75t_R
transtop/tfsm/U98              3.597e-10           0   1.079e-08   1.043e-08  NOR2xp33_ASAP7_75t_R
transtop/tfsm/U101             2.387e-10           0   1.066e-08   1.043e-08  NOR2xp33_ASAP7_75t_R
transtop/sp/U36                        0           0   1.656e-09   1.656e-09  TIELOx1_ASAP7_75t_R
U91                                    0           0   1.656e-09   1.656e-09  TIELOx1_ASAP7_75t_R
transtop/mem/U3                        0           0   1.656e-09   1.656e-09  TIELOx1_ASAP7_75t_R
transtop/tfsm/U9                       0           0   1.656e-09   1.656e-09  TIELOx1_ASAP7_75t_R
transtop/sp/U37                        0           0   8.768e-10   8.768e-10  TIEHIx1_ASAP7_75t_R
transtop/fwcr/U5                       0           0   8.768e-10   8.768e-10  TIEHIx1_ASAP7_75t_R
transtop/mem/U4                        0           0   8.768e-10   8.768e-10  TIEHIx1_ASAP7_75t_R

---------------------------------------------------------------------------------------

Total (   2317 of   2317  )       0.7666      0.4891      1.256   0.0002566
Total Capacitance                 3.16e-12 F
Power Density                   *** No Die Area ***
