Current time:       Sat May  3 10:30:01 2025
Hostname:           nc-asu6-l01.apporto.com
CPU Model:          Intel(R) Xeon(R) Platinum 8488C
CPU Details:        Cores = 16 : Sockets = 1 : Cache Size = 107520 KB : Freq = 3.52 GHz
OS:                 Linux 4.18.0-372.19.1.el8_6.x86_64
RAM:                 61 GB (Free  43 GB)
Swap:                 0 GB (Free   0 GB)
Work Filesystem:    /home/a20330_asu mounted to nc-nfs-01.apporto.com:/homes/a20330_asu
Tmp Filesystem:     /tmp mounted to tmpfs
Work Disk:          1968 GB (Free 757 GB)
Tmp Disk:            30 GB (Free  30 GB)
# disclaimer: All the values given here are just for illustrative purpose
# Change all the path according to your run directory
# Please go through the file before sourcing it
# Try to run all the command one by one at least for the first time
# Multicore Usage
set_host_options -max_cores 8
1
# library directory
set search_path [list "/usr/local2/ASAP7/afs/asu.edu/class/e/e/e/eee525b/asap7libs/asap7libs_24/db/" ]
/usr/local2/ASAP7/afs/asu.edu/class/e/e/e/eee525b/asap7libs/asap7libs_24/db/
set link_library "* asap7sc7p5t_22b_AO_RVT_TT_170906.db asap7sc7p5t_22b_INVBUF_RVT_TT_170906.db asap7sc7p5t_22b_OA_RVT_TT_170906.db asap7sc7p5t_22b_SEQ_RVT_TT_170906.db asap7sc7p5t_22b_SIMPLE_RVT_TT_170906.db"
* asap7sc7p5t_22b_AO_RVT_TT_170906.db asap7sc7p5t_22b_INVBUF_RVT_TT_170906.db asap7sc7p5t_22b_OA_RVT_TT_170906.db asap7sc7p5t_22b_SEQ_RVT_TT_170906.db asap7sc7p5t_22b_SIMPLE_RVT_TT_170906.db
set target_library "asap7sc7p5t_22b_AO_RVT_TT_170906.db asap7sc7p5t_22b_INVBUF_RVT_TT_170906.db asap7sc7p5t_22b_OA_RVT_TT_170906.db asap7sc7p5t_22b_SEQ_RVT_TT_170906.db asap7sc7p5t_22b_SIMPLE_RVT_TT_170906.db"
asap7sc7p5t_22b_AO_RVT_TT_170906.db asap7sc7p5t_22b_INVBUF_RVT_TT_170906.db asap7sc7p5t_22b_OA_RVT_TT_170906.db asap7sc7p5t_22b_SEQ_RVT_TT_170906.db asap7sc7p5t_22b_SIMPLE_RVT_TT_170906.db
# #################################CHANGE THIS###################################################
# TOP_LEVEL_NAME
set top_level                   "GCN"
GCN
# PATH TO YOUR VERILOG NETLIST
set netlist_search_path "/home/a20330_asu/asap7_rundir/Lab4/Synthesis"
/home/a20330_asu/asap7_rundir/Lab4/Synthesis
# NETLIST NAME
set netlist_name "GCN.v"
GCN.v
# CLOCK PERIOD
set clk_period                  1000
1000
# ################################################################################################
Set a TCL variable with all .sv files in your RTL directory
Error: wrong # args: should be "set varName ?newValue?"
        Use error_info for more info. (CMD-013)
set rtl_files [glob /home/a20330_asu/asap7_rundir/Lab4/RTL/*.sv]
/home/a20330_asu/asap7_rundir/Lab4/RTL/Scratch_Pad.sv /home/a20330_asu/asap7_rundir/Lab4/RTL/GCN_new.sv /home/a20330_asu/asap7_rundir/Lab4/RTL/Matrix_FM_WM_Memory.sv /home/a20330_asu/asap7_rundir/Lab4/RTL/Matrix_FM_WM_ADJ_Memory.sv /home/a20330_asu/asap7_rundir/Lab4/RTL/GCN_TB.sv /home/a20330_asu/asap7_rundir/Lab4/RTL/Transformation_FSM.sv
# Read verilog files
analyze -library WORK -format sverilog $rtl_files
Running PRESTO HDLC
Compiling source file /home/a20330_asu/asap7_rundir/Lab4/RTL/Scratch_Pad.sv
Compiling source file /home/a20330_asu/asap7_rundir/Lab4/RTL/GCN_new.sv
Warning:  /home/a20330_asu/asap7_rundir/Lab4/RTL/GCN_new.sv:419: Overwriting existing design element 'Scratch_Pad' with newer version. (VER-64)
Compiling source file /home/a20330_asu/asap7_rundir/Lab4/RTL/Matrix_FM_WM_Memory.sv
Compiling source file /home/a20330_asu/asap7_rundir/Lab4/RTL/Matrix_FM_WM_ADJ_Memory.sv
Compiling source file /home/a20330_asu/asap7_rundir/Lab4/RTL/GCN_TB.sv
Information:  /home/a20330_asu/asap7_rundir/Lab4/RTL/GCN_TB.sv:20: List () of one, unnamed, port is ignored. (VER-988)
Error:  /home/a20330_asu/asap7_rundir/Lab4/RTL/GCN_TB.sv:24: The construct 'string' is not supported in synthesis. (VER-700)
Warning:  /home/a20330_asu/asap7_rundir/Lab4/RTL/GCN_TB.sv:24: The construct 'declaration initial assignment' is not supported in synthesis; it is ignored. (VER-708)
Error:  /home/a20330_asu/asap7_rundir/Lab4/RTL/GCN_TB.sv:25: The construct 'string' is not supported in synthesis. (VER-700)
Warning:  /home/a20330_asu/asap7_rundir/Lab4/RTL/GCN_TB.sv:25: The construct 'declaration initial assignment' is not supported in synthesis; it is ignored. (VER-708)
Error:  /home/a20330_asu/asap7_rundir/Lab4/RTL/GCN_TB.sv:26: The construct 'string' is not supported in synthesis. (VER-700)
Warning:  /home/a20330_asu/asap7_rundir/Lab4/RTL/GCN_TB.sv:26: The construct 'declaration initial assignment' is not supported in synthesis; it is ignored. (VER-708)
Error:  /home/a20330_asu/asap7_rundir/Lab4/RTL/GCN_TB.sv:27: The construct 'string' is not supported in synthesis. (VER-700)
Warning:  /home/a20330_asu/asap7_rundir/Lab4/RTL/GCN_TB.sv:27: The construct 'declaration initial assignment' is not supported in synthesis; it is ignored. (VER-708)
Warning:  /home/a20330_asu/asap7_rundir/Lab4/RTL/GCN_TB.sv:123: The construct 'immediate assertion' is not supported in synthesis; it is ignored. (VER-708)
Compiling source file /home/a20330_asu/asap7_rundir/Lab4/RTL/Transformation_FSM.sv
Error:  Cannot recover from previous errors. (VER-518)
*** Presto compilation terminated with 5 errors. ***
Loading db file '/usr/local2/ASAP7/afs/asu.edu/class/e/e/e/eee525b/asap7libs/asap7libs_24/db/asap7sc7p5t_22b_AO_RVT_TT_170906.db'
Loading db file '/usr/local2/ASAP7/afs/asu.edu/class/e/e/e/eee525b/asap7libs/asap7libs_24/db/asap7sc7p5t_22b_INVBUF_RVT_TT_170906.db'
Loading db file '/usr/local2/ASAP7/afs/asu.edu/class/e/e/e/eee525b/asap7libs/asap7libs_24/db/asap7sc7p5t_22b_OA_RVT_TT_170906.db'
Loading db file '/usr/local2/ASAP7/afs/asu.edu/class/e/e/e/eee525b/asap7libs/asap7libs_24/db/asap7sc7p5t_22b_SEQ_RVT_TT_170906.db'
Loading db file '/usr/local2/ASAP7/afs/asu.edu/class/e/e/e/eee525b/asap7libs/asap7libs_24/db/asap7sc7p5t_22b_SIMPLE_RVT_TT_170906.db'
0
elaborate $top_level
Loading db file '/usr/local2/synopsys/syn_2023.12-SP51/libraries/syn/gtech.db'
Loading db file '/usr/local2/synopsys/syn_2023.12-SP51/libraries/syn/standard.sldb'
  Loading link library 'asap7sc7p5t_22b_AO_RVT_TT_170906'
  Loading link library 'asap7sc7p5t_22b_INVBUF_RVT_TT_170906'
  Loading link library 'asap7sc7p5t_22b_OA_RVT_TT_170906'
  Loading link library 'asap7sc7p5t_22b_SEQ_RVT_TT_170906'
  Loading link library 'asap7sc7p5t_22b_SIMPLE_RVT_TT_170906'
  Loading link library 'gtech'
Running PRESTO HDLC
Presto compilation completed successfully. (GCN)
Elaborated 1 design.
Current design is now 'GCN'.
Information: Building the design 'transformation_top_block'. (HDL-193)
Presto compilation completed successfully. (transformation_top_block)
Information: Building the design 'Graph_Neighbor_Processor'. (HDL-193)
Warning:  /home/a20330_asu/asap7_rundir/Lab4/RTL/GCN_new.sv:587: signed to unsigned conversion occurs. (VER-318)

Inferred memory devices in process
        in routine Graph_Neighbor_Processor line 571 in file
                '/home/a20330_asu/asap7_rundir/Lab4/RTL/GCN_new.sv'.
================================================================================
|    Register Name     |   Type    | Width | Bus | MB | AR | AS | SR | SS | ST |
================================================================================
|    coo_matrix_reg    | Flip-flop |  36   |  Y  | N  | Y  | N  | N  | N  | N  |
|    comb_done_reg     | Flip-flop |   1   |  N  | N  | Y  | N  | N  | N  | N  |
|    coo_index_reg     | Flip-flop |   3   |  Y  | N  | Y  | N  | N  | N  | N  |
| adjacency_matrix_reg | Flip-flop |  288  |  Y  | N  | Y  | N  | N  | N  | N  |
================================================================================

Inferred memory devices in process
        in routine Graph_Neighbor_Processor line 605 in file
                '/home/a20330_asu/asap7_rundir/Lab4/RTL/GCN_new.sv'.
===============================================================================
|    Register Name    |   Type    | Width | Bus | MB | AR | AS | SR | SS | ST |
===============================================================================
|   coo_counter_reg   | Flip-flop |   3   |  Y  | N  | Y  | N  | N  | N  | N  |
| weight_counter_reg  | Flip-flop |   3   |  Y  | N  | Y  | N  | N  | N  | N  |
|    coo_addr_reg     | Flip-flop |   3   |  Y  | N  | Y  | N  | N  | N  | N  |
===============================================================================
Presto compilation completed successfully. (Graph_Neighbor_Processor)
Information: Building the design 'Node_Classifier'. (HDL-193)
Warning:  /home/a20330_asu/asap7_rundir/Lab4/RTL/GCN_new.sv:656: signed to unsigned assignment occurs. (VER-318)
Warning:  /home/a20330_asu/asap7_rundir/Lab4/RTL/GCN_new.sv:672: signed to unsigned conversion occurs. (VER-318)
Warning:  /home/a20330_asu/asap7_rundir/Lab4/RTL/GCN_new.sv:675: signed to unsigned conversion occurs. (VER-318)

Inferred memory devices in process
        in routine Node_Classifier line 662 in file
                '/home/a20330_asu/asap7_rundir/Lab4/RTL/GCN_new.sv'.
===============================================================================
|    Register Name    |   Type    | Width | Bus | MB | AR | AS | SR | SS | ST |
===============================================================================
|  max_addi_ans_reg   | Flip-flop |  12   |  Y  | N  | Y  | N  | N  | N  | N  |
|    read_row_reg     | Flip-flop |   3   |  Y  | N  | Y  | N  | N  | N  | N  |
|    done_arg_reg     | Flip-flop |   1   |  N  | N  | Y  | N  | N  | N  | N  |
===============================================================================
Presto compilation completed successfully. (Node_Classifier)
Information: Building the design 'Transformation_FSM'. (HDL-193)
Warning:  /home/a20330_asu/asap7_rundir/Lab4/RTL/GCN_new.sv:174: signed to unsigned conversion occurs. (VER-318)

Statistics for case statements in always block at line 121 in file
        '/home/a20330_asu/asap7_rundir/Lab4/RTL/GCN_new.sv'
===============================================
|           Line           |  full/ parallel  |
===============================================
|           122            |    auto/auto     |
===============================================

Inferred memory devices in process
        in routine Transformation_FSM line 112 in file
                '/home/a20330_asu/asap7_rundir/Lab4/RTL/GCN_new.sv'.
===============================================================================
|    Register Name    |   Type    | Width | Bus | MB | AR | AS | SR | SS | ST |
===============================================================================
|  current_state_reg  | Flip-flop |   3   |  Y  | N  | Y  | N  | N  | N  | N  |
===============================================================================

Inferred memory devices in process
        in routine Transformation_FSM line 121 in file
                '/home/a20330_asu/asap7_rundir/Lab4/RTL/GCN_new.sv'.
===========================================================================
|    Register Name    | Type  | Width | Bus | MB | AR | AS | SR | SS | ST |
===========================================================================
|  feature_count_reg  | Latch |  13   |  Y  | N  | N  | N  | -  | -  | -  |
|  weight_count_reg   | Latch |  13   |  Y  | N  | N  | N  | -  | -  | -  |
===========================================================================
Warning:  /home/a20330_asu/asap7_rundir/Lab4/RTL/GCN_new.sv:121: Netlist for always_comb block contains a latch. (ELAB-974)
Presto compilation completed successfully. (Transformation_FSM)
Information: Building the design 'Feature_Weight_Address_Generator'. (HDL-193)
Presto compilation completed successfully. (Feature_Weight_Address_Generator)
Information: Building the design 'Dot_Product_Engine'. (HDL-193)
Error:  /home/a20330_asu/asap7_rundir/Lab4/RTL/GCN_new.sv:273: Cannot test variable 'compute_enable' because it was not in the event expression or with wrong polarity. (ELAB-300)
*** Presto compilation terminated with 1 errors. ***
Information: Building the design 'Scratch_Pad'. (HDL-193)

Inferred memory devices in process
        in routine Scratch_Pad line 433 in file
                '/home/a20330_asu/asap7_rundir/Lab4/RTL/GCN_new.sv'.
===============================================================================
|    Register Name    |   Type    | Width | Bus | MB | AR | AS | SR | SS | ST |
===============================================================================
|     memory_reg      | Flip-flop |  480  |  Y  | N  | Y  | N  | N  | N  | N  |
===============================================================================
Presto compilation completed successfully. (Scratch_Pad)
Information: Building the design 'Enhanced_Memory_Unit'. (HDL-193)

Inferred memory devices in process
        in routine Enhanced_Memory_Unit line 358 in file
                '/home/a20330_asu/asap7_rundir/Lab4/RTL/GCN_new.sv'.
===============================================================================
|    Register Name    |   Type    | Width | Bus | MB | AR | AS | SR | SS | ST |
===============================================================================
|       mem_reg       | Flip-flop |  96   |  Y  | N  | Y  | N  | N  | N  | N  |
===============================================================================

Inferred memory devices in process
        in routine Enhanced_Memory_Unit line 375 in file
                '/home/a20330_asu/asap7_rundir/Lab4/RTL/GCN_new.sv'.
================================================================================
|    Register Name     |   Type    | Width | Bus | MB | AR | AS | SR | SS | ST |
================================================================================
| secondary_count_reg  | Flip-flop |   3   |  Y  | N  | Y  | N  | N  | N  | N  |
| transition_state_reg | Flip-flop |   1   |  N  | N  | Y  | N  | N  | N  | N  |
================================================================================

Inferred memory devices in process
        in routine Enhanced_Memory_Unit line 396 in file
                '/home/a20330_asu/asap7_rundir/Lab4/RTL/GCN_new.sv'.
==================================================================================
|     Register Name      |   Type    | Width | Bus | MB | AR | AS | SR | SS | ST |
==================================================================================
|   primary_count_reg    | Flip-flop |   3   |  Y  | N  | Y  | N  | N  | N  | N  |
| delayed_transition_reg | Flip-flop |   1   |  N  | N  | Y  | N  | N  | N  | N  |
==================================================================================
Presto compilation completed successfully. (Enhanced_Memory_Unit)
Warning: Design 'GCN' has '1' unresolved references. For more detailed information, use the "link" command. (UID-341)
1
list_designs
Enhanced_Memory_Unit                    Node_Classifier
Feature_Weight_Address_Generator        Scratch_Pad
GCN (*)                                 Transformation_FSM
Graph_Neighbor_Processor                transformation_top_block
1
current_design $top_level
Current design is 'GCN'.
{GCN}
#Create real clock if clock port is found
if {[sizeof_collection [get_ports clk]] > 0} {
  set clk_name "clk"
  set clk_port "clk"
  #If no waveform is specified, 50% duty cycle is assumed
  create_clock -name $clk_name -period $clk_period [get_ports $clk_port] 
  set_drive 0 [get_clocks $clk_name] 
}
Warning: Design 'GCN' has '1' unresolved references. For more detailed information, use the "link" command. (UID-341)
Warning: Design 'GCN' has '1' unresolved references. For more detailed information, use the "link" command. (UID-341)
Warning: Design 'GCN' has '1' unresolved references. For more detailed information, use the "link" command. (UID-341)
1
set_clock_uncertainty 0.01 [get_clocks $clk_name]
Warning: Design 'GCN' has '1' unresolved references. For more detailed information, use the "link" command. (UID-341)
Warning: Design 'GCN' has '1' unresolved references. For more detailed information, use the "link" command. (UID-341)
1
set_clock_transition 0.1 [get_clocks $clk_name]
Warning: Design 'GCN' has '1' unresolved references. For more detailed information, use the "link" command. (UID-341)
Warning: Design 'GCN' has '1' unresolved references. For more detailed information, use the "link" command. (UID-341)
1
set_wire_load_mode "segmented" 
1
set typical_input_delay 0.100
0.100
set typical_output_delay 0.100
0.100
set typical_wire_load 0.010 
0.010
# Set maximum fanout of gates
set_max_fanout 16 $top_level 
1
# Configure the clock network
set_fix_hold [all_clocks] 
Warning: Design 'GCN' has '1' unresolved references. For more detailed information, use the "link" command. (UID-341)
Warning: Design 'GCN' has '1' unresolved references. For more detailed information, use the "link" command. (UID-341)
1
set_dont_touch_network $clk_port 
Warning: Design 'GCN' has '1' unresolved references. For more detailed information, use the "link" command. (UID-341)
1
set_driving_cell -lib_cell INVx3_ASAP7_75t_R [all_inputs]
Warning: Design 'GCN' has '1' unresolved references. For more detailed information, use the "link" command. (UID-341)
Warning: Design rule attributes from the driving cell will be set on the port 'clk'. (UID-401)
Warning: Design rule attributes from the driving cell will be set on the port 'reset'. (UID-401)
Warning: Design rule attributes from the driving cell will be set on the port 'start'. (UID-401)
Warning: Design rule attributes from the driving cell will be set on the port 'data_in[0][4]'. (UID-401)
Warning: Design rule attributes from the driving cell will be set on the port 'data_in[0][3]'. (UID-401)
Warning: Design rule attributes from the driving cell will be set on the port 'data_in[0][2]'. (UID-401)
Warning: Design rule attributes from the driving cell will be set on the port 'data_in[0][1]'. (UID-401)
Warning: Design rule attributes from the driving cell will be set on the port 'data_in[0][0]'. (UID-401)
Warning: Design rule attributes from the driving cell will be set on the port 'data_in[1][4]'. (UID-401)
Warning: Design rule attributes from the driving cell will be set on the port 'data_in[1][3]'. (UID-401)
Warning: Design rule attributes from the driving cell will be set on the port 'data_in[1][2]'. (UID-401)
Warning: Design rule attributes from the driving cell will be set on the port 'data_in[1][1]'. (UID-401)
Warning: Design rule attributes from the driving cell will be set on the port 'data_in[1][0]'. (UID-401)
Warning: Design rule attributes from the driving cell will be set on the port 'data_in[2][4]'. (UID-401)
Warning: Design rule attributes from the driving cell will be set on the port 'data_in[2][3]'. (UID-401)
Warning: Design rule attributes from the driving cell will be set on the port 'data_in[2][2]'. (UID-401)
Warning: Design rule attributes from the driving cell will be set on the port 'data_in[2][1]'. (UID-401)
Warning: Design rule attributes from the driving cell will be set on the port 'data_in[2][0]'. (UID-401)
Warning: Design rule attributes from the driving cell will be set on the port 'data_in[3][4]'. (UID-401)
Warning: Design rule attributes from the driving cell will be set on the port 'data_in[3][3]'. (UID-401)
Warning: Design rule attributes from the driving cell will be set on the port 'data_in[3][2]'. (UID-401)
Warning: Design rule attributes from the driving cell will be set on the port 'data_in[3][1]'. (UID-401)
Warning: Design rule attributes from the driving cell will be set on the port 'data_in[3][0]'. (UID-401)
Warning: Design rule attributes from the driving cell will be set on the port 'data_in[4][4]'. (UID-401)
Warning: Design rule attributes from the driving cell will be set on the port 'data_in[4][3]'. (UID-401)
Warning: Design rule attributes from the driving cell will be set on the port 'data_in[4][2]'. (UID-401)
Warning: Design rule attributes from the driving cell will be set on the port 'data_in[4][1]'. (UID-401)
Warning: Design rule attributes from the driving cell will be set on the port 'data_in[4][0]'. (UID-401)
Warning: Design rule attributes from the driving cell will be set on the port 'data_in[5][4]'. (UID-401)
Warning: Design rule attributes from the driving cell will be set on the port 'data_in[5][3]'. (UID-401)
Warning: Design rule attributes from the driving cell will be set on the port 'data_in[5][2]'. (UID-401)
Warning: Design rule attributes from the driving cell will be set on the port 'data_in[5][1]'. (UID-401)
Warning: Design rule attributes from the driving cell will be set on the port 'data_in[5][0]'. (UID-401)
Warning: Design rule attributes from the driving cell will be set on the port 'data_in[6][4]'. (UID-401)
Warning: Design rule attributes from the driving cell will be set on the port 'data_in[6][3]'. (UID-401)
Warning: Design rule attributes from the driving cell will be set on the port 'data_in[6][2]'. (UID-401)
Warning: Design rule attributes from the driving cell will be set on the port 'data_in[6][1]'. (UID-401)
Warning: Design rule attributes from the driving cell will be set on the port 'data_in[6][0]'. (UID-401)
Warning: Design rule attributes from the driving cell will be set on the port 'data_in[7][4]'. (UID-401)
Warning: Design rule attributes from the driving cell will be set on the port 'data_in[7][3]'. (UID-401)
Warning: Design rule attributes from the driving cell will be set on the port 'data_in[7][2]'. (UID-401)
Warning: Design rule attributes from the driving cell will be set on the port 'data_in[7][1]'. (UID-401)
Warning: Design rule attributes from the driving cell will be set on the port 'data_in[7][0]'. (UID-401)
Warning: Design rule attributes from the driving cell will be set on the port 'data_in[8][4]'. (UID-401)
Warning: Design rule attributes from the driving cell will be set on the port 'data_in[8][3]'. (UID-401)
Warning: Design rule attributes from the driving cell will be set on the port 'data_in[8][2]'. (UID-401)
Warning: Design rule attributes from the driving cell will be set on the port 'data_in[8][1]'. (UID-401)
Warning: Design rule attributes from the driving cell will be set on the port 'data_in[8][0]'. (UID-401)
Warning: Design rule attributes from the driving cell will be set on the port 'data_in[9][4]'. (UID-401)
Warning: Design rule attributes from the driving cell will be set on the port 'data_in[9][3]'. (UID-401)
Warning: Design rule attributes from the driving cell will be set on the port 'data_in[9][2]'. (UID-401)
Warning: Design rule attributes from the driving cell will be set on the port 'data_in[9][1]'. (UID-401)
Warning: Design rule attributes from the driving cell will be set on the port 'data_in[9][0]'. (UID-401)
Warning: Design rule attributes from the driving cell will be set on the port 'data_in[10][4]'. (UID-401)
Warning: Design rule attributes from the driving cell will be set on the port 'data_in[10][3]'. (UID-401)
Warning: Design rule attributes from the driving cell will be set on the port 'data_in[10][2]'. (UID-401)
Warning: Design rule attributes from the driving cell will be set on the port 'data_in[10][1]'. (UID-401)
Warning: Design rule attributes from the driving cell will be set on the port 'data_in[10][0]'. (UID-401)
Warning: Design rule attributes from the driving cell will be set on the port 'data_in[11][4]'. (UID-401)
Warning: Design rule attributes from the driving cell will be set on the port 'data_in[11][3]'. (UID-401)
Warning: Design rule attributes from the driving cell will be set on the port 'data_in[11][2]'. (UID-401)
Warning: Design rule attributes from the driving cell will be set on the port 'data_in[11][1]'. (UID-401)
Warning: Design rule attributes from the driving cell will be set on the port 'data_in[11][0]'. (UID-401)
Warning: Design rule attributes from the driving cell will be set on the port 'data_in[12][4]'. (UID-401)
Warning: Design rule attributes from the driving cell will be set on the port 'data_in[12][3]'. (UID-401)
Warning: Design rule attributes from the driving cell will be set on the port 'data_in[12][2]'. (UID-401)
Warning: Design rule attributes from the driving cell will be set on the port 'data_in[12][1]'. (UID-401)
Warning: Design rule attributes from the driving cell will be set on the port 'data_in[12][0]'. (UID-401)
Warning: Design rule attributes from the driving cell will be set on the port 'data_in[13][4]'. (UID-401)
Warning: Design rule attributes from the driving cell will be set on the port 'data_in[13][3]'. (UID-401)
Warning: Design rule attributes from the driving cell will be set on the port 'data_in[13][2]'. (UID-401)
Warning: Design rule attributes from the driving cell will be set on the port 'data_in[13][1]'. (UID-401)
Warning: Design rule attributes from the driving cell will be set on the port 'data_in[13][0]'. (UID-401)
Warning: Design rule attributes from the driving cell will be set on the port 'data_in[14][4]'. (UID-401)
Warning: Design rule attributes from the driving cell will be set on the port 'data_in[14][3]'. (UID-401)
Warning: Design rule attributes from the driving cell will be set on the port 'data_in[14][2]'. (UID-401)
Warning: Design rule attributes from the driving cell will be set on the port 'data_in[14][1]'. (UID-401)
Warning: Design rule attributes from the driving cell will be set on the port 'data_in[14][0]'. (UID-401)
Warning: Design rule attributes from the driving cell will be set on the port 'data_in[15][4]'. (UID-401)
Warning: Design rule attributes from the driving cell will be set on the port 'data_in[15][3]'. (UID-401)
Warning: Design rule attributes from the driving cell will be set on the port 'data_in[15][2]'. (UID-401)
Warning: Design rule attributes from the driving cell will be set on the port 'data_in[15][1]'. (UID-401)
Warning: Design rule attributes from the driving cell will be set on the port 'data_in[15][0]'. (UID-401)
Warning: Design rule attributes from the driving cell will be set on the port 'data_in[16][4]'. (UID-401)
Warning: Design rule attributes from the driving cell will be set on the port 'data_in[16][3]'. (UID-401)
Warning: Design rule attributes from the driving cell will be set on the port 'data_in[16][2]'. (UID-401)
Warning: Design rule attributes from the driving cell will be set on the port 'data_in[16][1]'. (UID-401)
Warning: Design rule attributes from the driving cell will be set on the port 'data_in[16][0]'. (UID-401)
Warning: Design rule attributes from the driving cell will be set on the port 'data_in[17][4]'. (UID-401)
Warning: Design rule attributes from the driving cell will be set on the port 'data_in[17][3]'. (UID-401)
Warning: Design rule attributes from the driving cell will be set on the port 'data_in[17][2]'. (UID-401)
Warning: Design rule attributes from the driving cell will be set on the port 'data_in[17][1]'. (UID-401)
Warning: Design rule attributes from the driving cell will be set on the port 'data_in[17][0]'. (UID-401)
Warning: Design rule attributes from the driving cell will be set on the port 'data_in[18][4]'. (UID-401)
Warning: Design rule attributes from the driving cell will be set on the port 'data_in[18][3]'. (UID-401)
Warning: Design rule attributes from the driving cell will be set on the port 'data_in[18][2]'. (UID-401)
Warning: Design rule attributes from the driving cell will be set on the port 'data_in[18][1]'. (UID-401)
Warning: Design rule attributes from the driving cell will be set on the port 'data_in[18][0]'. (UID-401)
Warning: Design rule attributes from the driving cell will be set on the port 'data_in[19][4]'. (UID-401)
Warning: Design rule attributes from the driving cell will be set on the port 'data_in[19][3]'. (UID-401)
Warning: Design rule attributes from the driving cell will be set on the port 'data_in[19][2]'. (UID-401)
Warning: Design rule attributes from the driving cell will be set on the port 'data_in[19][1]'. (UID-401)
Warning: Design rule attributes from the driving cell will be set on the port 'data_in[19][0]'. (UID-401)
Warning: Design rule attributes from the driving cell will be set on the port 'data_in[20][4]'. (UID-401)
Warning: Design rule attributes from the driving cell will be set on the port 'data_in[20][3]'. (UID-401)
Warning: Design rule attributes from the driving cell will be set on the port 'data_in[20][2]'. (UID-401)
Warning: Design rule attributes from the driving cell will be set on the port 'data_in[20][1]'. (UID-401)
Warning: Design rule attributes from the driving cell will be set on the port 'data_in[20][0]'. (UID-401)
Warning: Design rule attributes from the driving cell will be set on the port 'data_in[21][4]'. (UID-401)
Warning: Design rule attributes from the driving cell will be set on the port 'data_in[21][3]'. (UID-401)
Warning: Design rule attributes from the driving cell will be set on the port 'data_in[21][2]'. (UID-401)
Warning: Design rule attributes from the driving cell will be set on the port 'data_in[21][1]'. (UID-401)
Warning: Design rule attributes from the driving cell will be set on the port 'data_in[21][0]'. (UID-401)
Warning: Design rule attributes from the driving cell will be set on the port 'data_in[22][4]'. (UID-401)
Warning: Design rule attributes from the driving cell will be set on the port 'data_in[22][3]'. (UID-401)
Warning: Design rule attributes from the driving cell will be set on the port 'data_in[22][2]'. (UID-401)
Warning: Design rule attributes from the driving cell will be set on the port 'data_in[22][1]'. (UID-401)
Warning: Design rule attributes from the driving cell will be set on the port 'data_in[22][0]'. (UID-401)
Warning: Design rule attributes from the driving cell will be set on the port 'data_in[23][4]'. (UID-401)
Warning: Design rule attributes from the driving cell will be set on the port 'data_in[23][3]'. (UID-401)
Warning: Design rule attributes from the driving cell will be set on the port 'data_in[23][2]'. (UID-401)
Warning: Design rule attributes from the driving cell will be set on the port 'data_in[23][1]'. (UID-401)
Warning: Design rule attributes from the driving cell will be set on the port 'data_in[23][0]'. (UID-401)
Warning: Design rule attributes from the driving cell will be set on the port 'data_in[24][4]'. (UID-401)
Warning: Design rule attributes from the driving cell will be set on the port 'data_in[24][3]'. (UID-401)
Warning: Design rule attributes from the driving cell will be set on the port 'data_in[24][2]'. (UID-401)
Warning: Design rule attributes from the driving cell will be set on the port 'data_in[24][1]'. (UID-401)
Warning: Design rule attributes from the driving cell will be set on the port 'data_in[24][0]'. (UID-401)
Warning: Design rule attributes from the driving cell will be set on the port 'data_in[25][4]'. (UID-401)
Warning: Design rule attributes from the driving cell will be set on the port 'data_in[25][3]'. (UID-401)
Warning: Design rule attributes from the driving cell will be set on the port 'data_in[25][2]'. (UID-401)
Warning: Design rule attributes from the driving cell will be set on the port 'data_in[25][1]'. (UID-401)
Warning: Design rule attributes from the driving cell will be set on the port 'data_in[25][0]'. (UID-401)
Warning: Design rule attributes from the driving cell will be set on the port 'data_in[26][4]'. (UID-401)
Warning: Design rule attributes from the driving cell will be set on the port 'data_in[26][3]'. (UID-401)
Warning: Design rule attributes from the driving cell will be set on the port 'data_in[26][2]'. (UID-401)
Warning: Design rule attributes from the driving cell will be set on the port 'data_in[26][1]'. (UID-401)
Warning: Design rule attributes from the driving cell will be set on the port 'data_in[26][0]'. (UID-401)
Warning: Design rule attributes from the driving cell will be set on the port 'data_in[27][4]'. (UID-401)
Warning: Design rule attributes from the driving cell will be set on the port 'data_in[27][3]'. (UID-401)
Warning: Design rule attributes from the driving cell will be set on the port 'data_in[27][2]'. (UID-401)
Warning: Design rule attributes from the driving cell will be set on the port 'data_in[27][1]'. (UID-401)
Warning: Design rule attributes from the driving cell will be set on the port 'data_in[27][0]'. (UID-401)
Warning: Design rule attributes from the driving cell will be set on the port 'data_in[28][4]'. (UID-401)
Warning: Design rule attributes from the driving cell will be set on the port 'data_in[28][3]'. (UID-401)
Warning: Design rule attributes from the driving cell will be set on the port 'data_in[28][2]'. (UID-401)
Warning: Design rule attributes from the driving cell will be set on the port 'data_in[28][1]'. (UID-401)
Warning: Design rule attributes from the driving cell will be set on the port 'data_in[28][0]'. (UID-401)
Warning: Design rule attributes from the driving cell will be set on the port 'data_in[29][4]'. (UID-401)
Warning: Design rule attributes from the driving cell will be set on the port 'data_in[29][3]'. (UID-401)
Warning: Design rule attributes from the driving cell will be set on the port 'data_in[29][2]'. (UID-401)
Warning: Design rule attributes from the driving cell will be set on the port 'data_in[29][1]'. (UID-401)
Warning: Design rule attributes from the driving cell will be set on the port 'data_in[29][0]'. (UID-401)
Warning: Design rule attributes from the driving cell will be set on the port 'data_in[30][4]'. (UID-401)
Warning: Design rule attributes from the driving cell will be set on the port 'data_in[30][3]'. (UID-401)
Warning: Design rule attributes from the driving cell will be set on the port 'data_in[30][2]'. (UID-401)
Warning: Design rule attributes from the driving cell will be set on the port 'data_in[30][1]'. (UID-401)
Warning: Design rule attributes from the driving cell will be set on the port 'data_in[30][0]'. (UID-401)
Warning: Design rule attributes from the driving cell will be set on the port 'data_in[31][4]'. (UID-401)
Warning: Design rule attributes from the driving cell will be set on the port 'data_in[31][3]'. (UID-401)
Warning: Design rule attributes from the driving cell will be set on the port 'data_in[31][2]'. (UID-401)
Warning: Design rule attributes from the driving cell will be set on the port 'data_in[31][1]'. (UID-401)
Warning: Design rule attributes from the driving cell will be set on the port 'data_in[31][0]'. (UID-401)
Warning: Design rule attributes from the driving cell will be set on the port 'data_in[32][4]'. (UID-401)
Warning: Design rule attributes from the driving cell will be set on the port 'data_in[32][3]'. (UID-401)
Warning: Design rule attributes from the driving cell will be set on the port 'data_in[32][2]'. (UID-401)
Warning: Design rule attributes from the driving cell will be set on the port 'data_in[32][1]'. (UID-401)
Warning: Design rule attributes from the driving cell will be set on the port 'data_in[32][0]'. (UID-401)
Warning: Design rule attributes from the driving cell will be set on the port 'data_in[33][4]'. (UID-401)
Warning: Design rule attributes from the driving cell will be set on the port 'data_in[33][3]'. (UID-401)
Warning: Design rule attributes from the driving cell will be set on the port 'data_in[33][2]'. (UID-401)
Warning: Design rule attributes from the driving cell will be set on the port 'data_in[33][1]'. (UID-401)
Warning: Design rule attributes from the driving cell will be set on the port 'data_in[33][0]'. (UID-401)
Warning: Design rule attributes from the driving cell will be set on the port 'data_in[34][4]'. (UID-401)
Warning: Design rule attributes from the driving cell will be set on the port 'data_in[34][3]'. (UID-401)
Warning: Design rule attributes from the driving cell will be set on the port 'data_in[34][2]'. (UID-401)
Warning: Design rule attributes from the driving cell will be set on the port 'data_in[34][1]'. (UID-401)
Warning: Design rule attributes from the driving cell will be set on the port 'data_in[34][0]'. (UID-401)
Warning: Design rule attributes from the driving cell will be set on the port 'data_in[35][4]'. (UID-401)
Warning: Design rule attributes from the driving cell will be set on the port 'data_in[35][3]'. (UID-401)
Warning: Design rule attributes from the driving cell will be set on the port 'data_in[35][2]'. (UID-401)
Warning: Design rule attributes from the driving cell will be set on the port 'data_in[35][1]'. (UID-401)
Warning: Design rule attributes from the driving cell will be set on the port 'data_in[35][0]'. (UID-401)
Warning: Design rule attributes from the driving cell will be set on the port 'data_in[36][4]'. (UID-401)
Warning: Design rule attributes from the driving cell will be set on the port 'data_in[36][3]'. (UID-401)
Warning: Design rule attributes from the driving cell will be set on the port 'data_in[36][2]'. (UID-401)
Warning: Design rule attributes from the driving cell will be set on the port 'data_in[36][1]'. (UID-401)
Warning: Design rule attributes from the driving cell will be set on the port 'data_in[36][0]'. (UID-401)
Warning: Design rule attributes from the driving cell will be set on the port 'data_in[37][4]'. (UID-401)
Warning: Design rule attributes from the driving cell will be set on the port 'data_in[37][3]'. (UID-401)
Warning: Design rule attributes from the driving cell will be set on the port 'data_in[37][2]'. (UID-401)
Warning: Design rule attributes from the driving cell will be set on the port 'data_in[37][1]'. (UID-401)
Warning: Design rule attributes from the driving cell will be set on the port 'data_in[37][0]'. (UID-401)
Warning: Design rule attributes from the driving cell will be set on the port 'data_in[38][4]'. (UID-401)
Warning: Design rule attributes from the driving cell will be set on the port 'data_in[38][3]'. (UID-401)
Warning: Design rule attributes from the driving cell will be set on the port 'data_in[38][2]'. (UID-401)
Warning: Design rule attributes from the driving cell will be set on the port 'data_in[38][1]'. (UID-401)
Warning: Design rule attributes from the driving cell will be set on the port 'data_in[38][0]'. (UID-401)
Warning: Design rule attributes from the driving cell will be set on the port 'data_in[39][4]'. (UID-401)
Warning: Design rule attributes from the driving cell will be set on the port 'data_in[39][3]'. (UID-401)
Warning: Design rule attributes from the driving cell will be set on the port 'data_in[39][2]'. (UID-401)
Warning: Design rule attributes from the driving cell will be set on the port 'data_in[39][1]'. (UID-401)
Warning: Design rule attributes from the driving cell will be set on the port 'data_in[39][0]'. (UID-401)
Warning: Design rule attributes from the driving cell will be set on the port 'data_in[40][4]'. (UID-401)
Warning: Design rule attributes from the driving cell will be set on the port 'data_in[40][3]'. (UID-401)
Warning: Design rule attributes from the driving cell will be set on the port 'data_in[40][2]'. (UID-401)
Warning: Design rule attributes from the driving cell will be set on the port 'data_in[40][1]'. (UID-401)
Warning: Design rule attributes from the driving cell will be set on the port 'data_in[40][0]'. (UID-401)
Warning: Design rule attributes from the driving cell will be set on the port 'data_in[41][4]'. (UID-401)
Warning: Design rule attributes from the driving cell will be set on the port 'data_in[41][3]'. (UID-401)
Warning: Design rule attributes from the driving cell will be set on the port 'data_in[41][2]'. (UID-401)
Warning: Design rule attributes from the driving cell will be set on the port 'data_in[41][1]'. (UID-401)
Warning: Design rule attributes from the driving cell will be set on the port 'data_in[41][0]'. (UID-401)
Warning: Design rule attributes from the driving cell will be set on the port 'data_in[42][4]'. (UID-401)
Warning: Design rule attributes from the driving cell will be set on the port 'data_in[42][3]'. (UID-401)
Warning: Design rule attributes from the driving cell will be set on the port 'data_in[42][2]'. (UID-401)
Warning: Design rule attributes from the driving cell will be set on the port 'data_in[42][1]'. (UID-401)
Warning: Design rule attributes from the driving cell will be set on the port 'data_in[42][0]'. (UID-401)
Warning: Design rule attributes from the driving cell will be set on the port 'data_in[43][4]'. (UID-401)
Warning: Design rule attributes from the driving cell will be set on the port 'data_in[43][3]'. (UID-401)
Warning: Design rule attributes from the driving cell will be set on the port 'data_in[43][2]'. (UID-401)
Warning: Design rule attributes from the driving cell will be set on the port 'data_in[43][1]'. (UID-401)
Warning: Design rule attributes from the driving cell will be set on the port 'data_in[43][0]'. (UID-401)
Warning: Design rule attributes from the driving cell will be set on the port 'data_in[44][4]'. (UID-401)
Warning: Design rule attributes from the driving cell will be set on the port 'data_in[44][3]'. (UID-401)
Warning: Design rule attributes from the driving cell will be set on the port 'data_in[44][2]'. (UID-401)
Warning: Design rule attributes from the driving cell will be set on the port 'data_in[44][1]'. (UID-401)
Warning: Design rule attributes from the driving cell will be set on the port 'data_in[44][0]'. (UID-401)
Warning: Design rule attributes from the driving cell will be set on the port 'data_in[45][4]'. (UID-401)
Warning: Design rule attributes from the driving cell will be set on the port 'data_in[45][3]'. (UID-401)
Warning: Design rule attributes from the driving cell will be set on the port 'data_in[45][2]'. (UID-401)
Warning: Design rule attributes from the driving cell will be set on the port 'data_in[45][1]'. (UID-401)
Warning: Design rule attributes from the driving cell will be set on the port 'data_in[45][0]'. (UID-401)
Warning: Design rule attributes from the driving cell will be set on the port 'data_in[46][4]'. (UID-401)
Warning: Design rule attributes from the driving cell will be set on the port 'data_in[46][3]'. (UID-401)
Warning: Design rule attributes from the driving cell will be set on the port 'data_in[46][2]'. (UID-401)
Warning: Design rule attributes from the driving cell will be set on the port 'data_in[46][1]'. (UID-401)
Warning: Design rule attributes from the driving cell will be set on the port 'data_in[46][0]'. (UID-401)
Warning: Design rule attributes from the driving cell will be set on the port 'data_in[47][4]'. (UID-401)
Warning: Design rule attributes from the driving cell will be set on the port 'data_in[47][3]'. (UID-401)
Warning: Design rule attributes from the driving cell will be set on the port 'data_in[47][2]'. (UID-401)
Warning: Design rule attributes from the driving cell will be set on the port 'data_in[47][1]'. (UID-401)
Warning: Design rule attributes from the driving cell will be set on the port 'data_in[47][0]'. (UID-401)
Warning: Design rule attributes from the driving cell will be set on the port 'data_in[48][4]'. (UID-401)
Warning: Design rule attributes from the driving cell will be set on the port 'data_in[48][3]'. (UID-401)
Warning: Design rule attributes from the driving cell will be set on the port 'data_in[48][2]'. (UID-401)
Warning: Design rule attributes from the driving cell will be set on the port 'data_in[48][1]'. (UID-401)
Warning: Design rule attributes from the driving cell will be set on the port 'data_in[48][0]'. (UID-401)
Warning: Design rule attributes from the driving cell will be set on the port 'data_in[49][4]'. (UID-401)
Warning: Design rule attributes from the driving cell will be set on the port 'data_in[49][3]'. (UID-401)
Warning: Design rule attributes from the driving cell will be set on the port 'data_in[49][2]'. (UID-401)
Warning: Design rule attributes from the driving cell will be set on the port 'data_in[49][1]'. (UID-401)
Warning: Design rule attributes from the driving cell will be set on the port 'data_in[49][0]'. (UID-401)
Warning: Design rule attributes from the driving cell will be set on the port 'data_in[50][4]'. (UID-401)
Warning: Design rule attributes from the driving cell will be set on the port 'data_in[50][3]'. (UID-401)
Warning: Design rule attributes from the driving cell will be set on the port 'data_in[50][2]'. (UID-401)
Warning: Design rule attributes from the driving cell will be set on the port 'data_in[50][1]'. (UID-401)
Warning: Design rule attributes from the driving cell will be set on the port 'data_in[50][0]'. (UID-401)
Warning: Design rule attributes from the driving cell will be set on the port 'data_in[51][4]'. (UID-401)
Warning: Design rule attributes from the driving cell will be set on the port 'data_in[51][3]'. (UID-401)
Warning: Design rule attributes from the driving cell will be set on the port 'data_in[51][2]'. (UID-401)
Warning: Design rule attributes from the driving cell will be set on the port 'data_in[51][1]'. (UID-401)
Warning: Design rule attributes from the driving cell will be set on the port 'data_in[51][0]'. (UID-401)
Warning: Design rule attributes from the driving cell will be set on the port 'data_in[52][4]'. (UID-401)
Warning: Design rule attributes from the driving cell will be set on the port 'data_in[52][3]'. (UID-401)
Warning: Design rule attributes from the driving cell will be set on the port 'data_in[52][2]'. (UID-401)
Warning: Design rule attributes from the driving cell will be set on the port 'data_in[52][1]'. (UID-401)
Warning: Design rule attributes from the driving cell will be set on the port 'data_in[52][0]'. (UID-401)
Warning: Design rule attributes from the driving cell will be set on the port 'data_in[53][4]'. (UID-401)
Warning: Design rule attributes from the driving cell will be set on the port 'data_in[53][3]'. (UID-401)
Warning: Design rule attributes from the driving cell will be set on the port 'data_in[53][2]'. (UID-401)
Warning: Design rule attributes from the driving cell will be set on the port 'data_in[53][1]'. (UID-401)
Warning: Design rule attributes from the driving cell will be set on the port 'data_in[53][0]'. (UID-401)
Warning: Design rule attributes from the driving cell will be set on the port 'data_in[54][4]'. (UID-401)
Warning: Design rule attributes from the driving cell will be set on the port 'data_in[54][3]'. (UID-401)
Warning: Design rule attributes from the driving cell will be set on the port 'data_in[54][2]'. (UID-401)
Warning: Design rule attributes from the driving cell will be set on the port 'data_in[54][1]'. (UID-401)
Warning: Design rule attributes from the driving cell will be set on the port 'data_in[54][0]'. (UID-401)
Warning: Design rule attributes from the driving cell will be set on the port 'data_in[55][4]'. (UID-401)
Warning: Design rule attributes from the driving cell will be set on the port 'data_in[55][3]'. (UID-401)
Warning: Design rule attributes from the driving cell will be set on the port 'data_in[55][2]'. (UID-401)
Warning: Design rule attributes from the driving cell will be set on the port 'data_in[55][1]'. (UID-401)
Warning: Design rule attributes from the driving cell will be set on the port 'data_in[55][0]'. (UID-401)
Warning: Design rule attributes from the driving cell will be set on the port 'data_in[56][4]'. (UID-401)
Warning: Design rule attributes from the driving cell will be set on the port 'data_in[56][3]'. (UID-401)
Warning: Design rule attributes from the driving cell will be set on the port 'data_in[56][2]'. (UID-401)
Warning: Design rule attributes from the driving cell will be set on the port 'data_in[56][1]'. (UID-401)
Warning: Design rule attributes from the driving cell will be set on the port 'data_in[56][0]'. (UID-401)
Warning: Design rule attributes from the driving cell will be set on the port 'data_in[57][4]'. (UID-401)
Warning: Design rule attributes from the driving cell will be set on the port 'data_in[57][3]'. (UID-401)
Warning: Design rule attributes from the driving cell will be set on the port 'data_in[57][2]'. (UID-401)
Warning: Design rule attributes from the driving cell will be set on the port 'data_in[57][1]'. (UID-401)
Warning: Design rule attributes from the driving cell will be set on the port 'data_in[57][0]'. (UID-401)
Warning: Design rule attributes from the driving cell will be set on the port 'data_in[58][4]'. (UID-401)
Warning: Design rule attributes from the driving cell will be set on the port 'data_in[58][3]'. (UID-401)
Warning: Design rule attributes from the driving cell will be set on the port 'data_in[58][2]'. (UID-401)
Warning: Design rule attributes from the driving cell will be set on the port 'data_in[58][1]'. (UID-401)
Warning: Design rule attributes from the driving cell will be set on the port 'data_in[58][0]'. (UID-401)
Warning: Design rule attributes from the driving cell will be set on the port 'data_in[59][4]'. (UID-401)
Warning: Design rule attributes from the driving cell will be set on the port 'data_in[59][3]'. (UID-401)
Warning: Design rule attributes from the driving cell will be set on the port 'data_in[59][2]'. (UID-401)
Warning: Design rule attributes from the driving cell will be set on the port 'data_in[59][1]'. (UID-401)
Warning: Design rule attributes from the driving cell will be set on the port 'data_in[59][0]'. (UID-401)
Warning: Design rule attributes from the driving cell will be set on the port 'data_in[60][4]'. (UID-401)
Warning: Design rule attributes from the driving cell will be set on the port 'data_in[60][3]'. (UID-401)
Warning: Design rule attributes from the driving cell will be set on the port 'data_in[60][2]'. (UID-401)
Warning: Design rule attributes from the driving cell will be set on the port 'data_in[60][1]'. (UID-401)
Warning: Design rule attributes from the driving cell will be set on the port 'data_in[60][0]'. (UID-401)
Warning: Design rule attributes from the driving cell will be set on the port 'data_in[61][4]'. (UID-401)
Warning: Design rule attributes from the driving cell will be set on the port 'data_in[61][3]'. (UID-401)
Warning: Design rule attributes from the driving cell will be set on the port 'data_in[61][2]'. (UID-401)
Warning: Design rule attributes from the driving cell will be set on the port 'data_in[61][1]'. (UID-401)
Warning: Design rule attributes from the driving cell will be set on the port 'data_in[61][0]'. (UID-401)
Warning: Design rule attributes from the driving cell will be set on the port 'data_in[62][4]'. (UID-401)
Warning: Design rule attributes from the driving cell will be set on the port 'data_in[62][3]'. (UID-401)
Warning: Design rule attributes from the driving cell will be set on the port 'data_in[62][2]'. (UID-401)
Warning: Design rule attributes from the driving cell will be set on the port 'data_in[62][1]'. (UID-401)
Warning: Design rule attributes from the driving cell will be set on the port 'data_in[62][0]'. (UID-401)
Warning: Design rule attributes from the driving cell will be set on the port 'data_in[63][4]'. (UID-401)
Warning: Design rule attributes from the driving cell will be set on the port 'data_in[63][3]'. (UID-401)
Warning: Design rule attributes from the driving cell will be set on the port 'data_in[63][2]'. (UID-401)
Warning: Design rule attributes from the driving cell will be set on the port 'data_in[63][1]'. (UID-401)
Warning: Design rule attributes from the driving cell will be set on the port 'data_in[63][0]'. (UID-401)
Warning: Design rule attributes from the driving cell will be set on the port 'data_in[64][4]'. (UID-401)
Warning: Design rule attributes from the driving cell will be set on the port 'data_in[64][3]'. (UID-401)
Warning: Design rule attributes from the driving cell will be set on the port 'data_in[64][2]'. (UID-401)
Warning: Design rule attributes from the driving cell will be set on the port 'data_in[64][1]'. (UID-401)
Warning: Design rule attributes from the driving cell will be set on the port 'data_in[64][0]'. (UID-401)
Warning: Design rule attributes from the driving cell will be set on the port 'data_in[65][4]'. (UID-401)
Warning: Design rule attributes from the driving cell will be set on the port 'data_in[65][3]'. (UID-401)
Warning: Design rule attributes from the driving cell will be set on the port 'data_in[65][2]'. (UID-401)
Warning: Design rule attributes from the driving cell will be set on the port 'data_in[65][1]'. (UID-401)
Warning: Design rule attributes from the driving cell will be set on the port 'data_in[65][0]'. (UID-401)
Warning: Design rule attributes from the driving cell will be set on the port 'data_in[66][4]'. (UID-401)
Warning: Design rule attributes from the driving cell will be set on the port 'data_in[66][3]'. (UID-401)
Warning: Design rule attributes from the driving cell will be set on the port 'data_in[66][2]'. (UID-401)
Warning: Design rule attributes from the driving cell will be set on the port 'data_in[66][1]'. (UID-401)
Warning: Design rule attributes from the driving cell will be set on the port 'data_in[66][0]'. (UID-401)
Warning: Design rule attributes from the driving cell will be set on the port 'data_in[67][4]'. (UID-401)
Warning: Design rule attributes from the driving cell will be set on the port 'data_in[67][3]'. (UID-401)
Warning: Design rule attributes from the driving cell will be set on the port 'data_in[67][2]'. (UID-401)
Warning: Design rule attributes from the driving cell will be set on the port 'data_in[67][1]'. (UID-401)
Warning: Design rule attributes from the driving cell will be set on the port 'data_in[67][0]'. (UID-401)
Warning: Design rule attributes from the driving cell will be set on the port 'data_in[68][4]'. (UID-401)
Warning: Design rule attributes from the driving cell will be set on the port 'data_in[68][3]'. (UID-401)
Warning: Design rule attributes from the driving cell will be set on the port 'data_in[68][2]'. (UID-401)
Warning: Design rule attributes from the driving cell will be set on the port 'data_in[68][1]'. (UID-401)
Warning: Design rule attributes from the driving cell will be set on the port 'data_in[68][0]'. (UID-401)
Warning: Design rule attributes from the driving cell will be set on the port 'data_in[69][4]'. (UID-401)
Warning: Design rule attributes from the driving cell will be set on the port 'data_in[69][3]'. (UID-401)
Warning: Design rule attributes from the driving cell will be set on the port 'data_in[69][2]'. (UID-401)
Warning: Design rule attributes from the driving cell will be set on the port 'data_in[69][1]'. (UID-401)
Warning: Design rule attributes from the driving cell will be set on the port 'data_in[69][0]'. (UID-401)
Warning: Design rule attributes from the driving cell will be set on the port 'data_in[70][4]'. (UID-401)
Warning: Design rule attributes from the driving cell will be set on the port 'data_in[70][3]'. (UID-401)
Warning: Design rule attributes from the driving cell will be set on the port 'data_in[70][2]'. (UID-401)
Warning: Design rule attributes from the driving cell will be set on the port 'data_in[70][1]'. (UID-401)
Warning: Design rule attributes from the driving cell will be set on the port 'data_in[70][0]'. (UID-401)
Warning: Design rule attributes from the driving cell will be set on the port 'data_in[71][4]'. (UID-401)
Warning: Design rule attributes from the driving cell will be set on the port 'data_in[71][3]'. (UID-401)
Warning: Design rule attributes from the driving cell will be set on the port 'data_in[71][2]'. (UID-401)
Warning: Design rule attributes from the driving cell will be set on the port 'data_in[71][1]'. (UID-401)
Warning: Design rule attributes from the driving cell will be set on the port 'data_in[71][0]'. (UID-401)
Warning: Design rule attributes from the driving cell will be set on the port 'data_in[72][4]'. (UID-401)
Warning: Design rule attributes from the driving cell will be set on the port 'data_in[72][3]'. (UID-401)
Warning: Design rule attributes from the driving cell will be set on the port 'data_in[72][2]'. (UID-401)
Warning: Design rule attributes from the driving cell will be set on the port 'data_in[72][1]'. (UID-401)
Warning: Design rule attributes from the driving cell will be set on the port 'data_in[72][0]'. (UID-401)
Warning: Design rule attributes from the driving cell will be set on the port 'data_in[73][4]'. (UID-401)
Warning: Design rule attributes from the driving cell will be set on the port 'data_in[73][3]'. (UID-401)
Warning: Design rule attributes from the driving cell will be set on the port 'data_in[73][2]'. (UID-401)
Warning: Design rule attributes from the driving cell will be set on the port 'data_in[73][1]'. (UID-401)
Warning: Design rule attributes from the driving cell will be set on the port 'data_in[73][0]'. (UID-401)
Warning: Design rule attributes from the driving cell will be set on the port 'data_in[74][4]'. (UID-401)
Warning: Design rule attributes from the driving cell will be set on the port 'data_in[74][3]'. (UID-401)
Warning: Design rule attributes from the driving cell will be set on the port 'data_in[74][2]'. (UID-401)
Warning: Design rule attributes from the driving cell will be set on the port 'data_in[74][1]'. (UID-401)
Warning: Design rule attributes from the driving cell will be set on the port 'data_in[74][0]'. (UID-401)
Warning: Design rule attributes from the driving cell will be set on the port 'data_in[75][4]'. (UID-401)
Warning: Design rule attributes from the driving cell will be set on the port 'data_in[75][3]'. (UID-401)
Warning: Design rule attributes from the driving cell will be set on the port 'data_in[75][2]'. (UID-401)
Warning: Design rule attributes from the driving cell will be set on the port 'data_in[75][1]'. (UID-401)
Warning: Design rule attributes from the driving cell will be set on the port 'data_in[75][0]'. (UID-401)
Warning: Design rule attributes from the driving cell will be set on the port 'data_in[76][4]'. (UID-401)
Warning: Design rule attributes from the driving cell will be set on the port 'data_in[76][3]'. (UID-401)
Warning: Design rule attributes from the driving cell will be set on the port 'data_in[76][2]'. (UID-401)
Warning: Design rule attributes from the driving cell will be set on the port 'data_in[76][1]'. (UID-401)
Warning: Design rule attributes from the driving cell will be set on the port 'data_in[76][0]'. (UID-401)
Warning: Design rule attributes from the driving cell will be set on the port 'data_in[77][4]'. (UID-401)
Warning: Design rule attributes from the driving cell will be set on the port 'data_in[77][3]'. (UID-401)
Warning: Design rule attributes from the driving cell will be set on the port 'data_in[77][2]'. (UID-401)
Warning: Design rule attributes from the driving cell will be set on the port 'data_in[77][1]'. (UID-401)
Warning: Design rule attributes from the driving cell will be set on the port 'data_in[77][0]'. (UID-401)
Warning: Design rule attributes from the driving cell will be set on the port 'data_in[78][4]'. (UID-401)
Warning: Design rule attributes from the driving cell will be set on the port 'data_in[78][3]'. (UID-401)
Warning: Design rule attributes from the driving cell will be set on the port 'data_in[78][2]'. (UID-401)
Warning: Design rule attributes from the driving cell will be set on the port 'data_in[78][1]'. (UID-401)
Warning: Design rule attributes from the driving cell will be set on the port 'data_in[78][0]'. (UID-401)
Warning: Design rule attributes from the driving cell will be set on the port 'data_in[79][4]'. (UID-401)
Warning: Design rule attributes from the driving cell will be set on the port 'data_in[79][3]'. (UID-401)
Warning: Design rule attributes from the driving cell will be set on the port 'data_in[79][2]'. (UID-401)
Warning: Design rule attributes from the driving cell will be set on the port 'data_in[79][1]'. (UID-401)
Warning: Design rule attributes from the driving cell will be set on the port 'data_in[79][0]'. (UID-401)
Warning: Design rule attributes from the driving cell will be set on the port 'data_in[80][4]'. (UID-401)
Warning: Design rule attributes from the driving cell will be set on the port 'data_in[80][3]'. (UID-401)
Warning: Design rule attributes from the driving cell will be set on the port 'data_in[80][2]'. (UID-401)
Warning: Design rule attributes from the driving cell will be set on the port 'data_in[80][1]'. (UID-401)
Warning: Design rule attributes from the driving cell will be set on the port 'data_in[80][0]'. (UID-401)
Warning: Design rule attributes from the driving cell will be set on the port 'data_in[81][4]'. (UID-401)
Warning: Design rule attributes from the driving cell will be set on the port 'data_in[81][3]'. (UID-401)
Warning: Design rule attributes from the driving cell will be set on the port 'data_in[81][2]'. (UID-401)
Warning: Design rule attributes from the driving cell will be set on the port 'data_in[81][1]'. (UID-401)
Warning: Design rule attributes from the driving cell will be set on the port 'data_in[81][0]'. (UID-401)
Warning: Design rule attributes from the driving cell will be set on the port 'data_in[82][4]'. (UID-401)
Warning: Design rule attributes from the driving cell will be set on the port 'data_in[82][3]'. (UID-401)
Warning: Design rule attributes from the driving cell will be set on the port 'data_in[82][2]'. (UID-401)
Warning: Design rule attributes from the driving cell will be set on the port 'data_in[82][1]'. (UID-401)
Warning: Design rule attributes from the driving cell will be set on the port 'data_in[82][0]'. (UID-401)
Warning: Design rule attributes from the driving cell will be set on the port 'data_in[83][4]'. (UID-401)
Warning: Design rule attributes from the driving cell will be set on the port 'data_in[83][3]'. (UID-401)
Warning: Design rule attributes from the driving cell will be set on the port 'data_in[83][2]'. (UID-401)
Warning: Design rule attributes from the driving cell will be set on the port 'data_in[83][1]'. (UID-401)
Warning: Design rule attributes from the driving cell will be set on the port 'data_in[83][0]'. (UID-401)
Warning: Design rule attributes from the driving cell will be set on the port 'data_in[84][4]'. (UID-401)
Warning: Design rule attributes from the driving cell will be set on the port 'data_in[84][3]'. (UID-401)
Warning: Design rule attributes from the driving cell will be set on the port 'data_in[84][2]'. (UID-401)
Warning: Design rule attributes from the driving cell will be set on the port 'data_in[84][1]'. (UID-401)
Warning: Design rule attributes from the driving cell will be set on the port 'data_in[84][0]'. (UID-401)
Warning: Design rule attributes from the driving cell will be set on the port 'data_in[85][4]'. (UID-401)
Warning: Design rule attributes from the driving cell will be set on the port 'data_in[85][3]'. (UID-401)
Warning: Design rule attributes from the driving cell will be set on the port 'data_in[85][2]'. (UID-401)
Warning: Design rule attributes from the driving cell will be set on the port 'data_in[85][1]'. (UID-401)
Warning: Design rule attributes from the driving cell will be set on the port 'data_in[85][0]'. (UID-401)
Warning: Design rule attributes from the driving cell will be set on the port 'data_in[86][4]'. (UID-401)
Warning: Design rule attributes from the driving cell will be set on the port 'data_in[86][3]'. (UID-401)
Warning: Design rule attributes from the driving cell will be set on the port 'data_in[86][2]'. (UID-401)
Warning: Design rule attributes from the driving cell will be set on the port 'data_in[86][1]'. (UID-401)
Warning: Design rule attributes from the driving cell will be set on the port 'data_in[86][0]'. (UID-401)
Warning: Design rule attributes from the driving cell will be set on the port 'data_in[87][4]'. (UID-401)
Warning: Design rule attributes from the driving cell will be set on the port 'data_in[87][3]'. (UID-401)
Warning: Design rule attributes from the driving cell will be set on the port 'data_in[87][2]'. (UID-401)
Warning: Design rule attributes from the driving cell will be set on the port 'data_in[87][1]'. (UID-401)
Warning: Design rule attributes from the driving cell will be set on the port 'data_in[87][0]'. (UID-401)
Warning: Design rule attributes from the driving cell will be set on the port 'data_in[88][4]'. (UID-401)
Warning: Design rule attributes from the driving cell will be set on the port 'data_in[88][3]'. (UID-401)
Warning: Design rule attributes from the driving cell will be set on the port 'data_in[88][2]'. (UID-401)
Warning: Design rule attributes from the driving cell will be set on the port 'data_in[88][1]'. (UID-401)
Warning: Design rule attributes from the driving cell will be set on the port 'data_in[88][0]'. (UID-401)
Warning: Design rule attributes from the driving cell will be set on the port 'data_in[89][4]'. (UID-401)
Warning: Design rule attributes from the driving cell will be set on the port 'data_in[89][3]'. (UID-401)
Warning: Design rule attributes from the driving cell will be set on the port 'data_in[89][2]'. (UID-401)
Warning: Design rule attributes from the driving cell will be set on the port 'data_in[89][1]'. (UID-401)
Warning: Design rule attributes from the driving cell will be set on the port 'data_in[89][0]'. (UID-401)
Warning: Design rule attributes from the driving cell will be set on the port 'data_in[90][4]'. (UID-401)
Warning: Design rule attributes from the driving cell will be set on the port 'data_in[90][3]'. (UID-401)
Warning: Design rule attributes from the driving cell will be set on the port 'data_in[90][2]'. (UID-401)
Warning: Design rule attributes from the driving cell will be set on the port 'data_in[90][1]'. (UID-401)
Warning: Design rule attributes from the driving cell will be set on the port 'data_in[90][0]'. (UID-401)
Warning: Design rule attributes from the driving cell will be set on the port 'data_in[91][4]'. (UID-401)
Warning: Design rule attributes from the driving cell will be set on the port 'data_in[91][3]'. (UID-401)
Warning: Design rule attributes from the driving cell will be set on the port 'data_in[91][2]'. (UID-401)
Warning: Design rule attributes from the driving cell will be set on the port 'data_in[91][1]'. (UID-401)
Warning: Design rule attributes from the driving cell will be set on the port 'data_in[91][0]'. (UID-401)
Warning: Design rule attributes from the driving cell will be set on the port 'data_in[92][4]'. (UID-401)
Warning: Design rule attributes from the driving cell will be set on the port 'data_in[92][3]'. (UID-401)
Warning: Design rule attributes from the driving cell will be set on the port 'data_in[92][2]'. (UID-401)
Warning: Design rule attributes from the driving cell will be set on the port 'data_in[92][1]'. (UID-401)
Warning: Design rule attributes from the driving cell will be set on the port 'data_in[92][0]'. (UID-401)
Warning: Design rule attributes from the driving cell will be set on the port 'data_in[93][4]'. (UID-401)
Warning: Design rule attributes from the driving cell will be set on the port 'data_in[93][3]'. (UID-401)
Warning: Design rule attributes from the driving cell will be set on the port 'data_in[93][2]'. (UID-401)
Warning: Design rule attributes from the driving cell will be set on the port 'data_in[93][1]'. (UID-401)
Warning: Design rule attributes from the driving cell will be set on the port 'data_in[93][0]'. (UID-401)
Warning: Design rule attributes from the driving cell will be set on the port 'data_in[94][4]'. (UID-401)
Warning: Design rule attributes from the driving cell will be set on the port 'data_in[94][3]'. (UID-401)
Warning: Design rule attributes from the driving cell will be set on the port 'data_in[94][2]'. (UID-401)
Warning: Design rule attributes from the driving cell will be set on the port 'data_in[94][1]'. (UID-401)
Warning: Design rule attributes from the driving cell will be set on the port 'data_in[94][0]'. (UID-401)
Warning: Design rule attributes from the driving cell will be set on the port 'data_in[95][4]'. (UID-401)
Warning: Design rule attributes from the driving cell will be set on the port 'data_in[95][3]'. (UID-401)
Warning: Design rule attributes from the driving cell will be set on the port 'data_in[95][2]'. (UID-401)
Warning: Design rule attributes from the driving cell will be set on the port 'data_in[95][1]'. (UID-401)
Warning: Design rule attributes from the driving cell will be set on the port 'data_in[95][0]'. (UID-401)
Warning: Design rule attributes from the driving cell will be set on the port 'coo_in[0][2]'. (UID-401)
Warning: Design rule attributes from the driving cell will be set on the port 'coo_in[0][1]'. (UID-401)
Warning: Design rule attributes from the driving cell will be set on the port 'coo_in[0][0]'. (UID-401)
Warning: Design rule attributes from the driving cell will be set on the port 'coo_in[1][2]'. (UID-401)
Warning: Design rule attributes from the driving cell will be set on the port 'coo_in[1][1]'. (UID-401)
Warning: Design rule attributes from the driving cell will be set on the port 'coo_in[1][0]'. (UID-401)
1
set_input_delay $typical_input_delay [all_inputs] -clock $clk_name 
Warning: Design 'GCN' has '1' unresolved references. For more detailed information, use the "link" command. (UID-341)
1
remove_input_delay -clock $clk_name [find port $clk_port]
Warning: Design 'GCN' has '1' unresolved references. For more detailed information, use the "link" command. (UID-341)
1
set_output_delay $typical_output_delay [all_outputs] -clock $clk_name 
Warning: Design 'GCN' has '1' unresolved references. For more detailed information, use the "link" command. (UID-341)
1
# Set loading of outputs 
set_load $typical_wire_load [all_outputs] 
1
# Verify the design
check_design
Warning: Design 'GCN' has '1' unresolved references. For more detailed information, use the "link" command. (UID-341)
 
****************************************
check_design summary:
Version:     V-2023.12-SP5-1
Date:        Sat May  3 10:30:03 2025
****************************************

                   Name                                            Total
--------------------------------------------------------------------------------
Inputs/Outputs                                                    498
    Multiply driven inputs (LINT-6)                               482
    Unconnected ports (LINT-28)                                    16

Cells                                                              12
    Cells do not drive (LINT-1)                                    12

Tristate                                                          482
    A tristate bus has a non tri-state driver (LINT-34)           482
--------------------------------------------------------------------------------

Warning: In design 'Graph_Neighbor_Processor', cell 'C2868' does not drive any nets. (LINT-1)
Warning: In design 'Graph_Neighbor_Processor', cell 'C2873' does not drive any nets. (LINT-1)
Warning: In design 'Graph_Neighbor_Processor', cell 'C2877' does not drive any nets. (LINT-1)
Warning: In design 'Graph_Neighbor_Processor', cell 'C2886' does not drive any nets. (LINT-1)
Warning: In design 'Graph_Neighbor_Processor', cell 'C2890' does not drive any nets. (LINT-1)
Warning: In design 'Node_Classifier', cell 'C220' does not drive any nets. (LINT-1)
Warning: In design 'Transformation_FSM', cell 'B_7' does not drive any nets. (LINT-1)
Warning: In design 'Transformation_FSM', cell 'B_8' does not drive any nets. (LINT-1)
Warning: In design 'Feature_Weight_Address_Generator', cell 'C57' does not drive any nets. (LINT-1)
Warning: In design 'Enhanced_Memory_Unit', cell 'C545' does not drive any nets. (LINT-1)
Warning: In design 'Enhanced_Memory_Unit', cell 'C560' does not drive any nets. (LINT-1)
Warning: In design 'Enhanced_Memory_Unit', cell 'C566' does not drive any nets. (LINT-1)
Warning: In design 'transformation_top_block', input port 'clk' drives wired logic; the port direction may have been specified incorrectly. (LINT-6)
Warning: In design 'transformation_top_block', input port 'reset' drives wired logic; the port direction may have been specified incorrectly. (LINT-6)
Warning: In design 'transformation_top_block', input port 'input_data[0][4]' drives wired logic; the port direction may have been specified incorrectly. (LINT-6)
Warning: In design 'transformation_top_block', input port 'input_data[0][3]' drives wired logic; the port direction may have been specified incorrectly. (LINT-6)
Warning: In design 'transformation_top_block', input port 'input_data[0][2]' drives wired logic; the port direction may have been specified incorrectly. (LINT-6)
Warning: In design 'transformation_top_block', input port 'input_data[0][1]' drives wired logic; the port direction may have been specified incorrectly. (LINT-6)
Warning: In design 'transformation_top_block', input port 'input_data[0][0]' drives wired logic; the port direction may have been specified incorrectly. (LINT-6)
Warning: In design 'transformation_top_block', input port 'input_data[1][4]' drives wired logic; the port direction may have been specified incorrectly. (LINT-6)
Warning: In design 'transformation_top_block', input port 'input_data[1][3]' drives wired logic; the port direction may have been specified incorrectly. (LINT-6)
Warning: In design 'transformation_top_block', input port 'input_data[1][2]' drives wired logic; the port direction may have been specified incorrectly. (LINT-6)
Warning: In design 'transformation_top_block', input port 'input_data[1][1]' drives wired logic; the port direction may have been specified incorrectly. (LINT-6)
Warning: In design 'transformation_top_block', input port 'input_data[1][0]' drives wired logic; the port direction may have been specified incorrectly. (LINT-6)
Warning: In design 'transformation_top_block', input port 'input_data[2][4]' drives wired logic; the port direction may have been specified incorrectly. (LINT-6)
Warning: In design 'transformation_top_block', input port 'input_data[2][3]' drives wired logic; the port direction may have been specified incorrectly. (LINT-6)
Warning: In design 'transformation_top_block', input port 'input_data[2][2]' drives wired logic; the port direction may have been specified incorrectly. (LINT-6)
Warning: In design 'transformation_top_block', input port 'input_data[2][1]' drives wired logic; the port direction may have been specified incorrectly. (LINT-6)
Warning: In design 'transformation_top_block', input port 'input_data[2][0]' drives wired logic; the port direction may have been specified incorrectly. (LINT-6)
Warning: In design 'transformation_top_block', input port 'input_data[3][4]' drives wired logic; the port direction may have been specified incorrectly. (LINT-6)
Warning: In design 'transformation_top_block', input port 'input_data[3][3]' drives wired logic; the port direction may have been specified incorrectly. (LINT-6)
Warning: In design 'transformation_top_block', input port 'input_data[3][2]' drives wired logic; the port direction may have been specified incorrectly. (LINT-6)
Warning: In design 'transformation_top_block', input port 'input_data[3][1]' drives wired logic; the port direction may have been specified incorrectly. (LINT-6)
Warning: In design 'transformation_top_block', input port 'input_data[3][0]' drives wired logic; the port direction may have been specified incorrectly. (LINT-6)
Warning: In design 'transformation_top_block', input port 'input_data[4][4]' drives wired logic; the port direction may have been specified incorrectly. (LINT-6)
Warning: In design 'transformation_top_block', input port 'input_data[4][3]' drives wired logic; the port direction may have been specified incorrectly. (LINT-6)
Warning: In design 'transformation_top_block', input port 'input_data[4][2]' drives wired logic; the port direction may have been specified incorrectly. (LINT-6)
Warning: In design 'transformation_top_block', input port 'input_data[4][1]' drives wired logic; the port direction may have been specified incorrectly. (LINT-6)
Warning: In design 'transformation_top_block', input port 'input_data[4][0]' drives wired logic; the port direction may have been specified incorrectly. (LINT-6)
Warning: In design 'transformation_top_block', input port 'input_data[5][4]' drives wired logic; the port direction may have been specified incorrectly. (LINT-6)
Warning: In design 'transformation_top_block', input port 'input_data[5][3]' drives wired logic; the port direction may have been specified incorrectly. (LINT-6)
Warning: In design 'transformation_top_block', input port 'input_data[5][2]' drives wired logic; the port direction may have been specified incorrectly. (LINT-6)
Warning: In design 'transformation_top_block', input port 'input_data[5][1]' drives wired logic; the port direction may have been specified incorrectly. (LINT-6)
Warning: In design 'transformation_top_block', input port 'input_data[5][0]' drives wired logic; the port direction may have been specified incorrectly. (LINT-6)
Warning: In design 'transformation_top_block', input port 'input_data[6][4]' drives wired logic; the port direction may have been specified incorrectly. (LINT-6)
Warning: In design 'transformation_top_block', input port 'input_data[6][3]' drives wired logic; the port direction may have been specified incorrectly. (LINT-6)
Warning: In design 'transformation_top_block', input port 'input_data[6][2]' drives wired logic; the port direction may have been specified incorrectly. (LINT-6)
Warning: In design 'transformation_top_block', input port 'input_data[6][1]' drives wired logic; the port direction may have been specified incorrectly. (LINT-6)
Warning: In design 'transformation_top_block', input port 'input_data[6][0]' drives wired logic; the port direction may have been specified incorrectly. (LINT-6)
Warning: In design 'transformation_top_block', input port 'input_data[7][4]' drives wired logic; the port direction may have been specified incorrectly. (LINT-6)
Warning: In design 'transformation_top_block', input port 'input_data[7][3]' drives wired logic; the port direction may have been specified incorrectly. (LINT-6)
Warning: In design 'transformation_top_block', input port 'input_data[7][2]' drives wired logic; the port direction may have been specified incorrectly. (LINT-6)
Warning: In design 'transformation_top_block', input port 'input_data[7][1]' drives wired logic; the port direction may have been specified incorrectly. (LINT-6)
Warning: In design 'transformation_top_block', input port 'input_data[7][0]' drives wired logic; the port direction may have been specified incorrectly. (LINT-6)
Warning: In design 'transformation_top_block', input port 'input_data[8][4]' drives wired logic; the port direction may have been specified incorrectly. (LINT-6)
Warning: In design 'transformation_top_block', input port 'input_data[8][3]' drives wired logic; the port direction may have been specified incorrectly. (LINT-6)
Warning: In design 'transformation_top_block', input port 'input_data[8][2]' drives wired logic; the port direction may have been specified incorrectly. (LINT-6)
Warning: In design 'transformation_top_block', input port 'input_data[8][1]' drives wired logic; the port direction may have been specified incorrectly. (LINT-6)
Warning: In design 'transformation_top_block', input port 'input_data[8][0]' drives wired logic; the port direction may have been specified incorrectly. (LINT-6)
Warning: In design 'transformation_top_block', input port 'input_data[9][4]' drives wired logic; the port direction may have been specified incorrectly. (LINT-6)
Warning: In design 'transformation_top_block', input port 'input_data[9][3]' drives wired logic; the port direction may have been specified incorrectly. (LINT-6)
Warning: In design 'transformation_top_block', input port 'input_data[9][2]' drives wired logic; the port direction may have been specified incorrectly. (LINT-6)
Warning: In design 'transformation_top_block', input port 'input_data[9][1]' drives wired logic; the port direction may have been specified incorrectly. (LINT-6)
Warning: In design 'transformation_top_block', input port 'input_data[9][0]' drives wired logic; the port direction may have been specified incorrectly. (LINT-6)
Warning: In design 'transformation_top_block', input port 'input_data[10][4]' drives wired logic; the port direction may have been specified incorrectly. (LINT-6)
Warning: In design 'transformation_top_block', input port 'input_data[10][3]' drives wired logic; the port direction may have been specified incorrectly. (LINT-6)
Warning: In design 'transformation_top_block', input port 'input_data[10][2]' drives wired logic; the port direction may have been specified incorrectly. (LINT-6)
Warning: In design 'transformation_top_block', input port 'input_data[10][1]' drives wired logic; the port direction may have been specified incorrectly. (LINT-6)
Warning: In design 'transformation_top_block', input port 'input_data[10][0]' drives wired logic; the port direction may have been specified incorrectly. (LINT-6)
Warning: In design 'transformation_top_block', input port 'input_data[11][4]' drives wired logic; the port direction may have been specified incorrectly. (LINT-6)
Warning: In design 'transformation_top_block', input port 'input_data[11][3]' drives wired logic; the port direction may have been specified incorrectly. (LINT-6)
Warning: In design 'transformation_top_block', input port 'input_data[11][2]' drives wired logic; the port direction may have been specified incorrectly. (LINT-6)
Warning: In design 'transformation_top_block', input port 'input_data[11][1]' drives wired logic; the port direction may have been specified incorrectly. (LINT-6)
Warning: In design 'transformation_top_block', input port 'input_data[11][0]' drives wired logic; the port direction may have been specified incorrectly. (LINT-6)
Warning: In design 'transformation_top_block', input port 'input_data[12][4]' drives wired logic; the port direction may have been specified incorrectly. (LINT-6)
Warning: In design 'transformation_top_block', input port 'input_data[12][3]' drives wired logic; the port direction may have been specified incorrectly. (LINT-6)
Warning: In design 'transformation_top_block', input port 'input_data[12][2]' drives wired logic; the port direction may have been specified incorrectly. (LINT-6)
Warning: In design 'transformation_top_block', input port 'input_data[12][1]' drives wired logic; the port direction may have been specified incorrectly. (LINT-6)
Warning: In design 'transformation_top_block', input port 'input_data[12][0]' drives wired logic; the port direction may have been specified incorrectly. (LINT-6)
Warning: In design 'transformation_top_block', input port 'input_data[13][4]' drives wired logic; the port direction may have been specified incorrectly. (LINT-6)
Warning: In design 'transformation_top_block', input port 'input_data[13][3]' drives wired logic; the port direction may have been specified incorrectly. (LINT-6)
Warning: In design 'transformation_top_block', input port 'input_data[13][2]' drives wired logic; the port direction may have been specified incorrectly. (LINT-6)
Warning: In design 'transformation_top_block', input port 'input_data[13][1]' drives wired logic; the port direction may have been specified incorrectly. (LINT-6)
Warning: In design 'transformation_top_block', input port 'input_data[13][0]' drives wired logic; the port direction may have been specified incorrectly. (LINT-6)
Warning: In design 'transformation_top_block', input port 'input_data[14][4]' drives wired logic; the port direction may have been specified incorrectly. (LINT-6)
Warning: In design 'transformation_top_block', input port 'input_data[14][3]' drives wired logic; the port direction may have been specified incorrectly. (LINT-6)
Warning: In design 'transformation_top_block', input port 'input_data[14][2]' drives wired logic; the port direction may have been specified incorrectly. (LINT-6)
Warning: In design 'transformation_top_block', input port 'input_data[14][1]' drives wired logic; the port direction may have been specified incorrectly. (LINT-6)
Warning: In design 'transformation_top_block', input port 'input_data[14][0]' drives wired logic; the port direction may have been specified incorrectly. (LINT-6)
Warning: In design 'transformation_top_block', input port 'input_data[15][4]' drives wired logic; the port direction may have been specified incorrectly. (LINT-6)
Warning: In design 'transformation_top_block', input port 'input_data[15][3]' drives wired logic; the port direction may have been specified incorrectly. (LINT-6)
Warning: In design 'transformation_top_block', input port 'input_data[15][2]' drives wired logic; the port direction may have been specified incorrectly. (LINT-6)
Warning: In design 'transformation_top_block', input port 'input_data[15][1]' drives wired logic; the port direction may have been specified incorrectly. (LINT-6)
Warning: In design 'transformation_top_block', input port 'input_data[15][0]' drives wired logic; the port direction may have been specified incorrectly. (LINT-6)
Warning: In design 'transformation_top_block', input port 'input_data[16][4]' drives wired logic; the port direction may have been specified incorrectly. (LINT-6)
Warning: In design 'transformation_top_block', input port 'input_data[16][3]' drives wired logic; the port direction may have been specified incorrectly. (LINT-6)
Warning: In design 'transformation_top_block', input port 'input_data[16][2]' drives wired logic; the port direction may have been specified incorrectly. (LINT-6)
Warning: In design 'transformation_top_block', input port 'input_data[16][1]' drives wired logic; the port direction may have been specified incorrectly. (LINT-6)
Warning: In design 'transformation_top_block', input port 'input_data[16][0]' drives wired logic; the port direction may have been specified incorrectly. (LINT-6)
Warning: In design 'transformation_top_block', input port 'input_data[17][4]' drives wired logic; the port direction may have been specified incorrectly. (LINT-6)
Warning: In design 'transformation_top_block', input port 'input_data[17][3]' drives wired logic; the port direction may have been specified incorrectly. (LINT-6)
Warning: In design 'transformation_top_block', input port 'input_data[17][2]' drives wired logic; the port direction may have been specified incorrectly. (LINT-6)
Warning: In design 'transformation_top_block', input port 'input_data[17][1]' drives wired logic; the port direction may have been specified incorrectly. (LINT-6)
Warning: In design 'transformation_top_block', input port 'input_data[17][0]' drives wired logic; the port direction may have been specified incorrectly. (LINT-6)
Warning: In design 'transformation_top_block', input port 'input_data[18][4]' drives wired logic; the port direction may have been specified incorrectly. (LINT-6)
Warning: In design 'transformation_top_block', input port 'input_data[18][3]' drives wired logic; the port direction may have been specified incorrectly. (LINT-6)
Warning: In design 'transformation_top_block', input port 'input_data[18][2]' drives wired logic; the port direction may have been specified incorrectly. (LINT-6)
Warning: In design 'transformation_top_block', input port 'input_data[18][1]' drives wired logic; the port direction may have been specified incorrectly. (LINT-6)
Warning: In design 'transformation_top_block', input port 'input_data[18][0]' drives wired logic; the port direction may have been specified incorrectly. (LINT-6)
Warning: In design 'transformation_top_block', input port 'input_data[19][4]' drives wired logic; the port direction may have been specified incorrectly. (LINT-6)
Warning: In design 'transformation_top_block', input port 'input_data[19][3]' drives wired logic; the port direction may have been specified incorrectly. (LINT-6)
Warning: In design 'transformation_top_block', input port 'input_data[19][2]' drives wired logic; the port direction may have been specified incorrectly. (LINT-6)
Warning: In design 'transformation_top_block', input port 'input_data[19][1]' drives wired logic; the port direction may have been specified incorrectly. (LINT-6)
Warning: In design 'transformation_top_block', input port 'input_data[19][0]' drives wired logic; the port direction may have been specified incorrectly. (LINT-6)
Warning: In design 'transformation_top_block', input port 'input_data[20][4]' drives wired logic; the port direction may have been specified incorrectly. (LINT-6)
Warning: In design 'transformation_top_block', input port 'input_data[20][3]' drives wired logic; the port direction may have been specified incorrectly. (LINT-6)
Warning: In design 'transformation_top_block', input port 'input_data[20][2]' drives wired logic; the port direction may have been specified incorrectly. (LINT-6)
Warning: In design 'transformation_top_block', input port 'input_data[20][1]' drives wired logic; the port direction may have been specified incorrectly. (LINT-6)
Warning: In design 'transformation_top_block', input port 'input_data[20][0]' drives wired logic; the port direction may have been specified incorrectly. (LINT-6)
Warning: In design 'transformation_top_block', input port 'input_data[21][4]' drives wired logic; the port direction may have been specified incorrectly. (LINT-6)
Warning: In design 'transformation_top_block', input port 'input_data[21][3]' drives wired logic; the port direction may have been specified incorrectly. (LINT-6)
Warning: In design 'transformation_top_block', input port 'input_data[21][2]' drives wired logic; the port direction may have been specified incorrectly. (LINT-6)
Warning: In design 'transformation_top_block', input port 'input_data[21][1]' drives wired logic; the port direction may have been specified incorrectly. (LINT-6)
Warning: In design 'transformation_top_block', input port 'input_data[21][0]' drives wired logic; the port direction may have been specified incorrectly. (LINT-6)
Warning: In design 'transformation_top_block', input port 'input_data[22][4]' drives wired logic; the port direction may have been specified incorrectly. (LINT-6)
Warning: In design 'transformation_top_block', input port 'input_data[22][3]' drives wired logic; the port direction may have been specified incorrectly. (LINT-6)
Warning: In design 'transformation_top_block', input port 'input_data[22][2]' drives wired logic; the port direction may have been specified incorrectly. (LINT-6)
Warning: In design 'transformation_top_block', input port 'input_data[22][1]' drives wired logic; the port direction may have been specified incorrectly. (LINT-6)
Warning: In design 'transformation_top_block', input port 'input_data[22][0]' drives wired logic; the port direction may have been specified incorrectly. (LINT-6)
Warning: In design 'transformation_top_block', input port 'input_data[23][4]' drives wired logic; the port direction may have been specified incorrectly. (LINT-6)
Warning: In design 'transformation_top_block', input port 'input_data[23][3]' drives wired logic; the port direction may have been specified incorrectly. (LINT-6)
Warning: In design 'transformation_top_block', input port 'input_data[23][2]' drives wired logic; the port direction may have been specified incorrectly. (LINT-6)
Warning: In design 'transformation_top_block', input port 'input_data[23][1]' drives wired logic; the port direction may have been specified incorrectly. (LINT-6)
Warning: In design 'transformation_top_block', input port 'input_data[23][0]' drives wired logic; the port direction may have been specified incorrectly. (LINT-6)
Warning: In design 'transformation_top_block', input port 'input_data[24][4]' drives wired logic; the port direction may have been specified incorrectly. (LINT-6)
Warning: In design 'transformation_top_block', input port 'input_data[24][3]' drives wired logic; the port direction may have been specified incorrectly. (LINT-6)
Warning: In design 'transformation_top_block', input port 'input_data[24][2]' drives wired logic; the port direction may have been specified incorrectly. (LINT-6)
Warning: In design 'transformation_top_block', input port 'input_data[24][1]' drives wired logic; the port direction may have been specified incorrectly. (LINT-6)
Warning: In design 'transformation_top_block', input port 'input_data[24][0]' drives wired logic; the port direction may have been specified incorrectly. (LINT-6)
Warning: In design 'transformation_top_block', input port 'input_data[25][4]' drives wired logic; the port direction may have been specified incorrectly. (LINT-6)
Warning: In design 'transformation_top_block', input port 'input_data[25][3]' drives wired logic; the port direction may have been specified incorrectly. (LINT-6)
Warning: In design 'transformation_top_block', input port 'input_data[25][2]' drives wired logic; the port direction may have been specified incorrectly. (LINT-6)
Warning: In design 'transformation_top_block', input port 'input_data[25][1]' drives wired logic; the port direction may have been specified incorrectly. (LINT-6)
Warning: In design 'transformation_top_block', input port 'input_data[25][0]' drives wired logic; the port direction may have been specified incorrectly. (LINT-6)
Warning: In design 'transformation_top_block', input port 'input_data[26][4]' drives wired logic; the port direction may have been specified incorrectly. (LINT-6)
Warning: In design 'transformation_top_block', input port 'input_data[26][3]' drives wired logic; the port direction may have been specified incorrectly. (LINT-6)
Warning: In design 'transformation_top_block', input port 'input_data[26][2]' drives wired logic; the port direction may have been specified incorrectly. (LINT-6)
Warning: In design 'transformation_top_block', input port 'input_data[26][1]' drives wired logic; the port direction may have been specified incorrectly. (LINT-6)
Warning: In design 'transformation_top_block', input port 'input_data[26][0]' drives wired logic; the port direction may have been specified incorrectly. (LINT-6)
Warning: In design 'transformation_top_block', input port 'input_data[27][4]' drives wired logic; the port direction may have been specified incorrectly. (LINT-6)
Warning: In design 'transformation_top_block', input port 'input_data[27][3]' drives wired logic; the port direction may have been specified incorrectly. (LINT-6)
Warning: In design 'transformation_top_block', input port 'input_data[27][2]' drives wired logic; the port direction may have been specified incorrectly. (LINT-6)
Warning: In design 'transformation_top_block', input port 'input_data[27][1]' drives wired logic; the port direction may have been specified incorrectly. (LINT-6)
Warning: In design 'transformation_top_block', input port 'input_data[27][0]' drives wired logic; the port direction may have been specified incorrectly. (LINT-6)
Warning: In design 'transformation_top_block', input port 'input_data[28][4]' drives wired logic; the port direction may have been specified incorrectly. (LINT-6)
Warning: In design 'transformation_top_block', input port 'input_data[28][3]' drives wired logic; the port direction may have been specified incorrectly. (LINT-6)
Warning: In design 'transformation_top_block', input port 'input_data[28][2]' drives wired logic; the port direction may have been specified incorrectly. (LINT-6)
Warning: In design 'transformation_top_block', input port 'input_data[28][1]' drives wired logic; the port direction may have been specified incorrectly. (LINT-6)
Warning: In design 'transformation_top_block', input port 'input_data[28][0]' drives wired logic; the port direction may have been specified incorrectly. (LINT-6)
Warning: In design 'transformation_top_block', input port 'input_data[29][4]' drives wired logic; the port direction may have been specified incorrectly. (LINT-6)
Warning: In design 'transformation_top_block', input port 'input_data[29][3]' drives wired logic; the port direction may have been specified incorrectly. (LINT-6)
Warning: In design 'transformation_top_block', input port 'input_data[29][2]' drives wired logic; the port direction may have been specified incorrectly. (LINT-6)
Warning: In design 'transformation_top_block', input port 'input_data[29][1]' drives wired logic; the port direction may have been specified incorrectly. (LINT-6)
Warning: In design 'transformation_top_block', input port 'input_data[29][0]' drives wired logic; the port direction may have been specified incorrectly. (LINT-6)
Warning: In design 'transformation_top_block', input port 'input_data[30][4]' drives wired logic; the port direction may have been specified incorrectly. (LINT-6)
Warning: In design 'transformation_top_block', input port 'input_data[30][3]' drives wired logic; the port direction may have been specified incorrectly. (LINT-6)
Warning: In design 'transformation_top_block', input port 'input_data[30][2]' drives wired logic; the port direction may have been specified incorrectly. (LINT-6)
Warning: In design 'transformation_top_block', input port 'input_data[30][1]' drives wired logic; the port direction may have been specified incorrectly. (LINT-6)
Warning: In design 'transformation_top_block', input port 'input_data[30][0]' drives wired logic; the port direction may have been specified incorrectly. (LINT-6)
Warning: In design 'transformation_top_block', input port 'input_data[31][4]' drives wired logic; the port direction may have been specified incorrectly. (LINT-6)
Warning: In design 'transformation_top_block', input port 'input_data[31][3]' drives wired logic; the port direction may have been specified incorrectly. (LINT-6)
Warning: In design 'transformation_top_block', input port 'input_data[31][2]' drives wired logic; the port direction may have been specified incorrectly. (LINT-6)
Warning: In design 'transformation_top_block', input port 'input_data[31][1]' drives wired logic; the port direction may have been specified incorrectly. (LINT-6)
Warning: In design 'transformation_top_block', input port 'input_data[31][0]' drives wired logic; the port direction may have been specified incorrectly. (LINT-6)
Warning: In design 'transformation_top_block', input port 'input_data[32][4]' drives wired logic; the port direction may have been specified incorrectly. (LINT-6)
Warning: In design 'transformation_top_block', input port 'input_data[32][3]' drives wired logic; the port direction may have been specified incorrectly. (LINT-6)
Warning: In design 'transformation_top_block', input port 'input_data[32][2]' drives wired logic; the port direction may have been specified incorrectly. (LINT-6)
Warning: In design 'transformation_top_block', input port 'input_data[32][1]' drives wired logic; the port direction may have been specified incorrectly. (LINT-6)
Warning: In design 'transformation_top_block', input port 'input_data[32][0]' drives wired logic; the port direction may have been specified incorrectly. (LINT-6)
Warning: In design 'transformation_top_block', input port 'input_data[33][4]' drives wired logic; the port direction may have been specified incorrectly. (LINT-6)
Warning: In design 'transformation_top_block', input port 'input_data[33][3]' drives wired logic; the port direction may have been specified incorrectly. (LINT-6)
Warning: In design 'transformation_top_block', input port 'input_data[33][2]' drives wired logic; the port direction may have been specified incorrectly. (LINT-6)
Warning: In design 'transformation_top_block', input port 'input_data[33][1]' drives wired logic; the port direction may have been specified incorrectly. (LINT-6)
Warning: In design 'transformation_top_block', input port 'input_data[33][0]' drives wired logic; the port direction may have been specified incorrectly. (LINT-6)
Warning: In design 'transformation_top_block', input port 'input_data[34][4]' drives wired logic; the port direction may have been specified incorrectly. (LINT-6)
Warning: In design 'transformation_top_block', input port 'input_data[34][3]' drives wired logic; the port direction may have been specified incorrectly. (LINT-6)
Warning: In design 'transformation_top_block', input port 'input_data[34][2]' drives wired logic; the port direction may have been specified incorrectly. (LINT-6)
Warning: In design 'transformation_top_block', input port 'input_data[34][1]' drives wired logic; the port direction may have been specified incorrectly. (LINT-6)
Warning: In design 'transformation_top_block', input port 'input_data[34][0]' drives wired logic; the port direction may have been specified incorrectly. (LINT-6)
Warning: In design 'transformation_top_block', input port 'input_data[35][4]' drives wired logic; the port direction may have been specified incorrectly. (LINT-6)
Warning: In design 'transformation_top_block', input port 'input_data[35][3]' drives wired logic; the port direction may have been specified incorrectly. (LINT-6)
Warning: In design 'transformation_top_block', input port 'input_data[35][2]' drives wired logic; the port direction may have been specified incorrectly. (LINT-6)
Warning: In design 'transformation_top_block', input port 'input_data[35][1]' drives wired logic; the port direction may have been specified incorrectly. (LINT-6)
Warning: In design 'transformation_top_block', input port 'input_data[35][0]' drives wired logic; the port direction may have been specified incorrectly. (LINT-6)
Warning: In design 'transformation_top_block', input port 'input_data[36][4]' drives wired logic; the port direction may have been specified incorrectly. (LINT-6)
Warning: In design 'transformation_top_block', input port 'input_data[36][3]' drives wired logic; the port direction may have been specified incorrectly. (LINT-6)
Warning: In design 'transformation_top_block', input port 'input_data[36][2]' drives wired logic; the port direction may have been specified incorrectly. (LINT-6)
Warning: In design 'transformation_top_block', input port 'input_data[36][1]' drives wired logic; the port direction may have been specified incorrectly. (LINT-6)
Warning: In design 'transformation_top_block', input port 'input_data[36][0]' drives wired logic; the port direction may have been specified incorrectly. (LINT-6)
Warning: In design 'transformation_top_block', input port 'input_data[37][4]' drives wired logic; the port direction may have been specified incorrectly. (LINT-6)
Warning: In design 'transformation_top_block', input port 'input_data[37][3]' drives wired logic; the port direction may have been specified incorrectly. (LINT-6)
Warning: In design 'transformation_top_block', input port 'input_data[37][2]' drives wired logic; the port direction may have been specified incorrectly. (LINT-6)
Warning: In design 'transformation_top_block', input port 'input_data[37][1]' drives wired logic; the port direction may have been specified incorrectly. (LINT-6)
Warning: In design 'transformation_top_block', input port 'input_data[37][0]' drives wired logic; the port direction may have been specified incorrectly. (LINT-6)
Warning: In design 'transformation_top_block', input port 'input_data[38][4]' drives wired logic; the port direction may have been specified incorrectly. (LINT-6)
Warning: In design 'transformation_top_block', input port 'input_data[38][3]' drives wired logic; the port direction may have been specified incorrectly. (LINT-6)
Warning: In design 'transformation_top_block', input port 'input_data[38][2]' drives wired logic; the port direction may have been specified incorrectly. (LINT-6)
Warning: In design 'transformation_top_block', input port 'input_data[38][1]' drives wired logic; the port direction may have been specified incorrectly. (LINT-6)
Warning: In design 'transformation_top_block', input port 'input_data[38][0]' drives wired logic; the port direction may have been specified incorrectly. (LINT-6)
Warning: In design 'transformation_top_block', input port 'input_data[39][4]' drives wired logic; the port direction may have been specified incorrectly. (LINT-6)
Warning: In design 'transformation_top_block', input port 'input_data[39][3]' drives wired logic; the port direction may have been specified incorrectly. (LINT-6)
Warning: In design 'transformation_top_block', input port 'input_data[39][2]' drives wired logic; the port direction may have been specified incorrectly. (LINT-6)
Warning: In design 'transformation_top_block', input port 'input_data[39][1]' drives wired logic; the port direction may have been specified incorrectly. (LINT-6)
Warning: In design 'transformation_top_block', input port 'input_data[39][0]' drives wired logic; the port direction may have been specified incorrectly. (LINT-6)
Warning: In design 'transformation_top_block', input port 'input_data[40][4]' drives wired logic; the port direction may have been specified incorrectly. (LINT-6)
Warning: In design 'transformation_top_block', input port 'input_data[40][3]' drives wired logic; the port direction may have been specified incorrectly. (LINT-6)
Warning: In design 'transformation_top_block', input port 'input_data[40][2]' drives wired logic; the port direction may have been specified incorrectly. (LINT-6)
Warning: In design 'transformation_top_block', input port 'input_data[40][1]' drives wired logic; the port direction may have been specified incorrectly. (LINT-6)
Warning: In design 'transformation_top_block', input port 'input_data[40][0]' drives wired logic; the port direction may have been specified incorrectly. (LINT-6)
Warning: In design 'transformation_top_block', input port 'input_data[41][4]' drives wired logic; the port direction may have been specified incorrectly. (LINT-6)
Warning: In design 'transformation_top_block', input port 'input_data[41][3]' drives wired logic; the port direction may have been specified incorrectly. (LINT-6)
Warning: In design 'transformation_top_block', input port 'input_data[41][2]' drives wired logic; the port direction may have been specified incorrectly. (LINT-6)
Warning: In design 'transformation_top_block', input port 'input_data[41][1]' drives wired logic; the port direction may have been specified incorrectly. (LINT-6)
Warning: In design 'transformation_top_block', input port 'input_data[41][0]' drives wired logic; the port direction may have been specified incorrectly. (LINT-6)
Warning: In design 'transformation_top_block', input port 'input_data[42][4]' drives wired logic; the port direction may have been specified incorrectly. (LINT-6)
Warning: In design 'transformation_top_block', input port 'input_data[42][3]' drives wired logic; the port direction may have been specified incorrectly. (LINT-6)
Warning: In design 'transformation_top_block', input port 'input_data[42][2]' drives wired logic; the port direction may have been specified incorrectly. (LINT-6)
Warning: In design 'transformation_top_block', input port 'input_data[42][1]' drives wired logic; the port direction may have been specified incorrectly. (LINT-6)
Warning: In design 'transformation_top_block', input port 'input_data[42][0]' drives wired logic; the port direction may have been specified incorrectly. (LINT-6)
Warning: In design 'transformation_top_block', input port 'input_data[43][4]' drives wired logic; the port direction may have been specified incorrectly. (LINT-6)
Warning: In design 'transformation_top_block', input port 'input_data[43][3]' drives wired logic; the port direction may have been specified incorrectly. (LINT-6)
Warning: In design 'transformation_top_block', input port 'input_data[43][2]' drives wired logic; the port direction may have been specified incorrectly. (LINT-6)
Warning: In design 'transformation_top_block', input port 'input_data[43][1]' drives wired logic; the port direction may have been specified incorrectly. (LINT-6)
Warning: In design 'transformation_top_block', input port 'input_data[43][0]' drives wired logic; the port direction may have been specified incorrectly. (LINT-6)
Warning: In design 'transformation_top_block', input port 'input_data[44][4]' drives wired logic; the port direction may have been specified incorrectly. (LINT-6)
Warning: In design 'transformation_top_block', input port 'input_data[44][3]' drives wired logic; the port direction may have been specified incorrectly. (LINT-6)
Warning: In design 'transformation_top_block', input port 'input_data[44][2]' drives wired logic; the port direction may have been specified incorrectly. (LINT-6)
Warning: In design 'transformation_top_block', input port 'input_data[44][1]' drives wired logic; the port direction may have been specified incorrectly. (LINT-6)
Warning: In design 'transformation_top_block', input port 'input_data[44][0]' drives wired logic; the port direction may have been specified incorrectly. (LINT-6)
Warning: In design 'transformation_top_block', input port 'input_data[45][4]' drives wired logic; the port direction may have been specified incorrectly. (LINT-6)
Warning: In design 'transformation_top_block', input port 'input_data[45][3]' drives wired logic; the port direction may have been specified incorrectly. (LINT-6)
Warning: In design 'transformation_top_block', input port 'input_data[45][2]' drives wired logic; the port direction may have been specified incorrectly. (LINT-6)
Warning: In design 'transformation_top_block', input port 'input_data[45][1]' drives wired logic; the port direction may have been specified incorrectly. (LINT-6)
Warning: In design 'transformation_top_block', input port 'input_data[45][0]' drives wired logic; the port direction may have been specified incorrectly. (LINT-6)
Warning: In design 'transformation_top_block', input port 'input_data[46][4]' drives wired logic; the port direction may have been specified incorrectly. (LINT-6)
Warning: In design 'transformation_top_block', input port 'input_data[46][3]' drives wired logic; the port direction may have been specified incorrectly. (LINT-6)
Warning: In design 'transformation_top_block', input port 'input_data[46][2]' drives wired logic; the port direction may have been specified incorrectly. (LINT-6)
Warning: In design 'transformation_top_block', input port 'input_data[46][1]' drives wired logic; the port direction may have been specified incorrectly. (LINT-6)
Warning: In design 'transformation_top_block', input port 'input_data[46][0]' drives wired logic; the port direction may have been specified incorrectly. (LINT-6)
Warning: In design 'transformation_top_block', input port 'input_data[47][4]' drives wired logic; the port direction may have been specified incorrectly. (LINT-6)
Warning: In design 'transformation_top_block', input port 'input_data[47][3]' drives wired logic; the port direction may have been specified incorrectly. (LINT-6)
Warning: In design 'transformation_top_block', input port 'input_data[47][2]' drives wired logic; the port direction may have been specified incorrectly. (LINT-6)
Warning: In design 'transformation_top_block', input port 'input_data[47][1]' drives wired logic; the port direction may have been specified incorrectly. (LINT-6)
Warning: In design 'transformation_top_block', input port 'input_data[47][0]' drives wired logic; the port direction may have been specified incorrectly. (LINT-6)
Warning: In design 'transformation_top_block', input port 'input_data[48][4]' drives wired logic; the port direction may have been specified incorrectly. (LINT-6)
Warning: In design 'transformation_top_block', input port 'input_data[48][3]' drives wired logic; the port direction may have been specified incorrectly. (LINT-6)
Warning: In design 'transformation_top_block', input port 'input_data[48][2]' drives wired logic; the port direction may have been specified incorrectly. (LINT-6)
Warning: In design 'transformation_top_block', input port 'input_data[48][1]' drives wired logic; the port direction may have been specified incorrectly. (LINT-6)
Warning: In design 'transformation_top_block', input port 'input_data[48][0]' drives wired logic; the port direction may have been specified incorrectly. (LINT-6)
Warning: In design 'transformation_top_block', input port 'input_data[49][4]' drives wired logic; the port direction may have been specified incorrectly. (LINT-6)
Warning: In design 'transformation_top_block', input port 'input_data[49][3]' drives wired logic; the port direction may have been specified incorrectly. (LINT-6)
Warning: In design 'transformation_top_block', input port 'input_data[49][2]' drives wired logic; the port direction may have been specified incorrectly. (LINT-6)
Warning: In design 'transformation_top_block', input port 'input_data[49][1]' drives wired logic; the port direction may have been specified incorrectly. (LINT-6)
Warning: In design 'transformation_top_block', input port 'input_data[49][0]' drives wired logic; the port direction may have been specified incorrectly. (LINT-6)
Warning: In design 'transformation_top_block', input port 'input_data[50][4]' drives wired logic; the port direction may have been specified incorrectly. (LINT-6)
Warning: In design 'transformation_top_block', input port 'input_data[50][3]' drives wired logic; the port direction may have been specified incorrectly. (LINT-6)
Warning: In design 'transformation_top_block', input port 'input_data[50][2]' drives wired logic; the port direction may have been specified incorrectly. (LINT-6)
Warning: In design 'transformation_top_block', input port 'input_data[50][1]' drives wired logic; the port direction may have been specified incorrectly. (LINT-6)
Warning: In design 'transformation_top_block', input port 'input_data[50][0]' drives wired logic; the port direction may have been specified incorrectly. (LINT-6)
Warning: In design 'transformation_top_block', input port 'input_data[51][4]' drives wired logic; the port direction may have been specified incorrectly. (LINT-6)
Warning: In design 'transformation_top_block', input port 'input_data[51][3]' drives wired logic; the port direction may have been specified incorrectly. (LINT-6)
Warning: In design 'transformation_top_block', input port 'input_data[51][2]' drives wired logic; the port direction may have been specified incorrectly. (LINT-6)
Warning: In design 'transformation_top_block', input port 'input_data[51][1]' drives wired logic; the port direction may have been specified incorrectly. (LINT-6)
Warning: In design 'transformation_top_block', input port 'input_data[51][0]' drives wired logic; the port direction may have been specified incorrectly. (LINT-6)
Warning: In design 'transformation_top_block', input port 'input_data[52][4]' drives wired logic; the port direction may have been specified incorrectly. (LINT-6)
Warning: In design 'transformation_top_block', input port 'input_data[52][3]' drives wired logic; the port direction may have been specified incorrectly. (LINT-6)
Warning: In design 'transformation_top_block', input port 'input_data[52][2]' drives wired logic; the port direction may have been specified incorrectly. (LINT-6)
Warning: In design 'transformation_top_block', input port 'input_data[52][1]' drives wired logic; the port direction may have been specified incorrectly. (LINT-6)
Warning: In design 'transformation_top_block', input port 'input_data[52][0]' drives wired logic; the port direction may have been specified incorrectly. (LINT-6)
Warning: In design 'transformation_top_block', input port 'input_data[53][4]' drives wired logic; the port direction may have been specified incorrectly. (LINT-6)
Warning: In design 'transformation_top_block', input port 'input_data[53][3]' drives wired logic; the port direction may have been specified incorrectly. (LINT-6)
Warning: In design 'transformation_top_block', input port 'input_data[53][2]' drives wired logic; the port direction may have been specified incorrectly. (LINT-6)
Warning: In design 'transformation_top_block', input port 'input_data[53][1]' drives wired logic; the port direction may have been specified incorrectly. (LINT-6)
Warning: In design 'transformation_top_block', input port 'input_data[53][0]' drives wired logic; the port direction may have been specified incorrectly. (LINT-6)
Warning: In design 'transformation_top_block', input port 'input_data[54][4]' drives wired logic; the port direction may have been specified incorrectly. (LINT-6)
Warning: In design 'transformation_top_block', input port 'input_data[54][3]' drives wired logic; the port direction may have been specified incorrectly. (LINT-6)
Warning: In design 'transformation_top_block', input port 'input_data[54][2]' drives wired logic; the port direction may have been specified incorrectly. (LINT-6)
Warning: In design 'transformation_top_block', input port 'input_data[54][1]' drives wired logic; the port direction may have been specified incorrectly. (LINT-6)
Warning: In design 'transformation_top_block', input port 'input_data[54][0]' drives wired logic; the port direction may have been specified incorrectly. (LINT-6)
Warning: In design 'transformation_top_block', input port 'input_data[55][4]' drives wired logic; the port direction may have been specified incorrectly. (LINT-6)
Warning: In design 'transformation_top_block', input port 'input_data[55][3]' drives wired logic; the port direction may have been specified incorrectly. (LINT-6)
Warning: In design 'transformation_top_block', input port 'input_data[55][2]' drives wired logic; the port direction may have been specified incorrectly. (LINT-6)
Warning: In design 'transformation_top_block', input port 'input_data[55][1]' drives wired logic; the port direction may have been specified incorrectly. (LINT-6)
Warning: In design 'transformation_top_block', input port 'input_data[55][0]' drives wired logic; the port direction may have been specified incorrectly. (LINT-6)
Warning: In design 'transformation_top_block', input port 'input_data[56][4]' drives wired logic; the port direction may have been specified incorrectly. (LINT-6)
Warning: In design 'transformation_top_block', input port 'input_data[56][3]' drives wired logic; the port direction may have been specified incorrectly. (LINT-6)
Warning: In design 'transformation_top_block', input port 'input_data[56][2]' drives wired logic; the port direction may have been specified incorrectly. (LINT-6)
Warning: In design 'transformation_top_block', input port 'input_data[56][1]' drives wired logic; the port direction may have been specified incorrectly. (LINT-6)
Warning: In design 'transformation_top_block', input port 'input_data[56][0]' drives wired logic; the port direction may have been specified incorrectly. (LINT-6)
Warning: In design 'transformation_top_block', input port 'input_data[57][4]' drives wired logic; the port direction may have been specified incorrectly. (LINT-6)
Warning: In design 'transformation_top_block', input port 'input_data[57][3]' drives wired logic; the port direction may have been specified incorrectly. (LINT-6)
Warning: In design 'transformation_top_block', input port 'input_data[57][2]' drives wired logic; the port direction may have been specified incorrectly. (LINT-6)
Warning: In design 'transformation_top_block', input port 'input_data[57][1]' drives wired logic; the port direction may have been specified incorrectly. (LINT-6)
Warning: In design 'transformation_top_block', input port 'input_data[57][0]' drives wired logic; the port direction may have been specified incorrectly. (LINT-6)
Warning: In design 'transformation_top_block', input port 'input_data[58][4]' drives wired logic; the port direction may have been specified incorrectly. (LINT-6)
Warning: In design 'transformation_top_block', input port 'input_data[58][3]' drives wired logic; the port direction may have been specified incorrectly. (LINT-6)
Warning: In design 'transformation_top_block', input port 'input_data[58][2]' drives wired logic; the port direction may have been specified incorrectly. (LINT-6)
Warning: In design 'transformation_top_block', input port 'input_data[58][1]' drives wired logic; the port direction may have been specified incorrectly. (LINT-6)
Warning: In design 'transformation_top_block', input port 'input_data[58][0]' drives wired logic; the port direction may have been specified incorrectly. (LINT-6)
Warning: In design 'transformation_top_block', input port 'input_data[59][4]' drives wired logic; the port direction may have been specified incorrectly. (LINT-6)
Warning: In design 'transformation_top_block', input port 'input_data[59][3]' drives wired logic; the port direction may have been specified incorrectly. (LINT-6)
Warning: In design 'transformation_top_block', input port 'input_data[59][2]' drives wired logic; the port direction may have been specified incorrectly. (LINT-6)
Warning: In design 'transformation_top_block', input port 'input_data[59][1]' drives wired logic; the port direction may have been specified incorrectly. (LINT-6)
Warning: In design 'transformation_top_block', input port 'input_data[59][0]' drives wired logic; the port direction may have been specified incorrectly. (LINT-6)
Warning: In design 'transformation_top_block', input port 'input_data[60][4]' drives wired logic; the port direction may have been specified incorrectly. (LINT-6)
Warning: In design 'transformation_top_block', input port 'input_data[60][3]' drives wired logic; the port direction may have been specified incorrectly. (LINT-6)
Warning: In design 'transformation_top_block', input port 'input_data[60][2]' drives wired logic; the port direction may have been specified incorrectly. (LINT-6)
Warning: In design 'transformation_top_block', input port 'input_data[60][1]' drives wired logic; the port direction may have been specified incorrectly. (LINT-6)
Warning: In design 'transformation_top_block', input port 'input_data[60][0]' drives wired logic; the port direction may have been specified incorrectly. (LINT-6)
Warning: In design 'transformation_top_block', input port 'input_data[61][4]' drives wired logic; the port direction may have been specified incorrectly. (LINT-6)
Warning: In design 'transformation_top_block', input port 'input_data[61][3]' drives wired logic; the port direction may have been specified incorrectly. (LINT-6)
Warning: In design 'transformation_top_block', input port 'input_data[61][2]' drives wired logic; the port direction may have been specified incorrectly. (LINT-6)
Warning: In design 'transformation_top_block', input port 'input_data[61][1]' drives wired logic; the port direction may have been specified incorrectly. (LINT-6)
Warning: In design 'transformation_top_block', input port 'input_data[61][0]' drives wired logic; the port direction may have been specified incorrectly. (LINT-6)
Warning: In design 'transformation_top_block', input port 'input_data[62][4]' drives wired logic; the port direction may have been specified incorrectly. (LINT-6)
Warning: In design 'transformation_top_block', input port 'input_data[62][3]' drives wired logic; the port direction may have been specified incorrectly. (LINT-6)
Warning: In design 'transformation_top_block', input port 'input_data[62][2]' drives wired logic; the port direction may have been specified incorrectly. (LINT-6)
Warning: In design 'transformation_top_block', input port 'input_data[62][1]' drives wired logic; the port direction may have been specified incorrectly. (LINT-6)
Warning: In design 'transformation_top_block', input port 'input_data[62][0]' drives wired logic; the port direction may have been specified incorrectly. (LINT-6)
Warning: In design 'transformation_top_block', input port 'input_data[63][4]' drives wired logic; the port direction may have been specified incorrectly. (LINT-6)
Warning: In design 'transformation_top_block', input port 'input_data[63][3]' drives wired logic; the port direction may have been specified incorrectly. (LINT-6)
Warning: In design 'transformation_top_block', input port 'input_data[63][2]' drives wired logic; the port direction may have been specified incorrectly. (LINT-6)
Warning: In design 'transformation_top_block', input port 'input_data[63][1]' drives wired logic; the port direction may have been specified incorrectly. (LINT-6)
Warning: In design 'transformation_top_block', input port 'input_data[63][0]' drives wired logic; the port direction may have been specified incorrectly. (LINT-6)
Warning: In design 'transformation_top_block', input port 'input_data[64][4]' drives wired logic; the port direction may have been specified incorrectly. (LINT-6)
Warning: In design 'transformation_top_block', input port 'input_data[64][3]' drives wired logic; the port direction may have been specified incorrectly. (LINT-6)
Warning: In design 'transformation_top_block', input port 'input_data[64][2]' drives wired logic; the port direction may have been specified incorrectly. (LINT-6)
Warning: In design 'transformation_top_block', input port 'input_data[64][1]' drives wired logic; the port direction may have been specified incorrectly. (LINT-6)
Warning: In design 'transformation_top_block', input port 'input_data[64][0]' drives wired logic; the port direction may have been specified incorrectly. (LINT-6)
Warning: In design 'transformation_top_block', input port 'input_data[65][4]' drives wired logic; the port direction may have been specified incorrectly. (LINT-6)
Warning: In design 'transformation_top_block', input port 'input_data[65][3]' drives wired logic; the port direction may have been specified incorrectly. (LINT-6)
Warning: In design 'transformation_top_block', input port 'input_data[65][2]' drives wired logic; the port direction may have been specified incorrectly. (LINT-6)
Warning: In design 'transformation_top_block', input port 'input_data[65][1]' drives wired logic; the port direction may have been specified incorrectly. (LINT-6)
Warning: In design 'transformation_top_block', input port 'input_data[65][0]' drives wired logic; the port direction may have been specified incorrectly. (LINT-6)
Warning: In design 'transformation_top_block', input port 'input_data[66][4]' drives wired logic; the port direction may have been specified incorrectly. (LINT-6)
Warning: In design 'transformation_top_block', input port 'input_data[66][3]' drives wired logic; the port direction may have been specified incorrectly. (LINT-6)
Warning: In design 'transformation_top_block', input port 'input_data[66][2]' drives wired logic; the port direction may have been specified incorrectly. (LINT-6)
Warning: In design 'transformation_top_block', input port 'input_data[66][1]' drives wired logic; the port direction may have been specified incorrectly. (LINT-6)
Warning: In design 'transformation_top_block', input port 'input_data[66][0]' drives wired logic; the port direction may have been specified incorrectly. (LINT-6)
Warning: In design 'transformation_top_block', input port 'input_data[67][4]' drives wired logic; the port direction may have been specified incorrectly. (LINT-6)
Warning: In design 'transformation_top_block', input port 'input_data[67][3]' drives wired logic; the port direction may have been specified incorrectly. (LINT-6)
Warning: In design 'transformation_top_block', input port 'input_data[67][2]' drives wired logic; the port direction may have been specified incorrectly. (LINT-6)
Warning: In design 'transformation_top_block', input port 'input_data[67][1]' drives wired logic; the port direction may have been specified incorrectly. (LINT-6)
Warning: In design 'transformation_top_block', input port 'input_data[67][0]' drives wired logic; the port direction may have been specified incorrectly. (LINT-6)
Warning: In design 'transformation_top_block', input port 'input_data[68][4]' drives wired logic; the port direction may have been specified incorrectly. (LINT-6)
Warning: In design 'transformation_top_block', input port 'input_data[68][3]' drives wired logic; the port direction may have been specified incorrectly. (LINT-6)
Warning: In design 'transformation_top_block', input port 'input_data[68][2]' drives wired logic; the port direction may have been specified incorrectly. (LINT-6)
Warning: In design 'transformation_top_block', input port 'input_data[68][1]' drives wired logic; the port direction may have been specified incorrectly. (LINT-6)
Warning: In design 'transformation_top_block', input port 'input_data[68][0]' drives wired logic; the port direction may have been specified incorrectly. (LINT-6)
Warning: In design 'transformation_top_block', input port 'input_data[69][4]' drives wired logic; the port direction may have been specified incorrectly. (LINT-6)
Warning: In design 'transformation_top_block', input port 'input_data[69][3]' drives wired logic; the port direction may have been specified incorrectly. (LINT-6)
Warning: In design 'transformation_top_block', input port 'input_data[69][2]' drives wired logic; the port direction may have been specified incorrectly. (LINT-6)
Warning: In design 'transformation_top_block', input port 'input_data[69][1]' drives wired logic; the port direction may have been specified incorrectly. (LINT-6)
Warning: In design 'transformation_top_block', input port 'input_data[69][0]' drives wired logic; the port direction may have been specified incorrectly. (LINT-6)
Warning: In design 'transformation_top_block', input port 'input_data[70][4]' drives wired logic; the port direction may have been specified incorrectly. (LINT-6)
Warning: In design 'transformation_top_block', input port 'input_data[70][3]' drives wired logic; the port direction may have been specified incorrectly. (LINT-6)
Warning: In design 'transformation_top_block', input port 'input_data[70][2]' drives wired logic; the port direction may have been specified incorrectly. (LINT-6)
Warning: In design 'transformation_top_block', input port 'input_data[70][1]' drives wired logic; the port direction may have been specified incorrectly. (LINT-6)
Warning: In design 'transformation_top_block', input port 'input_data[70][0]' drives wired logic; the port direction may have been specified incorrectly. (LINT-6)
Warning: In design 'transformation_top_block', input port 'input_data[71][4]' drives wired logic; the port direction may have been specified incorrectly. (LINT-6)
Warning: In design 'transformation_top_block', input port 'input_data[71][3]' drives wired logic; the port direction may have been specified incorrectly. (LINT-6)
Warning: In design 'transformation_top_block', input port 'input_data[71][2]' drives wired logic; the port direction may have been specified incorrectly. (LINT-6)
Warning: In design 'transformation_top_block', input port 'input_data[71][1]' drives wired logic; the port direction may have been specified incorrectly. (LINT-6)
Warning: In design 'transformation_top_block', input port 'input_data[71][0]' drives wired logic; the port direction may have been specified incorrectly. (LINT-6)
Warning: In design 'transformation_top_block', input port 'input_data[72][4]' drives wired logic; the port direction may have been specified incorrectly. (LINT-6)
Warning: In design 'transformation_top_block', input port 'input_data[72][3]' drives wired logic; the port direction may have been specified incorrectly. (LINT-6)
Warning: In design 'transformation_top_block', input port 'input_data[72][2]' drives wired logic; the port direction may have been specified incorrectly. (LINT-6)
Warning: In design 'transformation_top_block', input port 'input_data[72][1]' drives wired logic; the port direction may have been specified incorrectly. (LINT-6)
Warning: In design 'transformation_top_block', input port 'input_data[72][0]' drives wired logic; the port direction may have been specified incorrectly. (LINT-6)
Warning: In design 'transformation_top_block', input port 'input_data[73][4]' drives wired logic; the port direction may have been specified incorrectly. (LINT-6)
Warning: In design 'transformation_top_block', input port 'input_data[73][3]' drives wired logic; the port direction may have been specified incorrectly. (LINT-6)
Warning: In design 'transformation_top_block', input port 'input_data[73][2]' drives wired logic; the port direction may have been specified incorrectly. (LINT-6)
Warning: In design 'transformation_top_block', input port 'input_data[73][1]' drives wired logic; the port direction may have been specified incorrectly. (LINT-6)
Warning: In design 'transformation_top_block', input port 'input_data[73][0]' drives wired logic; the port direction may have been specified incorrectly. (LINT-6)
Warning: In design 'transformation_top_block', input port 'input_data[74][4]' drives wired logic; the port direction may have been specified incorrectly. (LINT-6)
Warning: In design 'transformation_top_block', input port 'input_data[74][3]' drives wired logic; the port direction may have been specified incorrectly. (LINT-6)
Warning: In design 'transformation_top_block', input port 'input_data[74][2]' drives wired logic; the port direction may have been specified incorrectly. (LINT-6)
Warning: In design 'transformation_top_block', input port 'input_data[74][1]' drives wired logic; the port direction may have been specified incorrectly. (LINT-6)
Warning: In design 'transformation_top_block', input port 'input_data[74][0]' drives wired logic; the port direction may have been specified incorrectly. (LINT-6)
Warning: In design 'transformation_top_block', input port 'input_data[75][4]' drives wired logic; the port direction may have been specified incorrectly. (LINT-6)
Warning: In design 'transformation_top_block', input port 'input_data[75][3]' drives wired logic; the port direction may have been specified incorrectly. (LINT-6)
Warning: In design 'transformation_top_block', input port 'input_data[75][2]' drives wired logic; the port direction may have been specified incorrectly. (LINT-6)
Warning: In design 'transformation_top_block', input port 'input_data[75][1]' drives wired logic; the port direction may have been specified incorrectly. (LINT-6)
Warning: In design 'transformation_top_block', input port 'input_data[75][0]' drives wired logic; the port direction may have been specified incorrectly. (LINT-6)
Warning: In design 'transformation_top_block', input port 'input_data[76][4]' drives wired logic; the port direction may have been specified incorrectly. (LINT-6)
Warning: In design 'transformation_top_block', input port 'input_data[76][3]' drives wired logic; the port direction may have been specified incorrectly. (LINT-6)
Warning: In design 'transformation_top_block', input port 'input_data[76][2]' drives wired logic; the port direction may have been specified incorrectly. (LINT-6)
Warning: In design 'transformation_top_block', input port 'input_data[76][1]' drives wired logic; the port direction may have been specified incorrectly. (LINT-6)
Warning: In design 'transformation_top_block', input port 'input_data[76][0]' drives wired logic; the port direction may have been specified incorrectly. (LINT-6)
Warning: In design 'transformation_top_block', input port 'input_data[77][4]' drives wired logic; the port direction may have been specified incorrectly. (LINT-6)
Warning: In design 'transformation_top_block', input port 'input_data[77][3]' drives wired logic; the port direction may have been specified incorrectly. (LINT-6)
Warning: In design 'transformation_top_block', input port 'input_data[77][2]' drives wired logic; the port direction may have been specified incorrectly. (LINT-6)
Warning: In design 'transformation_top_block', input port 'input_data[77][1]' drives wired logic; the port direction may have been specified incorrectly. (LINT-6)
Warning: In design 'transformation_top_block', input port 'input_data[77][0]' drives wired logic; the port direction may have been specified incorrectly. (LINT-6)
Warning: In design 'transformation_top_block', input port 'input_data[78][4]' drives wired logic; the port direction may have been specified incorrectly. (LINT-6)
Warning: In design 'transformation_top_block', input port 'input_data[78][3]' drives wired logic; the port direction may have been specified incorrectly. (LINT-6)
Warning: In design 'transformation_top_block', input port 'input_data[78][2]' drives wired logic; the port direction may have been specified incorrectly. (LINT-6)
Warning: In design 'transformation_top_block', input port 'input_data[78][1]' drives wired logic; the port direction may have been specified incorrectly. (LINT-6)
Warning: In design 'transformation_top_block', input port 'input_data[78][0]' drives wired logic; the port direction may have been specified incorrectly. (LINT-6)
Warning: In design 'transformation_top_block', input port 'input_data[79][4]' drives wired logic; the port direction may have been specified incorrectly. (LINT-6)
Warning: In design 'transformation_top_block', input port 'input_data[79][3]' drives wired logic; the port direction may have been specified incorrectly. (LINT-6)
Warning: In design 'transformation_top_block', input port 'input_data[79][2]' drives wired logic; the port direction may have been specified incorrectly. (LINT-6)
Warning: In design 'transformation_top_block', input port 'input_data[79][1]' drives wired logic; the port direction may have been specified incorrectly. (LINT-6)
Warning: In design 'transformation_top_block', input port 'input_data[79][0]' drives wired logic; the port direction may have been specified incorrectly. (LINT-6)
Warning: In design 'transformation_top_block', input port 'input_data[80][4]' drives wired logic; the port direction may have been specified incorrectly. (LINT-6)
Warning: In design 'transformation_top_block', input port 'input_data[80][3]' drives wired logic; the port direction may have been specified incorrectly. (LINT-6)
Warning: In design 'transformation_top_block', input port 'input_data[80][2]' drives wired logic; the port direction may have been specified incorrectly. (LINT-6)
Warning: In design 'transformation_top_block', input port 'input_data[80][1]' drives wired logic; the port direction may have been specified incorrectly. (LINT-6)
Warning: In design 'transformation_top_block', input port 'input_data[80][0]' drives wired logic; the port direction may have been specified incorrectly. (LINT-6)
Warning: In design 'transformation_top_block', input port 'input_data[81][4]' drives wired logic; the port direction may have been specified incorrectly. (LINT-6)
Warning: In design 'transformation_top_block', input port 'input_data[81][3]' drives wired logic; the port direction may have been specified incorrectly. (LINT-6)
Warning: In design 'transformation_top_block', input port 'input_data[81][2]' drives wired logic; the port direction may have been specified incorrectly. (LINT-6)
Warning: In design 'transformation_top_block', input port 'input_data[81][1]' drives wired logic; the port direction may have been specified incorrectly. (LINT-6)
Warning: In design 'transformation_top_block', input port 'input_data[81][0]' drives wired logic; the port direction may have been specified incorrectly. (LINT-6)
Warning: In design 'transformation_top_block', input port 'input_data[82][4]' drives wired logic; the port direction may have been specified incorrectly. (LINT-6)
Warning: In design 'transformation_top_block', input port 'input_data[82][3]' drives wired logic; the port direction may have been specified incorrectly. (LINT-6)
Warning: In design 'transformation_top_block', input port 'input_data[82][2]' drives wired logic; the port direction may have been specified incorrectly. (LINT-6)
Warning: In design 'transformation_top_block', input port 'input_data[82][1]' drives wired logic; the port direction may have been specified incorrectly. (LINT-6)
Warning: In design 'transformation_top_block', input port 'input_data[82][0]' drives wired logic; the port direction may have been specified incorrectly. (LINT-6)
Warning: In design 'transformation_top_block', input port 'input_data[83][4]' drives wired logic; the port direction may have been specified incorrectly. (LINT-6)
Warning: In design 'transformation_top_block', input port 'input_data[83][3]' drives wired logic; the port direction may have been specified incorrectly. (LINT-6)
Warning: In design 'transformation_top_block', input port 'input_data[83][2]' drives wired logic; the port direction may have been specified incorrectly. (LINT-6)
Warning: In design 'transformation_top_block', input port 'input_data[83][1]' drives wired logic; the port direction may have been specified incorrectly. (LINT-6)
Warning: In design 'transformation_top_block', input port 'input_data[83][0]' drives wired logic; the port direction may have been specified incorrectly. (LINT-6)
Warning: In design 'transformation_top_block', input port 'input_data[84][4]' drives wired logic; the port direction may have been specified incorrectly. (LINT-6)
Warning: In design 'transformation_top_block', input port 'input_data[84][3]' drives wired logic; the port direction may have been specified incorrectly. (LINT-6)
Warning: In design 'transformation_top_block', input port 'input_data[84][2]' drives wired logic; the port direction may have been specified incorrectly. (LINT-6)
Warning: In design 'transformation_top_block', input port 'input_data[84][1]' drives wired logic; the port direction may have been specified incorrectly. (LINT-6)
Warning: In design 'transformation_top_block', input port 'input_data[84][0]' drives wired logic; the port direction may have been specified incorrectly. (LINT-6)
Warning: In design 'transformation_top_block', input port 'input_data[85][4]' drives wired logic; the port direction may have been specified incorrectly. (LINT-6)
Warning: In design 'transformation_top_block', input port 'input_data[85][3]' drives wired logic; the port direction may have been specified incorrectly. (LINT-6)
Warning: In design 'transformation_top_block', input port 'input_data[85][2]' drives wired logic; the port direction may have been specified incorrectly. (LINT-6)
Warning: In design 'transformation_top_block', input port 'input_data[85][1]' drives wired logic; the port direction may have been specified incorrectly. (LINT-6)
Warning: In design 'transformation_top_block', input port 'input_data[85][0]' drives wired logic; the port direction may have been specified incorrectly. (LINT-6)
Warning: In design 'transformation_top_block', input port 'input_data[86][4]' drives wired logic; the port direction may have been specified incorrectly. (LINT-6)
Warning: In design 'transformation_top_block', input port 'input_data[86][3]' drives wired logic; the port direction may have been specified incorrectly. (LINT-6)
Warning: In design 'transformation_top_block', input port 'input_data[86][2]' drives wired logic; the port direction may have been specified incorrectly. (LINT-6)
Warning: In design 'transformation_top_block', input port 'input_data[86][1]' drives wired logic; the port direction may have been specified incorrectly. (LINT-6)
Warning: In design 'transformation_top_block', input port 'input_data[86][0]' drives wired logic; the port direction may have been specified incorrectly. (LINT-6)
Warning: In design 'transformation_top_block', input port 'input_data[87][4]' drives wired logic; the port direction may have been specified incorrectly. (LINT-6)
Warning: In design 'transformation_top_block', input port 'input_data[87][3]' drives wired logic; the port direction may have been specified incorrectly. (LINT-6)
Warning: In design 'transformation_top_block', input port 'input_data[87][2]' drives wired logic; the port direction may have been specified incorrectly. (LINT-6)
Warning: In design 'transformation_top_block', input port 'input_data[87][1]' drives wired logic; the port direction may have been specified incorrectly. (LINT-6)
Warning: In design 'transformation_top_block', input port 'input_data[87][0]' drives wired logic; the port direction may have been specified incorrectly. (LINT-6)
Warning: In design 'transformation_top_block', input port 'input_data[88][4]' drives wired logic; the port direction may have been specified incorrectly. (LINT-6)
Warning: In design 'transformation_top_block', input port 'input_data[88][3]' drives wired logic; the port direction may have been specified incorrectly. (LINT-6)
Warning: In design 'transformation_top_block', input port 'input_data[88][2]' drives wired logic; the port direction may have been specified incorrectly. (LINT-6)
Warning: In design 'transformation_top_block', input port 'input_data[88][1]' drives wired logic; the port direction may have been specified incorrectly. (LINT-6)
Warning: In design 'transformation_top_block', input port 'input_data[88][0]' drives wired logic; the port direction may have been specified incorrectly. (LINT-6)
Warning: In design 'transformation_top_block', input port 'input_data[89][4]' drives wired logic; the port direction may have been specified incorrectly. (LINT-6)
Warning: In design 'transformation_top_block', input port 'input_data[89][3]' drives wired logic; the port direction may have been specified incorrectly. (LINT-6)
Warning: In design 'transformation_top_block', input port 'input_data[89][2]' drives wired logic; the port direction may have been specified incorrectly. (LINT-6)
Warning: In design 'transformation_top_block', input port 'input_data[89][1]' drives wired logic; the port direction may have been specified incorrectly. (LINT-6)
Warning: In design 'transformation_top_block', input port 'input_data[89][0]' drives wired logic; the port direction may have been specified incorrectly. (LINT-6)
Warning: In design 'transformation_top_block', input port 'input_data[90][4]' drives wired logic; the port direction may have been specified incorrectly. (LINT-6)
Warning: In design 'transformation_top_block', input port 'input_data[90][3]' drives wired logic; the port direction may have been specified incorrectly. (LINT-6)
Warning: In design 'transformation_top_block', input port 'input_data[90][2]' drives wired logic; the port direction may have been specified incorrectly. (LINT-6)
Warning: In design 'transformation_top_block', input port 'input_data[90][1]' drives wired logic; the port direction may have been specified incorrectly. (LINT-6)
Warning: In design 'transformation_top_block', input port 'input_data[90][0]' drives wired logic; the port direction may have been specified incorrectly. (LINT-6)
Warning: In design 'transformation_top_block', input port 'input_data[91][4]' drives wired logic; the port direction may have been specified incorrectly. (LINT-6)
Warning: In design 'transformation_top_block', input port 'input_data[91][3]' drives wired logic; the port direction may have been specified incorrectly. (LINT-6)
Warning: In design 'transformation_top_block', input port 'input_data[91][2]' drives wired logic; the port direction may have been specified incorrectly. (LINT-6)
Warning: In design 'transformation_top_block', input port 'input_data[91][1]' drives wired logic; the port direction may have been specified incorrectly. (LINT-6)
Warning: In design 'transformation_top_block', input port 'input_data[91][0]' drives wired logic; the port direction may have been specified incorrectly. (LINT-6)
Warning: In design 'transformation_top_block', input port 'input_data[92][4]' drives wired logic; the port direction may have been specified incorrectly. (LINT-6)
Warning: In design 'transformation_top_block', input port 'input_data[92][3]' drives wired logic; the port direction may have been specified incorrectly. (LINT-6)
Warning: In design 'transformation_top_block', input port 'input_data[92][2]' drives wired logic; the port direction may have been specified incorrectly. (LINT-6)
Warning: In design 'transformation_top_block', input port 'input_data[92][1]' drives wired logic; the port direction may have been specified incorrectly. (LINT-6)
Warning: In design 'transformation_top_block', input port 'input_data[92][0]' drives wired logic; the port direction may have been specified incorrectly. (LINT-6)
Warning: In design 'transformation_top_block', input port 'input_data[93][4]' drives wired logic; the port direction may have been specified incorrectly. (LINT-6)
Warning: In design 'transformation_top_block', input port 'input_data[93][3]' drives wired logic; the port direction may have been specified incorrectly. (LINT-6)
Warning: In design 'transformation_top_block', input port 'input_data[93][2]' drives wired logic; the port direction may have been specified incorrectly. (LINT-6)
Warning: In design 'transformation_top_block', input port 'input_data[93][1]' drives wired logic; the port direction may have been specified incorrectly. (LINT-6)
Warning: In design 'transformation_top_block', input port 'input_data[93][0]' drives wired logic; the port direction may have been specified incorrectly. (LINT-6)
Warning: In design 'transformation_top_block', input port 'input_data[94][4]' drives wired logic; the port direction may have been specified incorrectly. (LINT-6)
Warning: In design 'transformation_top_block', input port 'input_data[94][3]' drives wired logic; the port direction may have been specified incorrectly. (LINT-6)
Warning: In design 'transformation_top_block', input port 'input_data[94][2]' drives wired logic; the port direction may have been specified incorrectly. (LINT-6)
Warning: In design 'transformation_top_block', input port 'input_data[94][1]' drives wired logic; the port direction may have been specified incorrectly. (LINT-6)
Warning: In design 'transformation_top_block', input port 'input_data[94][0]' drives wired logic; the port direction may have been specified incorrectly. (LINT-6)
Warning: In design 'transformation_top_block', input port 'input_data[95][4]' drives wired logic; the port direction may have been specified incorrectly. (LINT-6)
Warning: In design 'transformation_top_block', input port 'input_data[95][3]' drives wired logic; the port direction may have been specified incorrectly. (LINT-6)
Warning: In design 'transformation_top_block', input port 'input_data[95][2]' drives wired logic; the port direction may have been specified incorrectly. (LINT-6)
Warning: In design 'transformation_top_block', input port 'input_data[95][1]' drives wired logic; the port direction may have been specified incorrectly. (LINT-6)
Warning: In design 'transformation_top_block', input port 'input_data[95][0]' drives wired logic; the port direction may have been specified incorrectly. (LINT-6)
Warning: In design 'Feature_Weight_Address_Generator', port 'clk' is not connected to any nets. (LINT-28)
Warning: In design 'Feature_Weight_Address_Generator', port 'enable_weight_counter' is not connected to any nets. (LINT-28)
Warning: In design 'Feature_Weight_Address_Generator', port 'enable_feature_counter' is not connected to any nets. (LINT-28)
Warning: In design 'Enhanced_Memory_Unit', port 'write_col[12]' is not connected to any nets. (LINT-28)
Warning: In design 'Enhanced_Memory_Unit', port 'write_col[11]' is not connected to any nets. (LINT-28)
Warning: In design 'Enhanced_Memory_Unit', port 'write_col[10]' is not connected to any nets. (LINT-28)
Warning: In design 'Enhanced_Memory_Unit', port 'write_col[9]' is not connected to any nets. (LINT-28)
Warning: In design 'Enhanced_Memory_Unit', port 'write_col[8]' is not connected to any nets. (LINT-28)
Warning: In design 'Enhanced_Memory_Unit', port 'write_col[7]' is not connected to any nets. (LINT-28)
Warning: In design 'Enhanced_Memory_Unit', port 'write_col[6]' is not connected to any nets. (LINT-28)
Warning: In design 'Enhanced_Memory_Unit', port 'write_col[5]' is not connected to any nets. (LINT-28)
Warning: In design 'Enhanced_Memory_Unit', port 'write_col[4]' is not connected to any nets. (LINT-28)
Warning: In design 'Enhanced_Memory_Unit', port 'write_col[3]' is not connected to any nets. (LINT-28)
Warning: In design 'Enhanced_Memory_Unit', port 'write_col[2]' is not connected to any nets. (LINT-28)
Warning: In design 'Enhanced_Memory_Unit', port 'write_col[1]' is not connected to any nets. (LINT-28)
Warning: In design 'Enhanced_Memory_Unit', port 'write_col[0]' is not connected to any nets. (LINT-28)
Warning: In design 'GCN', three-state bus 'enable_read' has non three-state driver 'transtop/tfsm/C168/Z_0'. (LINT-34)
Warning: In design 'GCN', three-state bus 'transtop/scrth_pad_mem[95][0]' has non three-state driver 'transtop/sp/memory_reg[95][0]/Q'. (LINT-34)
Warning: In design 'GCN', three-state bus 'transtop/scrth_pad_mem[95][1]' has non three-state driver 'transtop/sp/memory_reg[95][1]/Q'. (LINT-34)
Warning: In design 'GCN', three-state bus 'transtop/scrth_pad_mem[95][2]' has non three-state driver 'transtop/sp/memory_reg[95][2]/Q'. (LINT-34)
Warning: In design 'GCN', three-state bus 'transtop/scrth_pad_mem[95][3]' has non three-state driver 'transtop/sp/memory_reg[95][3]/Q'. (LINT-34)
Warning: In design 'GCN', three-state bus 'transtop/scrth_pad_mem[95][4]' has non three-state driver 'transtop/sp/memory_reg[95][4]/Q'. (LINT-34)
Warning: In design 'GCN', three-state bus 'transtop/scrth_pad_mem[94][0]' has non three-state driver 'transtop/sp/memory_reg[94][0]/Q'. (LINT-34)
Warning: In design 'GCN', three-state bus 'transtop/scrth_pad_mem[94][1]' has non three-state driver 'transtop/sp/memory_reg[94][1]/Q'. (LINT-34)
Warning: In design 'GCN', three-state bus 'transtop/scrth_pad_mem[94][2]' has non three-state driver 'transtop/sp/memory_reg[94][2]/Q'. (LINT-34)
Warning: In design 'GCN', three-state bus 'transtop/scrth_pad_mem[94][3]' has non three-state driver 'transtop/sp/memory_reg[94][3]/Q'. (LINT-34)
Warning: In design 'GCN', three-state bus 'transtop/scrth_pad_mem[94][4]' has non three-state driver 'transtop/sp/memory_reg[94][4]/Q'. (LINT-34)
Warning: In design 'GCN', three-state bus 'transtop/scrth_pad_mem[93][0]' has non three-state driver 'transtop/sp/memory_reg[93][0]/Q'. (LINT-34)
Warning: In design 'GCN', three-state bus 'transtop/scrth_pad_mem[93][1]' has non three-state driver 'transtop/sp/memory_reg[93][1]/Q'. (LINT-34)
Warning: In design 'GCN', three-state bus 'transtop/scrth_pad_mem[93][2]' has non three-state driver 'transtop/sp/memory_reg[93][2]/Q'. (LINT-34)
Warning: In design 'GCN', three-state bus 'transtop/scrth_pad_mem[93][3]' has non three-state driver 'transtop/sp/memory_reg[93][3]/Q'. (LINT-34)
Warning: In design 'GCN', three-state bus 'transtop/scrth_pad_mem[93][4]' has non three-state driver 'transtop/sp/memory_reg[93][4]/Q'. (LINT-34)
Warning: In design 'GCN', three-state bus 'transtop/scrth_pad_mem[92][0]' has non three-state driver 'transtop/sp/memory_reg[92][0]/Q'. (LINT-34)
Warning: In design 'GCN', three-state bus 'transtop/scrth_pad_mem[92][1]' has non three-state driver 'transtop/sp/memory_reg[92][1]/Q'. (LINT-34)
Warning: In design 'GCN', three-state bus 'transtop/scrth_pad_mem[92][2]' has non three-state driver 'transtop/sp/memory_reg[92][2]/Q'. (LINT-34)
Warning: In design 'GCN', three-state bus 'transtop/scrth_pad_mem[92][3]' has non three-state driver 'transtop/sp/memory_reg[92][3]/Q'. (LINT-34)
Warning: In design 'GCN', three-state bus 'transtop/scrth_pad_mem[92][4]' has non three-state driver 'transtop/sp/memory_reg[92][4]/Q'. (LINT-34)
Warning: In design 'GCN', three-state bus 'transtop/scrth_pad_mem[91][0]' has non three-state driver 'transtop/sp/memory_reg[91][0]/Q'. (LINT-34)
Warning: In design 'GCN', three-state bus 'transtop/scrth_pad_mem[91][1]' has non three-state driver 'transtop/sp/memory_reg[91][1]/Q'. (LINT-34)
Warning: In design 'GCN', three-state bus 'transtop/scrth_pad_mem[91][2]' has non three-state driver 'transtop/sp/memory_reg[91][2]/Q'. (LINT-34)
Warning: In design 'GCN', three-state bus 'transtop/scrth_pad_mem[91][3]' has non three-state driver 'transtop/sp/memory_reg[91][3]/Q'. (LINT-34)
Warning: In design 'GCN', three-state bus 'transtop/scrth_pad_mem[91][4]' has non three-state driver 'transtop/sp/memory_reg[91][4]/Q'. (LINT-34)
Warning: In design 'GCN', three-state bus 'transtop/scrth_pad_mem[90][0]' has non three-state driver 'transtop/sp/memory_reg[90][0]/Q'. (LINT-34)
Warning: In design 'GCN', three-state bus 'transtop/scrth_pad_mem[90][1]' has non three-state driver 'transtop/sp/memory_reg[90][1]/Q'. (LINT-34)
Warning: In design 'GCN', three-state bus 'transtop/scrth_pad_mem[90][2]' has non three-state driver 'transtop/sp/memory_reg[90][2]/Q'. (LINT-34)
Warning: In design 'GCN', three-state bus 'transtop/scrth_pad_mem[90][3]' has non three-state driver 'transtop/sp/memory_reg[90][3]/Q'. (LINT-34)
Warning: In design 'GCN', three-state bus 'transtop/scrth_pad_mem[90][4]' has non three-state driver 'transtop/sp/memory_reg[90][4]/Q'. (LINT-34)
Warning: In design 'GCN', three-state bus 'transtop/scrth_pad_mem[89][0]' has non three-state driver 'transtop/sp/memory_reg[89][0]/Q'. (LINT-34)
Warning: In design 'GCN', three-state bus 'transtop/scrth_pad_mem[89][1]' has non three-state driver 'transtop/sp/memory_reg[89][1]/Q'. (LINT-34)
Warning: In design 'GCN', three-state bus 'transtop/scrth_pad_mem[89][2]' has non three-state driver 'transtop/sp/memory_reg[89][2]/Q'. (LINT-34)
Warning: In design 'GCN', three-state bus 'transtop/scrth_pad_mem[89][3]' has non three-state driver 'transtop/sp/memory_reg[89][3]/Q'. (LINT-34)
Warning: In design 'GCN', three-state bus 'transtop/scrth_pad_mem[89][4]' has non three-state driver 'transtop/sp/memory_reg[89][4]/Q'. (LINT-34)
Warning: In design 'GCN', three-state bus 'transtop/scrth_pad_mem[88][0]' has non three-state driver 'transtop/sp/memory_reg[88][0]/Q'. (LINT-34)
Warning: In design 'GCN', three-state bus 'transtop/scrth_pad_mem[88][1]' has non three-state driver 'transtop/sp/memory_reg[88][1]/Q'. (LINT-34)
Warning: In design 'GCN', three-state bus 'transtop/scrth_pad_mem[88][2]' has non three-state driver 'transtop/sp/memory_reg[88][2]/Q'. (LINT-34)
Warning: In design 'GCN', three-state bus 'transtop/scrth_pad_mem[88][3]' has non three-state driver 'transtop/sp/memory_reg[88][3]/Q'. (LINT-34)
Warning: In design 'GCN', three-state bus 'transtop/scrth_pad_mem[88][4]' has non three-state driver 'transtop/sp/memory_reg[88][4]/Q'. (LINT-34)
Warning: In design 'GCN', three-state bus 'transtop/scrth_pad_mem[87][0]' has non three-state driver 'transtop/sp/memory_reg[87][0]/Q'. (LINT-34)
Warning: In design 'GCN', three-state bus 'transtop/scrth_pad_mem[87][1]' has non three-state driver 'transtop/sp/memory_reg[87][1]/Q'. (LINT-34)
Warning: In design 'GCN', three-state bus 'transtop/scrth_pad_mem[87][2]' has non three-state driver 'transtop/sp/memory_reg[87][2]/Q'. (LINT-34)
Warning: In design 'GCN', three-state bus 'transtop/scrth_pad_mem[87][3]' has non three-state driver 'transtop/sp/memory_reg[87][3]/Q'. (LINT-34)
Warning: In design 'GCN', three-state bus 'transtop/scrth_pad_mem[87][4]' has non three-state driver 'transtop/sp/memory_reg[87][4]/Q'. (LINT-34)
Warning: In design 'GCN', three-state bus 'transtop/scrth_pad_mem[86][0]' has non three-state driver 'transtop/sp/memory_reg[86][0]/Q'. (LINT-34)
Warning: In design 'GCN', three-state bus 'transtop/scrth_pad_mem[86][1]' has non three-state driver 'transtop/sp/memory_reg[86][1]/Q'. (LINT-34)
Warning: In design 'GCN', three-state bus 'transtop/scrth_pad_mem[86][2]' has non three-state driver 'transtop/sp/memory_reg[86][2]/Q'. (LINT-34)
Warning: In design 'GCN', three-state bus 'transtop/scrth_pad_mem[86][3]' has non three-state driver 'transtop/sp/memory_reg[86][3]/Q'. (LINT-34)
Warning: In design 'GCN', three-state bus 'transtop/scrth_pad_mem[86][4]' has non three-state driver 'transtop/sp/memory_reg[86][4]/Q'. (LINT-34)
Warning: In design 'GCN', three-state bus 'transtop/scrth_pad_mem[85][0]' has non three-state driver 'transtop/sp/memory_reg[85][0]/Q'. (LINT-34)
Warning: In design 'GCN', three-state bus 'transtop/scrth_pad_mem[85][1]' has non three-state driver 'transtop/sp/memory_reg[85][1]/Q'. (LINT-34)
Warning: In design 'GCN', three-state bus 'transtop/scrth_pad_mem[85][2]' has non three-state driver 'transtop/sp/memory_reg[85][2]/Q'. (LINT-34)
Warning: In design 'GCN', three-state bus 'transtop/scrth_pad_mem[85][3]' has non three-state driver 'transtop/sp/memory_reg[85][3]/Q'. (LINT-34)
Warning: In design 'GCN', three-state bus 'transtop/scrth_pad_mem[85][4]' has non three-state driver 'transtop/sp/memory_reg[85][4]/Q'. (LINT-34)
Warning: In design 'GCN', three-state bus 'transtop/scrth_pad_mem[84][0]' has non three-state driver 'transtop/sp/memory_reg[84][0]/Q'. (LINT-34)
Warning: In design 'GCN', three-state bus 'transtop/scrth_pad_mem[84][1]' has non three-state driver 'transtop/sp/memory_reg[84][1]/Q'. (LINT-34)
Warning: In design 'GCN', three-state bus 'transtop/scrth_pad_mem[84][2]' has non three-state driver 'transtop/sp/memory_reg[84][2]/Q'. (LINT-34)
Warning: In design 'GCN', three-state bus 'transtop/scrth_pad_mem[84][3]' has non three-state driver 'transtop/sp/memory_reg[84][3]/Q'. (LINT-34)
Warning: In design 'GCN', three-state bus 'transtop/scrth_pad_mem[84][4]' has non three-state driver 'transtop/sp/memory_reg[84][4]/Q'. (LINT-34)
Warning: In design 'GCN', three-state bus 'transtop/scrth_pad_mem[83][0]' has non three-state driver 'transtop/sp/memory_reg[83][0]/Q'. (LINT-34)
Warning: In design 'GCN', three-state bus 'transtop/scrth_pad_mem[83][1]' has non three-state driver 'transtop/sp/memory_reg[83][1]/Q'. (LINT-34)
Warning: In design 'GCN', three-state bus 'transtop/scrth_pad_mem[83][2]' has non three-state driver 'transtop/sp/memory_reg[83][2]/Q'. (LINT-34)
Warning: In design 'GCN', three-state bus 'transtop/scrth_pad_mem[83][3]' has non three-state driver 'transtop/sp/memory_reg[83][3]/Q'. (LINT-34)
Warning: In design 'GCN', three-state bus 'transtop/scrth_pad_mem[83][4]' has non three-state driver 'transtop/sp/memory_reg[83][4]/Q'. (LINT-34)
Warning: In design 'GCN', three-state bus 'transtop/scrth_pad_mem[82][0]' has non three-state driver 'transtop/sp/memory_reg[82][0]/Q'. (LINT-34)
Warning: In design 'GCN', three-state bus 'transtop/scrth_pad_mem[82][1]' has non three-state driver 'transtop/sp/memory_reg[82][1]/Q'. (LINT-34)
Warning: In design 'GCN', three-state bus 'transtop/scrth_pad_mem[82][2]' has non three-state driver 'transtop/sp/memory_reg[82][2]/Q'. (LINT-34)
Warning: In design 'GCN', three-state bus 'transtop/scrth_pad_mem[82][3]' has non three-state driver 'transtop/sp/memory_reg[82][3]/Q'. (LINT-34)
Warning: In design 'GCN', three-state bus 'transtop/scrth_pad_mem[82][4]' has non three-state driver 'transtop/sp/memory_reg[82][4]/Q'. (LINT-34)
Warning: In design 'GCN', three-state bus 'transtop/scrth_pad_mem[81][0]' has non three-state driver 'transtop/sp/memory_reg[81][0]/Q'. (LINT-34)
Warning: In design 'GCN', three-state bus 'transtop/scrth_pad_mem[81][1]' has non three-state driver 'transtop/sp/memory_reg[81][1]/Q'. (LINT-34)
Warning: In design 'GCN', three-state bus 'transtop/scrth_pad_mem[81][2]' has non three-state driver 'transtop/sp/memory_reg[81][2]/Q'. (LINT-34)
Warning: In design 'GCN', three-state bus 'transtop/scrth_pad_mem[81][3]' has non three-state driver 'transtop/sp/memory_reg[81][3]/Q'. (LINT-34)
Warning: In design 'GCN', three-state bus 'transtop/scrth_pad_mem[81][4]' has non three-state driver 'transtop/sp/memory_reg[81][4]/Q'. (LINT-34)
Warning: In design 'GCN', three-state bus 'transtop/scrth_pad_mem[80][0]' has non three-state driver 'transtop/sp/memory_reg[80][0]/Q'. (LINT-34)
Warning: In design 'GCN', three-state bus 'transtop/scrth_pad_mem[80][1]' has non three-state driver 'transtop/sp/memory_reg[80][1]/Q'. (LINT-34)
Warning: In design 'GCN', three-state bus 'transtop/scrth_pad_mem[80][2]' has non three-state driver 'transtop/sp/memory_reg[80][2]/Q'. (LINT-34)
Warning: In design 'GCN', three-state bus 'transtop/scrth_pad_mem[80][3]' has non three-state driver 'transtop/sp/memory_reg[80][3]/Q'. (LINT-34)
Warning: In design 'GCN', three-state bus 'transtop/scrth_pad_mem[80][4]' has non three-state driver 'transtop/sp/memory_reg[80][4]/Q'. (LINT-34)
Warning: In design 'GCN', three-state bus 'transtop/scrth_pad_mem[79][0]' has non three-state driver 'transtop/sp/memory_reg[79][0]/Q'. (LINT-34)
Warning: In design 'GCN', three-state bus 'transtop/scrth_pad_mem[79][1]' has non three-state driver 'transtop/sp/memory_reg[79][1]/Q'. (LINT-34)
Warning: In design 'GCN', three-state bus 'transtop/scrth_pad_mem[79][2]' has non three-state driver 'transtop/sp/memory_reg[79][2]/Q'. (LINT-34)
Warning: In design 'GCN', three-state bus 'transtop/scrth_pad_mem[79][3]' has non three-state driver 'transtop/sp/memory_reg[79][3]/Q'. (LINT-34)
Warning: In design 'GCN', three-state bus 'transtop/scrth_pad_mem[79][4]' has non three-state driver 'transtop/sp/memory_reg[79][4]/Q'. (LINT-34)
Warning: In design 'GCN', three-state bus 'transtop/scrth_pad_mem[78][0]' has non three-state driver 'transtop/sp/memory_reg[78][0]/Q'. (LINT-34)
Warning: In design 'GCN', three-state bus 'transtop/scrth_pad_mem[78][1]' has non three-state driver 'transtop/sp/memory_reg[78][1]/Q'. (LINT-34)
Warning: In design 'GCN', three-state bus 'transtop/scrth_pad_mem[78][2]' has non three-state driver 'transtop/sp/memory_reg[78][2]/Q'. (LINT-34)
Warning: In design 'GCN', three-state bus 'transtop/scrth_pad_mem[78][3]' has non three-state driver 'transtop/sp/memory_reg[78][3]/Q'. (LINT-34)
Warning: In design 'GCN', three-state bus 'transtop/scrth_pad_mem[78][4]' has non three-state driver 'transtop/sp/memory_reg[78][4]/Q'. (LINT-34)
Warning: In design 'GCN', three-state bus 'transtop/scrth_pad_mem[77][0]' has non three-state driver 'transtop/sp/memory_reg[77][0]/Q'. (LINT-34)
Warning: In design 'GCN', three-state bus 'transtop/scrth_pad_mem[77][1]' has non three-state driver 'transtop/sp/memory_reg[77][1]/Q'. (LINT-34)
Warning: In design 'GCN', three-state bus 'transtop/scrth_pad_mem[77][2]' has non three-state driver 'transtop/sp/memory_reg[77][2]/Q'. (LINT-34)
Warning: In design 'GCN', three-state bus 'transtop/scrth_pad_mem[77][3]' has non three-state driver 'transtop/sp/memory_reg[77][3]/Q'. (LINT-34)
Warning: In design 'GCN', three-state bus 'transtop/scrth_pad_mem[77][4]' has non three-state driver 'transtop/sp/memory_reg[77][4]/Q'. (LINT-34)
Warning: In design 'GCN', three-state bus 'transtop/scrth_pad_mem[76][0]' has non three-state driver 'transtop/sp/memory_reg[76][0]/Q'. (LINT-34)
Warning: In design 'GCN', three-state bus 'transtop/scrth_pad_mem[76][1]' has non three-state driver 'transtop/sp/memory_reg[76][1]/Q'. (LINT-34)
Warning: In design 'GCN', three-state bus 'transtop/scrth_pad_mem[76][2]' has non three-state driver 'transtop/sp/memory_reg[76][2]/Q'. (LINT-34)
Warning: In design 'GCN', three-state bus 'transtop/scrth_pad_mem[76][3]' has non three-state driver 'transtop/sp/memory_reg[76][3]/Q'. (LINT-34)
Warning: In design 'GCN', three-state bus 'transtop/scrth_pad_mem[76][4]' has non three-state driver 'transtop/sp/memory_reg[76][4]/Q'. (LINT-34)
Warning: In design 'GCN', three-state bus 'transtop/scrth_pad_mem[75][0]' has non three-state driver 'transtop/sp/memory_reg[75][0]/Q'. (LINT-34)
Warning: In design 'GCN', three-state bus 'transtop/scrth_pad_mem[75][1]' has non three-state driver 'transtop/sp/memory_reg[75][1]/Q'. (LINT-34)
Warning: In design 'GCN', three-state bus 'transtop/scrth_pad_mem[75][2]' has non three-state driver 'transtop/sp/memory_reg[75][2]/Q'. (LINT-34)
Warning: In design 'GCN', three-state bus 'transtop/scrth_pad_mem[75][3]' has non three-state driver 'transtop/sp/memory_reg[75][3]/Q'. (LINT-34)
Warning: In design 'GCN', three-state bus 'transtop/scrth_pad_mem[75][4]' has non three-state driver 'transtop/sp/memory_reg[75][4]/Q'. (LINT-34)
Warning: In design 'GCN', three-state bus 'transtop/scrth_pad_mem[74][0]' has non three-state driver 'transtop/sp/memory_reg[74][0]/Q'. (LINT-34)
Warning: In design 'GCN', three-state bus 'transtop/scrth_pad_mem[74][1]' has non three-state driver 'transtop/sp/memory_reg[74][1]/Q'. (LINT-34)
Warning: In design 'GCN', three-state bus 'transtop/scrth_pad_mem[74][2]' has non three-state driver 'transtop/sp/memory_reg[74][2]/Q'. (LINT-34)
Warning: In design 'GCN', three-state bus 'transtop/scrth_pad_mem[74][3]' has non three-state driver 'transtop/sp/memory_reg[74][3]/Q'. (LINT-34)
Warning: In design 'GCN', three-state bus 'transtop/scrth_pad_mem[74][4]' has non three-state driver 'transtop/sp/memory_reg[74][4]/Q'. (LINT-34)
Warning: In design 'GCN', three-state bus 'transtop/scrth_pad_mem[73][0]' has non three-state driver 'transtop/sp/memory_reg[73][0]/Q'. (LINT-34)
Warning: In design 'GCN', three-state bus 'transtop/scrth_pad_mem[73][1]' has non three-state driver 'transtop/sp/memory_reg[73][1]/Q'. (LINT-34)
Warning: In design 'GCN', three-state bus 'transtop/scrth_pad_mem[73][2]' has non three-state driver 'transtop/sp/memory_reg[73][2]/Q'. (LINT-34)
Warning: In design 'GCN', three-state bus 'transtop/scrth_pad_mem[73][3]' has non three-state driver 'transtop/sp/memory_reg[73][3]/Q'. (LINT-34)
Warning: In design 'GCN', three-state bus 'transtop/scrth_pad_mem[73][4]' has non three-state driver 'transtop/sp/memory_reg[73][4]/Q'. (LINT-34)
Warning: In design 'GCN', three-state bus 'transtop/scrth_pad_mem[72][0]' has non three-state driver 'transtop/sp/memory_reg[72][0]/Q'. (LINT-34)
Warning: In design 'GCN', three-state bus 'transtop/scrth_pad_mem[72][1]' has non three-state driver 'transtop/sp/memory_reg[72][1]/Q'. (LINT-34)
Warning: In design 'GCN', three-state bus 'transtop/scrth_pad_mem[72][2]' has non three-state driver 'transtop/sp/memory_reg[72][2]/Q'. (LINT-34)
Warning: In design 'GCN', three-state bus 'transtop/scrth_pad_mem[72][3]' has non three-state driver 'transtop/sp/memory_reg[72][3]/Q'. (LINT-34)
Warning: In design 'GCN', three-state bus 'transtop/scrth_pad_mem[72][4]' has non three-state driver 'transtop/sp/memory_reg[72][4]/Q'. (LINT-34)
Warning: In design 'GCN', three-state bus 'transtop/scrth_pad_mem[71][0]' has non three-state driver 'transtop/sp/memory_reg[71][0]/Q'. (LINT-34)
Warning: In design 'GCN', three-state bus 'transtop/scrth_pad_mem[71][1]' has non three-state driver 'transtop/sp/memory_reg[71][1]/Q'. (LINT-34)
Warning: In design 'GCN', three-state bus 'transtop/scrth_pad_mem[71][2]' has non three-state driver 'transtop/sp/memory_reg[71][2]/Q'. (LINT-34)
Warning: In design 'GCN', three-state bus 'transtop/scrth_pad_mem[71][3]' has non three-state driver 'transtop/sp/memory_reg[71][3]/Q'. (LINT-34)
Warning: In design 'GCN', three-state bus 'transtop/scrth_pad_mem[71][4]' has non three-state driver 'transtop/sp/memory_reg[71][4]/Q'. (LINT-34)
Warning: In design 'GCN', three-state bus 'transtop/scrth_pad_mem[70][0]' has non three-state driver 'transtop/sp/memory_reg[70][0]/Q'. (LINT-34)
Warning: In design 'GCN', three-state bus 'transtop/scrth_pad_mem[70][1]' has non three-state driver 'transtop/sp/memory_reg[70][1]/Q'. (LINT-34)
Warning: In design 'GCN', three-state bus 'transtop/scrth_pad_mem[70][2]' has non three-state driver 'transtop/sp/memory_reg[70][2]/Q'. (LINT-34)
Warning: In design 'GCN', three-state bus 'transtop/scrth_pad_mem[70][3]' has non three-state driver 'transtop/sp/memory_reg[70][3]/Q'. (LINT-34)
Warning: In design 'GCN', three-state bus 'transtop/scrth_pad_mem[70][4]' has non three-state driver 'transtop/sp/memory_reg[70][4]/Q'. (LINT-34)
Warning: In design 'GCN', three-state bus 'transtop/scrth_pad_mem[69][0]' has non three-state driver 'transtop/sp/memory_reg[69][0]/Q'. (LINT-34)
Warning: In design 'GCN', three-state bus 'transtop/scrth_pad_mem[69][1]' has non three-state driver 'transtop/sp/memory_reg[69][1]/Q'. (LINT-34)
Warning: In design 'GCN', three-state bus 'transtop/scrth_pad_mem[69][2]' has non three-state driver 'transtop/sp/memory_reg[69][2]/Q'. (LINT-34)
Warning: In design 'GCN', three-state bus 'transtop/scrth_pad_mem[69][3]' has non three-state driver 'transtop/sp/memory_reg[69][3]/Q'. (LINT-34)
Warning: In design 'GCN', three-state bus 'transtop/scrth_pad_mem[69][4]' has non three-state driver 'transtop/sp/memory_reg[69][4]/Q'. (LINT-34)
Warning: In design 'GCN', three-state bus 'transtop/scrth_pad_mem[68][0]' has non three-state driver 'transtop/sp/memory_reg[68][0]/Q'. (LINT-34)
Warning: In design 'GCN', three-state bus 'transtop/scrth_pad_mem[68][1]' has non three-state driver 'transtop/sp/memory_reg[68][1]/Q'. (LINT-34)
Warning: In design 'GCN', three-state bus 'transtop/scrth_pad_mem[68][2]' has non three-state driver 'transtop/sp/memory_reg[68][2]/Q'. (LINT-34)
Warning: In design 'GCN', three-state bus 'transtop/scrth_pad_mem[68][3]' has non three-state driver 'transtop/sp/memory_reg[68][3]/Q'. (LINT-34)
Warning: In design 'GCN', three-state bus 'transtop/scrth_pad_mem[68][4]' has non three-state driver 'transtop/sp/memory_reg[68][4]/Q'. (LINT-34)
Warning: In design 'GCN', three-state bus 'transtop/scrth_pad_mem[67][0]' has non three-state driver 'transtop/sp/memory_reg[67][0]/Q'. (LINT-34)
Warning: In design 'GCN', three-state bus 'transtop/scrth_pad_mem[67][1]' has non three-state driver 'transtop/sp/memory_reg[67][1]/Q'. (LINT-34)
Warning: In design 'GCN', three-state bus 'transtop/scrth_pad_mem[67][2]' has non three-state driver 'transtop/sp/memory_reg[67][2]/Q'. (LINT-34)
Warning: In design 'GCN', three-state bus 'transtop/scrth_pad_mem[67][3]' has non three-state driver 'transtop/sp/memory_reg[67][3]/Q'. (LINT-34)
Warning: In design 'GCN', three-state bus 'transtop/scrth_pad_mem[67][4]' has non three-state driver 'transtop/sp/memory_reg[67][4]/Q'. (LINT-34)
Warning: In design 'GCN', three-state bus 'transtop/scrth_pad_mem[66][0]' has non three-state driver 'transtop/sp/memory_reg[66][0]/Q'. (LINT-34)
Warning: In design 'GCN', three-state bus 'transtop/scrth_pad_mem[66][1]' has non three-state driver 'transtop/sp/memory_reg[66][1]/Q'. (LINT-34)
Warning: In design 'GCN', three-state bus 'transtop/scrth_pad_mem[66][2]' has non three-state driver 'transtop/sp/memory_reg[66][2]/Q'. (LINT-34)
Warning: In design 'GCN', three-state bus 'transtop/scrth_pad_mem[66][3]' has non three-state driver 'transtop/sp/memory_reg[66][3]/Q'. (LINT-34)
Warning: In design 'GCN', three-state bus 'transtop/scrth_pad_mem[66][4]' has non three-state driver 'transtop/sp/memory_reg[66][4]/Q'. (LINT-34)
Warning: In design 'GCN', three-state bus 'transtop/scrth_pad_mem[65][0]' has non three-state driver 'transtop/sp/memory_reg[65][0]/Q'. (LINT-34)
Warning: In design 'GCN', three-state bus 'transtop/scrth_pad_mem[65][1]' has non three-state driver 'transtop/sp/memory_reg[65][1]/Q'. (LINT-34)
Warning: In design 'GCN', three-state bus 'transtop/scrth_pad_mem[65][2]' has non three-state driver 'transtop/sp/memory_reg[65][2]/Q'. (LINT-34)
Warning: In design 'GCN', three-state bus 'transtop/scrth_pad_mem[65][3]' has non three-state driver 'transtop/sp/memory_reg[65][3]/Q'. (LINT-34)
Warning: In design 'GCN', three-state bus 'transtop/scrth_pad_mem[65][4]' has non three-state driver 'transtop/sp/memory_reg[65][4]/Q'. (LINT-34)
Warning: In design 'GCN', three-state bus 'transtop/scrth_pad_mem[64][0]' has non three-state driver 'transtop/sp/memory_reg[64][0]/Q'. (LINT-34)
Warning: In design 'GCN', three-state bus 'transtop/scrth_pad_mem[64][1]' has non three-state driver 'transtop/sp/memory_reg[64][1]/Q'. (LINT-34)
Warning: In design 'GCN', three-state bus 'transtop/scrth_pad_mem[64][2]' has non three-state driver 'transtop/sp/memory_reg[64][2]/Q'. (LINT-34)
Warning: In design 'GCN', three-state bus 'transtop/scrth_pad_mem[64][3]' has non three-state driver 'transtop/sp/memory_reg[64][3]/Q'. (LINT-34)
Warning: In design 'GCN', three-state bus 'transtop/scrth_pad_mem[64][4]' has non three-state driver 'transtop/sp/memory_reg[64][4]/Q'. (LINT-34)
Warning: In design 'GCN', three-state bus 'transtop/scrth_pad_mem[63][0]' has non three-state driver 'transtop/sp/memory_reg[63][0]/Q'. (LINT-34)
Warning: In design 'GCN', three-state bus 'transtop/scrth_pad_mem[63][1]' has non three-state driver 'transtop/sp/memory_reg[63][1]/Q'. (LINT-34)
Warning: In design 'GCN', three-state bus 'transtop/scrth_pad_mem[63][2]' has non three-state driver 'transtop/sp/memory_reg[63][2]/Q'. (LINT-34)
Warning: In design 'GCN', three-state bus 'transtop/scrth_pad_mem[63][3]' has non three-state driver 'transtop/sp/memory_reg[63][3]/Q'. (LINT-34)
Warning: In design 'GCN', three-state bus 'transtop/scrth_pad_mem[63][4]' has non three-state driver 'transtop/sp/memory_reg[63][4]/Q'. (LINT-34)
Warning: In design 'GCN', three-state bus 'transtop/scrth_pad_mem[62][0]' has non three-state driver 'transtop/sp/memory_reg[62][0]/Q'. (LINT-34)
Warning: In design 'GCN', three-state bus 'transtop/scrth_pad_mem[62][1]' has non three-state driver 'transtop/sp/memory_reg[62][1]/Q'. (LINT-34)
Warning: In design 'GCN', three-state bus 'transtop/scrth_pad_mem[62][2]' has non three-state driver 'transtop/sp/memory_reg[62][2]/Q'. (LINT-34)
Warning: In design 'GCN', three-state bus 'transtop/scrth_pad_mem[62][3]' has non three-state driver 'transtop/sp/memory_reg[62][3]/Q'. (LINT-34)
Warning: In design 'GCN', three-state bus 'transtop/scrth_pad_mem[62][4]' has non three-state driver 'transtop/sp/memory_reg[62][4]/Q'. (LINT-34)
Warning: In design 'GCN', three-state bus 'transtop/scrth_pad_mem[61][0]' has non three-state driver 'transtop/sp/memory_reg[61][0]/Q'. (LINT-34)
Warning: In design 'GCN', three-state bus 'transtop/scrth_pad_mem[61][1]' has non three-state driver 'transtop/sp/memory_reg[61][1]/Q'. (LINT-34)
Warning: In design 'GCN', three-state bus 'transtop/scrth_pad_mem[61][2]' has non three-state driver 'transtop/sp/memory_reg[61][2]/Q'. (LINT-34)
Warning: In design 'GCN', three-state bus 'transtop/scrth_pad_mem[61][3]' has non three-state driver 'transtop/sp/memory_reg[61][3]/Q'. (LINT-34)
Warning: In design 'GCN', three-state bus 'transtop/scrth_pad_mem[61][4]' has non three-state driver 'transtop/sp/memory_reg[61][4]/Q'. (LINT-34)
Warning: In design 'GCN', three-state bus 'transtop/scrth_pad_mem[60][0]' has non three-state driver 'transtop/sp/memory_reg[60][0]/Q'. (LINT-34)
Warning: In design 'GCN', three-state bus 'transtop/scrth_pad_mem[60][1]' has non three-state driver 'transtop/sp/memory_reg[60][1]/Q'. (LINT-34)
Warning: In design 'GCN', three-state bus 'transtop/scrth_pad_mem[60][2]' has non three-state driver 'transtop/sp/memory_reg[60][2]/Q'. (LINT-34)
Warning: In design 'GCN', three-state bus 'transtop/scrth_pad_mem[60][3]' has non three-state driver 'transtop/sp/memory_reg[60][3]/Q'. (LINT-34)
Warning: In design 'GCN', three-state bus 'transtop/scrth_pad_mem[60][4]' has non three-state driver 'transtop/sp/memory_reg[60][4]/Q'. (LINT-34)
Warning: In design 'GCN', three-state bus 'transtop/scrth_pad_mem[59][0]' has non three-state driver 'transtop/sp/memory_reg[59][0]/Q'. (LINT-34)
Warning: In design 'GCN', three-state bus 'transtop/scrth_pad_mem[59][1]' has non three-state driver 'transtop/sp/memory_reg[59][1]/Q'. (LINT-34)
Warning: In design 'GCN', three-state bus 'transtop/scrth_pad_mem[59][2]' has non three-state driver 'transtop/sp/memory_reg[59][2]/Q'. (LINT-34)
Warning: In design 'GCN', three-state bus 'transtop/scrth_pad_mem[59][3]' has non three-state driver 'transtop/sp/memory_reg[59][3]/Q'. (LINT-34)
Warning: In design 'GCN', three-state bus 'transtop/scrth_pad_mem[59][4]' has non three-state driver 'transtop/sp/memory_reg[59][4]/Q'. (LINT-34)
Warning: In design 'GCN', three-state bus 'transtop/scrth_pad_mem[58][0]' has non three-state driver 'transtop/sp/memory_reg[58][0]/Q'. (LINT-34)
Warning: In design 'GCN', three-state bus 'transtop/scrth_pad_mem[58][1]' has non three-state driver 'transtop/sp/memory_reg[58][1]/Q'. (LINT-34)
Warning: In design 'GCN', three-state bus 'transtop/scrth_pad_mem[58][2]' has non three-state driver 'transtop/sp/memory_reg[58][2]/Q'. (LINT-34)
Warning: In design 'GCN', three-state bus 'transtop/scrth_pad_mem[58][3]' has non three-state driver 'transtop/sp/memory_reg[58][3]/Q'. (LINT-34)
Warning: In design 'GCN', three-state bus 'transtop/scrth_pad_mem[58][4]' has non three-state driver 'transtop/sp/memory_reg[58][4]/Q'. (LINT-34)
Warning: In design 'GCN', three-state bus 'transtop/scrth_pad_mem[57][0]' has non three-state driver 'transtop/sp/memory_reg[57][0]/Q'. (LINT-34)
Warning: In design 'GCN', three-state bus 'transtop/scrth_pad_mem[57][1]' has non three-state driver 'transtop/sp/memory_reg[57][1]/Q'. (LINT-34)
Warning: In design 'GCN', three-state bus 'transtop/scrth_pad_mem[57][2]' has non three-state driver 'transtop/sp/memory_reg[57][2]/Q'. (LINT-34)
Warning: In design 'GCN', three-state bus 'transtop/scrth_pad_mem[57][3]' has non three-state driver 'transtop/sp/memory_reg[57][3]/Q'. (LINT-34)
Warning: In design 'GCN', three-state bus 'transtop/scrth_pad_mem[57][4]' has non three-state driver 'transtop/sp/memory_reg[57][4]/Q'. (LINT-34)
Warning: In design 'GCN', three-state bus 'transtop/scrth_pad_mem[56][0]' has non three-state driver 'transtop/sp/memory_reg[56][0]/Q'. (LINT-34)
Warning: In design 'GCN', three-state bus 'transtop/scrth_pad_mem[56][1]' has non three-state driver 'transtop/sp/memory_reg[56][1]/Q'. (LINT-34)
Warning: In design 'GCN', three-state bus 'transtop/scrth_pad_mem[56][2]' has non three-state driver 'transtop/sp/memory_reg[56][2]/Q'. (LINT-34)
Warning: In design 'GCN', three-state bus 'transtop/scrth_pad_mem[56][3]' has non three-state driver 'transtop/sp/memory_reg[56][3]/Q'. (LINT-34)
Warning: In design 'GCN', three-state bus 'transtop/scrth_pad_mem[56][4]' has non three-state driver 'transtop/sp/memory_reg[56][4]/Q'. (LINT-34)
Warning: In design 'GCN', three-state bus 'transtop/scrth_pad_mem[55][0]' has non three-state driver 'transtop/sp/memory_reg[55][0]/Q'. (LINT-34)
Warning: In design 'GCN', three-state bus 'transtop/scrth_pad_mem[55][1]' has non three-state driver 'transtop/sp/memory_reg[55][1]/Q'. (LINT-34)
Warning: In design 'GCN', three-state bus 'transtop/scrth_pad_mem[55][2]' has non three-state driver 'transtop/sp/memory_reg[55][2]/Q'. (LINT-34)
Warning: In design 'GCN', three-state bus 'transtop/scrth_pad_mem[55][3]' has non three-state driver 'transtop/sp/memory_reg[55][3]/Q'. (LINT-34)
Warning: In design 'GCN', three-state bus 'transtop/scrth_pad_mem[55][4]' has non three-state driver 'transtop/sp/memory_reg[55][4]/Q'. (LINT-34)
Warning: In design 'GCN', three-state bus 'transtop/scrth_pad_mem[54][0]' has non three-state driver 'transtop/sp/memory_reg[54][0]/Q'. (LINT-34)
Warning: In design 'GCN', three-state bus 'transtop/scrth_pad_mem[54][1]' has non three-state driver 'transtop/sp/memory_reg[54][1]/Q'. (LINT-34)
Warning: In design 'GCN', three-state bus 'transtop/scrth_pad_mem[54][2]' has non three-state driver 'transtop/sp/memory_reg[54][2]/Q'. (LINT-34)
Warning: In design 'GCN', three-state bus 'transtop/scrth_pad_mem[54][3]' has non three-state driver 'transtop/sp/memory_reg[54][3]/Q'. (LINT-34)
Warning: In design 'GCN', three-state bus 'transtop/scrth_pad_mem[54][4]' has non three-state driver 'transtop/sp/memory_reg[54][4]/Q'. (LINT-34)
Warning: In design 'GCN', three-state bus 'transtop/scrth_pad_mem[53][0]' has non three-state driver 'transtop/sp/memory_reg[53][0]/Q'. (LINT-34)
Warning: In design 'GCN', three-state bus 'transtop/scrth_pad_mem[53][1]' has non three-state driver 'transtop/sp/memory_reg[53][1]/Q'. (LINT-34)
Warning: In design 'GCN', three-state bus 'transtop/scrth_pad_mem[53][2]' has non three-state driver 'transtop/sp/memory_reg[53][2]/Q'. (LINT-34)
Warning: In design 'GCN', three-state bus 'transtop/scrth_pad_mem[53][3]' has non three-state driver 'transtop/sp/memory_reg[53][3]/Q'. (LINT-34)
Warning: In design 'GCN', three-state bus 'transtop/scrth_pad_mem[53][4]' has non three-state driver 'transtop/sp/memory_reg[53][4]/Q'. (LINT-34)
Warning: In design 'GCN', three-state bus 'transtop/scrth_pad_mem[52][0]' has non three-state driver 'transtop/sp/memory_reg[52][0]/Q'. (LINT-34)
Warning: In design 'GCN', three-state bus 'transtop/scrth_pad_mem[52][1]' has non three-state driver 'transtop/sp/memory_reg[52][1]/Q'. (LINT-34)
Warning: In design 'GCN', three-state bus 'transtop/scrth_pad_mem[52][2]' has non three-state driver 'transtop/sp/memory_reg[52][2]/Q'. (LINT-34)
Warning: In design 'GCN', three-state bus 'transtop/scrth_pad_mem[52][3]' has non three-state driver 'transtop/sp/memory_reg[52][3]/Q'. (LINT-34)
Warning: In design 'GCN', three-state bus 'transtop/scrth_pad_mem[52][4]' has non three-state driver 'transtop/sp/memory_reg[52][4]/Q'. (LINT-34)
Warning: In design 'GCN', three-state bus 'transtop/scrth_pad_mem[51][0]' has non three-state driver 'transtop/sp/memory_reg[51][0]/Q'. (LINT-34)
Warning: In design 'GCN', three-state bus 'transtop/scrth_pad_mem[51][1]' has non three-state driver 'transtop/sp/memory_reg[51][1]/Q'. (LINT-34)
Warning: In design 'GCN', three-state bus 'transtop/scrth_pad_mem[51][2]' has non three-state driver 'transtop/sp/memory_reg[51][2]/Q'. (LINT-34)
Warning: In design 'GCN', three-state bus 'transtop/scrth_pad_mem[51][3]' has non three-state driver 'transtop/sp/memory_reg[51][3]/Q'. (LINT-34)
Warning: In design 'GCN', three-state bus 'transtop/scrth_pad_mem[51][4]' has non three-state driver 'transtop/sp/memory_reg[51][4]/Q'. (LINT-34)
Warning: In design 'GCN', three-state bus 'transtop/scrth_pad_mem[50][0]' has non three-state driver 'transtop/sp/memory_reg[50][0]/Q'. (LINT-34)
Warning: In design 'GCN', three-state bus 'transtop/scrth_pad_mem[50][1]' has non three-state driver 'transtop/sp/memory_reg[50][1]/Q'. (LINT-34)
Warning: In design 'GCN', three-state bus 'transtop/scrth_pad_mem[50][2]' has non three-state driver 'transtop/sp/memory_reg[50][2]/Q'. (LINT-34)
Warning: In design 'GCN', three-state bus 'transtop/scrth_pad_mem[50][3]' has non three-state driver 'transtop/sp/memory_reg[50][3]/Q'. (LINT-34)
Warning: In design 'GCN', three-state bus 'transtop/scrth_pad_mem[50][4]' has non three-state driver 'transtop/sp/memory_reg[50][4]/Q'. (LINT-34)
Warning: In design 'GCN', three-state bus 'transtop/scrth_pad_mem[49][0]' has non three-state driver 'transtop/sp/memory_reg[49][0]/Q'. (LINT-34)
Warning: In design 'GCN', three-state bus 'transtop/scrth_pad_mem[49][1]' has non three-state driver 'transtop/sp/memory_reg[49][1]/Q'. (LINT-34)
Warning: In design 'GCN', three-state bus 'transtop/scrth_pad_mem[49][2]' has non three-state driver 'transtop/sp/memory_reg[49][2]/Q'. (LINT-34)
Warning: In design 'GCN', three-state bus 'transtop/scrth_pad_mem[49][3]' has non three-state driver 'transtop/sp/memory_reg[49][3]/Q'. (LINT-34)
Warning: In design 'GCN', three-state bus 'transtop/scrth_pad_mem[49][4]' has non three-state driver 'transtop/sp/memory_reg[49][4]/Q'. (LINT-34)
Warning: In design 'GCN', three-state bus 'transtop/scrth_pad_mem[48][0]' has non three-state driver 'transtop/sp/memory_reg[48][0]/Q'. (LINT-34)
Warning: In design 'GCN', three-state bus 'transtop/scrth_pad_mem[48][1]' has non three-state driver 'transtop/sp/memory_reg[48][1]/Q'. (LINT-34)
Warning: In design 'GCN', three-state bus 'transtop/scrth_pad_mem[48][2]' has non three-state driver 'transtop/sp/memory_reg[48][2]/Q'. (LINT-34)
Warning: In design 'GCN', three-state bus 'transtop/scrth_pad_mem[48][3]' has non three-state driver 'transtop/sp/memory_reg[48][3]/Q'. (LINT-34)
Warning: In design 'GCN', three-state bus 'transtop/scrth_pad_mem[48][4]' has non three-state driver 'transtop/sp/memory_reg[48][4]/Q'. (LINT-34)
Warning: In design 'GCN', three-state bus 'transtop/scrth_pad_mem[47][0]' has non three-state driver 'transtop/sp/memory_reg[47][0]/Q'. (LINT-34)
Warning: In design 'GCN', three-state bus 'transtop/scrth_pad_mem[47][1]' has non three-state driver 'transtop/sp/memory_reg[47][1]/Q'. (LINT-34)
Warning: In design 'GCN', three-state bus 'transtop/scrth_pad_mem[47][2]' has non three-state driver 'transtop/sp/memory_reg[47][2]/Q'. (LINT-34)
Warning: In design 'GCN', three-state bus 'transtop/scrth_pad_mem[47][3]' has non three-state driver 'transtop/sp/memory_reg[47][3]/Q'. (LINT-34)
Warning: In design 'GCN', three-state bus 'transtop/scrth_pad_mem[47][4]' has non three-state driver 'transtop/sp/memory_reg[47][4]/Q'. (LINT-34)
Warning: In design 'GCN', three-state bus 'transtop/scrth_pad_mem[46][0]' has non three-state driver 'transtop/sp/memory_reg[46][0]/Q'. (LINT-34)
Warning: In design 'GCN', three-state bus 'transtop/scrth_pad_mem[46][1]' has non three-state driver 'transtop/sp/memory_reg[46][1]/Q'. (LINT-34)
Warning: In design 'GCN', three-state bus 'transtop/scrth_pad_mem[46][2]' has non three-state driver 'transtop/sp/memory_reg[46][2]/Q'. (LINT-34)
Warning: In design 'GCN', three-state bus 'transtop/scrth_pad_mem[46][3]' has non three-state driver 'transtop/sp/memory_reg[46][3]/Q'. (LINT-34)
Warning: In design 'GCN', three-state bus 'transtop/scrth_pad_mem[46][4]' has non three-state driver 'transtop/sp/memory_reg[46][4]/Q'. (LINT-34)
Warning: In design 'GCN', three-state bus 'transtop/scrth_pad_mem[45][0]' has non three-state driver 'transtop/sp/memory_reg[45][0]/Q'. (LINT-34)
Warning: In design 'GCN', three-state bus 'transtop/scrth_pad_mem[45][1]' has non three-state driver 'transtop/sp/memory_reg[45][1]/Q'. (LINT-34)
Warning: In design 'GCN', three-state bus 'transtop/scrth_pad_mem[45][2]' has non three-state driver 'transtop/sp/memory_reg[45][2]/Q'. (LINT-34)
Warning: In design 'GCN', three-state bus 'transtop/scrth_pad_mem[45][3]' has non three-state driver 'transtop/sp/memory_reg[45][3]/Q'. (LINT-34)
Warning: In design 'GCN', three-state bus 'transtop/scrth_pad_mem[45][4]' has non three-state driver 'transtop/sp/memory_reg[45][4]/Q'. (LINT-34)
Warning: In design 'GCN', three-state bus 'transtop/scrth_pad_mem[44][0]' has non three-state driver 'transtop/sp/memory_reg[44][0]/Q'. (LINT-34)
Warning: In design 'GCN', three-state bus 'transtop/scrth_pad_mem[44][1]' has non three-state driver 'transtop/sp/memory_reg[44][1]/Q'. (LINT-34)
Warning: In design 'GCN', three-state bus 'transtop/scrth_pad_mem[44][2]' has non three-state driver 'transtop/sp/memory_reg[44][2]/Q'. (LINT-34)
Warning: In design 'GCN', three-state bus 'transtop/scrth_pad_mem[44][3]' has non three-state driver 'transtop/sp/memory_reg[44][3]/Q'. (LINT-34)
Warning: In design 'GCN', three-state bus 'transtop/scrth_pad_mem[44][4]' has non three-state driver 'transtop/sp/memory_reg[44][4]/Q'. (LINT-34)
Warning: In design 'GCN', three-state bus 'transtop/scrth_pad_mem[43][0]' has non three-state driver 'transtop/sp/memory_reg[43][0]/Q'. (LINT-34)
Warning: In design 'GCN', three-state bus 'transtop/scrth_pad_mem[43][1]' has non three-state driver 'transtop/sp/memory_reg[43][1]/Q'. (LINT-34)
Warning: In design 'GCN', three-state bus 'transtop/scrth_pad_mem[43][2]' has non three-state driver 'transtop/sp/memory_reg[43][2]/Q'. (LINT-34)
Warning: In design 'GCN', three-state bus 'transtop/scrth_pad_mem[43][3]' has non three-state driver 'transtop/sp/memory_reg[43][3]/Q'. (LINT-34)
Warning: In design 'GCN', three-state bus 'transtop/scrth_pad_mem[43][4]' has non three-state driver 'transtop/sp/memory_reg[43][4]/Q'. (LINT-34)
Warning: In design 'GCN', three-state bus 'transtop/scrth_pad_mem[42][0]' has non three-state driver 'transtop/sp/memory_reg[42][0]/Q'. (LINT-34)
Warning: In design 'GCN', three-state bus 'transtop/scrth_pad_mem[42][1]' has non three-state driver 'transtop/sp/memory_reg[42][1]/Q'. (LINT-34)
Warning: In design 'GCN', three-state bus 'transtop/scrth_pad_mem[42][2]' has non three-state driver 'transtop/sp/memory_reg[42][2]/Q'. (LINT-34)
Warning: In design 'GCN', three-state bus 'transtop/scrth_pad_mem[42][3]' has non three-state driver 'transtop/sp/memory_reg[42][3]/Q'. (LINT-34)
Warning: In design 'GCN', three-state bus 'transtop/scrth_pad_mem[42][4]' has non three-state driver 'transtop/sp/memory_reg[42][4]/Q'. (LINT-34)
Warning: In design 'GCN', three-state bus 'transtop/scrth_pad_mem[41][0]' has non three-state driver 'transtop/sp/memory_reg[41][0]/Q'. (LINT-34)
Warning: In design 'GCN', three-state bus 'transtop/scrth_pad_mem[41][1]' has non three-state driver 'transtop/sp/memory_reg[41][1]/Q'. (LINT-34)
Warning: In design 'GCN', three-state bus 'transtop/scrth_pad_mem[41][2]' has non three-state driver 'transtop/sp/memory_reg[41][2]/Q'. (LINT-34)
Warning: In design 'GCN', three-state bus 'transtop/scrth_pad_mem[41][3]' has non three-state driver 'transtop/sp/memory_reg[41][3]/Q'. (LINT-34)
Warning: In design 'GCN', three-state bus 'transtop/scrth_pad_mem[41][4]' has non three-state driver 'transtop/sp/memory_reg[41][4]/Q'. (LINT-34)
Warning: In design 'GCN', three-state bus 'transtop/scrth_pad_mem[40][0]' has non three-state driver 'transtop/sp/memory_reg[40][0]/Q'. (LINT-34)
Warning: In design 'GCN', three-state bus 'transtop/scrth_pad_mem[40][1]' has non three-state driver 'transtop/sp/memory_reg[40][1]/Q'. (LINT-34)
Warning: In design 'GCN', three-state bus 'transtop/scrth_pad_mem[40][2]' has non three-state driver 'transtop/sp/memory_reg[40][2]/Q'. (LINT-34)
Warning: In design 'GCN', three-state bus 'transtop/scrth_pad_mem[40][3]' has non three-state driver 'transtop/sp/memory_reg[40][3]/Q'. (LINT-34)
Warning: In design 'GCN', three-state bus 'transtop/scrth_pad_mem[40][4]' has non three-state driver 'transtop/sp/memory_reg[40][4]/Q'. (LINT-34)
Warning: In design 'GCN', three-state bus 'transtop/scrth_pad_mem[39][0]' has non three-state driver 'transtop/sp/memory_reg[39][0]/Q'. (LINT-34)
Warning: In design 'GCN', three-state bus 'transtop/scrth_pad_mem[39][1]' has non three-state driver 'transtop/sp/memory_reg[39][1]/Q'. (LINT-34)
Warning: In design 'GCN', three-state bus 'transtop/scrth_pad_mem[39][2]' has non three-state driver 'transtop/sp/memory_reg[39][2]/Q'. (LINT-34)
Warning: In design 'GCN', three-state bus 'transtop/scrth_pad_mem[39][3]' has non three-state driver 'transtop/sp/memory_reg[39][3]/Q'. (LINT-34)
Warning: In design 'GCN', three-state bus 'transtop/scrth_pad_mem[39][4]' has non three-state driver 'transtop/sp/memory_reg[39][4]/Q'. (LINT-34)
Warning: In design 'GCN', three-state bus 'transtop/scrth_pad_mem[38][0]' has non three-state driver 'transtop/sp/memory_reg[38][0]/Q'. (LINT-34)
Warning: In design 'GCN', three-state bus 'transtop/scrth_pad_mem[38][1]' has non three-state driver 'transtop/sp/memory_reg[38][1]/Q'. (LINT-34)
Warning: In design 'GCN', three-state bus 'transtop/scrth_pad_mem[38][2]' has non three-state driver 'transtop/sp/memory_reg[38][2]/Q'. (LINT-34)
Warning: In design 'GCN', three-state bus 'transtop/scrth_pad_mem[38][3]' has non three-state driver 'transtop/sp/memory_reg[38][3]/Q'. (LINT-34)
Warning: In design 'GCN', three-state bus 'transtop/scrth_pad_mem[38][4]' has non three-state driver 'transtop/sp/memory_reg[38][4]/Q'. (LINT-34)
Warning: In design 'GCN', three-state bus 'transtop/scrth_pad_mem[37][0]' has non three-state driver 'transtop/sp/memory_reg[37][0]/Q'. (LINT-34)
Warning: In design 'GCN', three-state bus 'transtop/scrth_pad_mem[37][1]' has non three-state driver 'transtop/sp/memory_reg[37][1]/Q'. (LINT-34)
Warning: In design 'GCN', three-state bus 'transtop/scrth_pad_mem[37][2]' has non three-state driver 'transtop/sp/memory_reg[37][2]/Q'. (LINT-34)
Warning: In design 'GCN', three-state bus 'transtop/scrth_pad_mem[37][3]' has non three-state driver 'transtop/sp/memory_reg[37][3]/Q'. (LINT-34)
Warning: In design 'GCN', three-state bus 'transtop/scrth_pad_mem[37][4]' has non three-state driver 'transtop/sp/memory_reg[37][4]/Q'. (LINT-34)
Warning: In design 'GCN', three-state bus 'transtop/scrth_pad_mem[36][0]' has non three-state driver 'transtop/sp/memory_reg[36][0]/Q'. (LINT-34)
Warning: In design 'GCN', three-state bus 'transtop/scrth_pad_mem[36][1]' has non three-state driver 'transtop/sp/memory_reg[36][1]/Q'. (LINT-34)
Warning: In design 'GCN', three-state bus 'transtop/scrth_pad_mem[36][2]' has non three-state driver 'transtop/sp/memory_reg[36][2]/Q'. (LINT-34)
Warning: In design 'GCN', three-state bus 'transtop/scrth_pad_mem[36][3]' has non three-state driver 'transtop/sp/memory_reg[36][3]/Q'. (LINT-34)
Warning: In design 'GCN', three-state bus 'transtop/scrth_pad_mem[36][4]' has non three-state driver 'transtop/sp/memory_reg[36][4]/Q'. (LINT-34)
Warning: In design 'GCN', three-state bus 'transtop/scrth_pad_mem[35][0]' has non three-state driver 'transtop/sp/memory_reg[35][0]/Q'. (LINT-34)
Warning: In design 'GCN', three-state bus 'transtop/scrth_pad_mem[35][1]' has non three-state driver 'transtop/sp/memory_reg[35][1]/Q'. (LINT-34)
Warning: In design 'GCN', three-state bus 'transtop/scrth_pad_mem[35][2]' has non three-state driver 'transtop/sp/memory_reg[35][2]/Q'. (LINT-34)
Warning: In design 'GCN', three-state bus 'transtop/scrth_pad_mem[35][3]' has non three-state driver 'transtop/sp/memory_reg[35][3]/Q'. (LINT-34)
Warning: In design 'GCN', three-state bus 'transtop/scrth_pad_mem[35][4]' has non three-state driver 'transtop/sp/memory_reg[35][4]/Q'. (LINT-34)
Warning: In design 'GCN', three-state bus 'transtop/scrth_pad_mem[34][0]' has non three-state driver 'transtop/sp/memory_reg[34][0]/Q'. (LINT-34)
Warning: In design 'GCN', three-state bus 'transtop/scrth_pad_mem[34][1]' has non three-state driver 'transtop/sp/memory_reg[34][1]/Q'. (LINT-34)
Warning: In design 'GCN', three-state bus 'transtop/scrth_pad_mem[34][2]' has non three-state driver 'transtop/sp/memory_reg[34][2]/Q'. (LINT-34)
Warning: In design 'GCN', three-state bus 'transtop/scrth_pad_mem[34][3]' has non three-state driver 'transtop/sp/memory_reg[34][3]/Q'. (LINT-34)
Warning: In design 'GCN', three-state bus 'transtop/scrth_pad_mem[34][4]' has non three-state driver 'transtop/sp/memory_reg[34][4]/Q'. (LINT-34)
Warning: In design 'GCN', three-state bus 'transtop/scrth_pad_mem[33][0]' has non three-state driver 'transtop/sp/memory_reg[33][0]/Q'. (LINT-34)
Warning: In design 'GCN', three-state bus 'transtop/scrth_pad_mem[33][1]' has non three-state driver 'transtop/sp/memory_reg[33][1]/Q'. (LINT-34)
Warning: In design 'GCN', three-state bus 'transtop/scrth_pad_mem[33][2]' has non three-state driver 'transtop/sp/memory_reg[33][2]/Q'. (LINT-34)
Warning: In design 'GCN', three-state bus 'transtop/scrth_pad_mem[33][3]' has non three-state driver 'transtop/sp/memory_reg[33][3]/Q'. (LINT-34)
Warning: In design 'GCN', three-state bus 'transtop/scrth_pad_mem[33][4]' has non three-state driver 'transtop/sp/memory_reg[33][4]/Q'. (LINT-34)
Warning: In design 'GCN', three-state bus 'transtop/scrth_pad_mem[32][0]' has non three-state driver 'transtop/sp/memory_reg[32][0]/Q'. (LINT-34)
Warning: In design 'GCN', three-state bus 'transtop/scrth_pad_mem[32][1]' has non three-state driver 'transtop/sp/memory_reg[32][1]/Q'. (LINT-34)
Warning: In design 'GCN', three-state bus 'transtop/scrth_pad_mem[32][2]' has non three-state driver 'transtop/sp/memory_reg[32][2]/Q'. (LINT-34)
Warning: In design 'GCN', three-state bus 'transtop/scrth_pad_mem[32][3]' has non three-state driver 'transtop/sp/memory_reg[32][3]/Q'. (LINT-34)
Warning: In design 'GCN', three-state bus 'transtop/scrth_pad_mem[32][4]' has non three-state driver 'transtop/sp/memory_reg[32][4]/Q'. (LINT-34)
Warning: In design 'GCN', three-state bus 'transtop/scrth_pad_mem[31][0]' has non three-state driver 'transtop/sp/memory_reg[31][0]/Q'. (LINT-34)
Warning: In design 'GCN', three-state bus 'transtop/scrth_pad_mem[31][1]' has non three-state driver 'transtop/sp/memory_reg[31][1]/Q'. (LINT-34)
Warning: In design 'GCN', three-state bus 'transtop/scrth_pad_mem[31][2]' has non three-state driver 'transtop/sp/memory_reg[31][2]/Q'. (LINT-34)
Warning: In design 'GCN', three-state bus 'transtop/scrth_pad_mem[31][3]' has non three-state driver 'transtop/sp/memory_reg[31][3]/Q'. (LINT-34)
Warning: In design 'GCN', three-state bus 'transtop/scrth_pad_mem[31][4]' has non three-state driver 'transtop/sp/memory_reg[31][4]/Q'. (LINT-34)
Warning: In design 'GCN', three-state bus 'transtop/scrth_pad_mem[30][0]' has non three-state driver 'transtop/sp/memory_reg[30][0]/Q'. (LINT-34)
Warning: In design 'GCN', three-state bus 'transtop/scrth_pad_mem[30][1]' has non three-state driver 'transtop/sp/memory_reg[30][1]/Q'. (LINT-34)
Warning: In design 'GCN', three-state bus 'transtop/scrth_pad_mem[30][2]' has non three-state driver 'transtop/sp/memory_reg[30][2]/Q'. (LINT-34)
Warning: In design 'GCN', three-state bus 'transtop/scrth_pad_mem[30][3]' has non three-state driver 'transtop/sp/memory_reg[30][3]/Q'. (LINT-34)
Warning: In design 'GCN', three-state bus 'transtop/scrth_pad_mem[30][4]' has non three-state driver 'transtop/sp/memory_reg[30][4]/Q'. (LINT-34)
Warning: In design 'GCN', three-state bus 'transtop/scrth_pad_mem[29][0]' has non three-state driver 'transtop/sp/memory_reg[29][0]/Q'. (LINT-34)
Warning: In design 'GCN', three-state bus 'transtop/scrth_pad_mem[29][1]' has non three-state driver 'transtop/sp/memory_reg[29][1]/Q'. (LINT-34)
Warning: In design 'GCN', three-state bus 'transtop/scrth_pad_mem[29][2]' has non three-state driver 'transtop/sp/memory_reg[29][2]/Q'. (LINT-34)
Warning: In design 'GCN', three-state bus 'transtop/scrth_pad_mem[29][3]' has non three-state driver 'transtop/sp/memory_reg[29][3]/Q'. (LINT-34)
Warning: In design 'GCN', three-state bus 'transtop/scrth_pad_mem[29][4]' has non three-state driver 'transtop/sp/memory_reg[29][4]/Q'. (LINT-34)
Warning: In design 'GCN', three-state bus 'transtop/scrth_pad_mem[28][0]' has non three-state driver 'transtop/sp/memory_reg[28][0]/Q'. (LINT-34)
Warning: In design 'GCN', three-state bus 'transtop/scrth_pad_mem[28][1]' has non three-state driver 'transtop/sp/memory_reg[28][1]/Q'. (LINT-34)
Warning: In design 'GCN', three-state bus 'transtop/scrth_pad_mem[28][2]' has non three-state driver 'transtop/sp/memory_reg[28][2]/Q'. (LINT-34)
Warning: In design 'GCN', three-state bus 'transtop/scrth_pad_mem[28][3]' has non three-state driver 'transtop/sp/memory_reg[28][3]/Q'. (LINT-34)
Warning: In design 'GCN', three-state bus 'transtop/scrth_pad_mem[28][4]' has non three-state driver 'transtop/sp/memory_reg[28][4]/Q'. (LINT-34)
Warning: In design 'GCN', three-state bus 'transtop/scrth_pad_mem[27][0]' has non three-state driver 'transtop/sp/memory_reg[27][0]/Q'. (LINT-34)
Warning: In design 'GCN', three-state bus 'transtop/scrth_pad_mem[27][1]' has non three-state driver 'transtop/sp/memory_reg[27][1]/Q'. (LINT-34)
Warning: In design 'GCN', three-state bus 'transtop/scrth_pad_mem[27][2]' has non three-state driver 'transtop/sp/memory_reg[27][2]/Q'. (LINT-34)
Warning: In design 'GCN', three-state bus 'transtop/scrth_pad_mem[27][3]' has non three-state driver 'transtop/sp/memory_reg[27][3]/Q'. (LINT-34)
Warning: In design 'GCN', three-state bus 'transtop/scrth_pad_mem[27][4]' has non three-state driver 'transtop/sp/memory_reg[27][4]/Q'. (LINT-34)
Warning: In design 'GCN', three-state bus 'transtop/scrth_pad_mem[26][0]' has non three-state driver 'transtop/sp/memory_reg[26][0]/Q'. (LINT-34)
Warning: In design 'GCN', three-state bus 'transtop/scrth_pad_mem[26][1]' has non three-state driver 'transtop/sp/memory_reg[26][1]/Q'. (LINT-34)
Warning: In design 'GCN', three-state bus 'transtop/scrth_pad_mem[26][2]' has non three-state driver 'transtop/sp/memory_reg[26][2]/Q'. (LINT-34)
Warning: In design 'GCN', three-state bus 'transtop/scrth_pad_mem[26][3]' has non three-state driver 'transtop/sp/memory_reg[26][3]/Q'. (LINT-34)
Warning: In design 'GCN', three-state bus 'transtop/scrth_pad_mem[26][4]' has non three-state driver 'transtop/sp/memory_reg[26][4]/Q'. (LINT-34)
Warning: In design 'GCN', three-state bus 'transtop/scrth_pad_mem[25][0]' has non three-state driver 'transtop/sp/memory_reg[25][0]/Q'. (LINT-34)
Warning: In design 'GCN', three-state bus 'transtop/scrth_pad_mem[25][1]' has non three-state driver 'transtop/sp/memory_reg[25][1]/Q'. (LINT-34)
Warning: In design 'GCN', three-state bus 'transtop/scrth_pad_mem[25][2]' has non three-state driver 'transtop/sp/memory_reg[25][2]/Q'. (LINT-34)
Warning: In design 'GCN', three-state bus 'transtop/scrth_pad_mem[25][3]' has non three-state driver 'transtop/sp/memory_reg[25][3]/Q'. (LINT-34)
Warning: In design 'GCN', three-state bus 'transtop/scrth_pad_mem[25][4]' has non three-state driver 'transtop/sp/memory_reg[25][4]/Q'. (LINT-34)
Warning: In design 'GCN', three-state bus 'transtop/scrth_pad_mem[24][0]' has non three-state driver 'transtop/sp/memory_reg[24][0]/Q'. (LINT-34)
Warning: In design 'GCN', three-state bus 'transtop/scrth_pad_mem[24][1]' has non three-state driver 'transtop/sp/memory_reg[24][1]/Q'. (LINT-34)
Warning: In design 'GCN', three-state bus 'transtop/scrth_pad_mem[24][2]' has non three-state driver 'transtop/sp/memory_reg[24][2]/Q'. (LINT-34)
Warning: In design 'GCN', three-state bus 'transtop/scrth_pad_mem[24][3]' has non three-state driver 'transtop/sp/memory_reg[24][3]/Q'. (LINT-34)
Warning: In design 'GCN', three-state bus 'transtop/scrth_pad_mem[24][4]' has non three-state driver 'transtop/sp/memory_reg[24][4]/Q'. (LINT-34)
Warning: In design 'GCN', three-state bus 'transtop/scrth_pad_mem[23][0]' has non three-state driver 'transtop/sp/memory_reg[23][0]/Q'. (LINT-34)
Warning: In design 'GCN', three-state bus 'transtop/scrth_pad_mem[23][1]' has non three-state driver 'transtop/sp/memory_reg[23][1]/Q'. (LINT-34)
Warning: In design 'GCN', three-state bus 'transtop/scrth_pad_mem[23][2]' has non three-state driver 'transtop/sp/memory_reg[23][2]/Q'. (LINT-34)
Warning: In design 'GCN', three-state bus 'transtop/scrth_pad_mem[23][3]' has non three-state driver 'transtop/sp/memory_reg[23][3]/Q'. (LINT-34)
Warning: In design 'GCN', three-state bus 'transtop/scrth_pad_mem[23][4]' has non three-state driver 'transtop/sp/memory_reg[23][4]/Q'. (LINT-34)
Warning: In design 'GCN', three-state bus 'transtop/scrth_pad_mem[22][0]' has non three-state driver 'transtop/sp/memory_reg[22][0]/Q'. (LINT-34)
Warning: In design 'GCN', three-state bus 'transtop/scrth_pad_mem[22][1]' has non three-state driver 'transtop/sp/memory_reg[22][1]/Q'. (LINT-34)
Warning: In design 'GCN', three-state bus 'transtop/scrth_pad_mem[22][2]' has non three-state driver 'transtop/sp/memory_reg[22][2]/Q'. (LINT-34)
Warning: In design 'GCN', three-state bus 'transtop/scrth_pad_mem[22][3]' has non three-state driver 'transtop/sp/memory_reg[22][3]/Q'. (LINT-34)
Warning: In design 'GCN', three-state bus 'transtop/scrth_pad_mem[22][4]' has non three-state driver 'transtop/sp/memory_reg[22][4]/Q'. (LINT-34)
Warning: In design 'GCN', three-state bus 'transtop/scrth_pad_mem[21][0]' has non three-state driver 'transtop/sp/memory_reg[21][0]/Q'. (LINT-34)
Warning: In design 'GCN', three-state bus 'transtop/scrth_pad_mem[21][1]' has non three-state driver 'transtop/sp/memory_reg[21][1]/Q'. (LINT-34)
Warning: In design 'GCN', three-state bus 'transtop/scrth_pad_mem[21][2]' has non three-state driver 'transtop/sp/memory_reg[21][2]/Q'. (LINT-34)
Warning: In design 'GCN', three-state bus 'transtop/scrth_pad_mem[21][3]' has non three-state driver 'transtop/sp/memory_reg[21][3]/Q'. (LINT-34)
Warning: In design 'GCN', three-state bus 'transtop/scrth_pad_mem[21][4]' has non three-state driver 'transtop/sp/memory_reg[21][4]/Q'. (LINT-34)
Warning: In design 'GCN', three-state bus 'transtop/scrth_pad_mem[20][0]' has non three-state driver 'transtop/sp/memory_reg[20][0]/Q'. (LINT-34)
Warning: In design 'GCN', three-state bus 'transtop/scrth_pad_mem[20][1]' has non three-state driver 'transtop/sp/memory_reg[20][1]/Q'. (LINT-34)
Warning: In design 'GCN', three-state bus 'transtop/scrth_pad_mem[20][2]' has non three-state driver 'transtop/sp/memory_reg[20][2]/Q'. (LINT-34)
Warning: In design 'GCN', three-state bus 'transtop/scrth_pad_mem[20][3]' has non three-state driver 'transtop/sp/memory_reg[20][3]/Q'. (LINT-34)
Warning: In design 'GCN', three-state bus 'transtop/scrth_pad_mem[20][4]' has non three-state driver 'transtop/sp/memory_reg[20][4]/Q'. (LINT-34)
Warning: In design 'GCN', three-state bus 'transtop/scrth_pad_mem[19][0]' has non three-state driver 'transtop/sp/memory_reg[19][0]/Q'. (LINT-34)
Warning: In design 'GCN', three-state bus 'transtop/scrth_pad_mem[19][1]' has non three-state driver 'transtop/sp/memory_reg[19][1]/Q'. (LINT-34)
Warning: In design 'GCN', three-state bus 'transtop/scrth_pad_mem[19][2]' has non three-state driver 'transtop/sp/memory_reg[19][2]/Q'. (LINT-34)
Warning: In design 'GCN', three-state bus 'transtop/scrth_pad_mem[19][3]' has non three-state driver 'transtop/sp/memory_reg[19][3]/Q'. (LINT-34)
Warning: In design 'GCN', three-state bus 'transtop/scrth_pad_mem[19][4]' has non three-state driver 'transtop/sp/memory_reg[19][4]/Q'. (LINT-34)
Warning: In design 'GCN', three-state bus 'transtop/scrth_pad_mem[18][0]' has non three-state driver 'transtop/sp/memory_reg[18][0]/Q'. (LINT-34)
Warning: In design 'GCN', three-state bus 'transtop/scrth_pad_mem[18][1]' has non three-state driver 'transtop/sp/memory_reg[18][1]/Q'. (LINT-34)
Warning: In design 'GCN', three-state bus 'transtop/scrth_pad_mem[18][2]' has non three-state driver 'transtop/sp/memory_reg[18][2]/Q'. (LINT-34)
Warning: In design 'GCN', three-state bus 'transtop/scrth_pad_mem[18][3]' has non three-state driver 'transtop/sp/memory_reg[18][3]/Q'. (LINT-34)
Warning: In design 'GCN', three-state bus 'transtop/scrth_pad_mem[18][4]' has non three-state driver 'transtop/sp/memory_reg[18][4]/Q'. (LINT-34)
Warning: In design 'GCN', three-state bus 'transtop/scrth_pad_mem[17][0]' has non three-state driver 'transtop/sp/memory_reg[17][0]/Q'. (LINT-34)
Warning: In design 'GCN', three-state bus 'transtop/scrth_pad_mem[17][1]' has non three-state driver 'transtop/sp/memory_reg[17][1]/Q'. (LINT-34)
Warning: In design 'GCN', three-state bus 'transtop/scrth_pad_mem[17][2]' has non three-state driver 'transtop/sp/memory_reg[17][2]/Q'. (LINT-34)
Warning: In design 'GCN', three-state bus 'transtop/scrth_pad_mem[17][3]' has non three-state driver 'transtop/sp/memory_reg[17][3]/Q'. (LINT-34)
Warning: In design 'GCN', three-state bus 'transtop/scrth_pad_mem[17][4]' has non three-state driver 'transtop/sp/memory_reg[17][4]/Q'. (LINT-34)
Warning: In design 'GCN', three-state bus 'transtop/scrth_pad_mem[16][0]' has non three-state driver 'transtop/sp/memory_reg[16][0]/Q'. (LINT-34)
Warning: In design 'GCN', three-state bus 'transtop/scrth_pad_mem[16][1]' has non three-state driver 'transtop/sp/memory_reg[16][1]/Q'. (LINT-34)
Warning: In design 'GCN', three-state bus 'transtop/scrth_pad_mem[16][2]' has non three-state driver 'transtop/sp/memory_reg[16][2]/Q'. (LINT-34)
Warning: In design 'GCN', three-state bus 'transtop/scrth_pad_mem[16][3]' has non three-state driver 'transtop/sp/memory_reg[16][3]/Q'. (LINT-34)
Warning: In design 'GCN', three-state bus 'transtop/scrth_pad_mem[16][4]' has non three-state driver 'transtop/sp/memory_reg[16][4]/Q'. (LINT-34)
Warning: In design 'GCN', three-state bus 'transtop/scrth_pad_mem[15][0]' has non three-state driver 'transtop/sp/memory_reg[15][0]/Q'. (LINT-34)
Warning: In design 'GCN', three-state bus 'transtop/scrth_pad_mem[15][1]' has non three-state driver 'transtop/sp/memory_reg[15][1]/Q'. (LINT-34)
Warning: In design 'GCN', three-state bus 'transtop/scrth_pad_mem[15][2]' has non three-state driver 'transtop/sp/memory_reg[15][2]/Q'. (LINT-34)
Warning: In design 'GCN', three-state bus 'transtop/scrth_pad_mem[15][3]' has non three-state driver 'transtop/sp/memory_reg[15][3]/Q'. (LINT-34)
Warning: In design 'GCN', three-state bus 'transtop/scrth_pad_mem[15][4]' has non three-state driver 'transtop/sp/memory_reg[15][4]/Q'. (LINT-34)
Warning: In design 'GCN', three-state bus 'transtop/scrth_pad_mem[14][0]' has non three-state driver 'transtop/sp/memory_reg[14][0]/Q'. (LINT-34)
Warning: In design 'GCN', three-state bus 'transtop/scrth_pad_mem[14][1]' has non three-state driver 'transtop/sp/memory_reg[14][1]/Q'. (LINT-34)
Warning: In design 'GCN', three-state bus 'transtop/scrth_pad_mem[14][2]' has non three-state driver 'transtop/sp/memory_reg[14][2]/Q'. (LINT-34)
Warning: In design 'GCN', three-state bus 'transtop/scrth_pad_mem[14][3]' has non three-state driver 'transtop/sp/memory_reg[14][3]/Q'. (LINT-34)
Warning: In design 'GCN', three-state bus 'transtop/scrth_pad_mem[14][4]' has non three-state driver 'transtop/sp/memory_reg[14][4]/Q'. (LINT-34)
Warning: In design 'GCN', three-state bus 'transtop/scrth_pad_mem[13][0]' has non three-state driver 'transtop/sp/memory_reg[13][0]/Q'. (LINT-34)
Warning: In design 'GCN', three-state bus 'transtop/scrth_pad_mem[13][1]' has non three-state driver 'transtop/sp/memory_reg[13][1]/Q'. (LINT-34)
Warning: In design 'GCN', three-state bus 'transtop/scrth_pad_mem[13][2]' has non three-state driver 'transtop/sp/memory_reg[13][2]/Q'. (LINT-34)
Warning: In design 'GCN', three-state bus 'transtop/scrth_pad_mem[13][3]' has non three-state driver 'transtop/sp/memory_reg[13][3]/Q'. (LINT-34)
Warning: In design 'GCN', three-state bus 'transtop/scrth_pad_mem[13][4]' has non three-state driver 'transtop/sp/memory_reg[13][4]/Q'. (LINT-34)
Warning: In design 'GCN', three-state bus 'transtop/scrth_pad_mem[12][0]' has non three-state driver 'transtop/sp/memory_reg[12][0]/Q'. (LINT-34)
Warning: In design 'GCN', three-state bus 'transtop/scrth_pad_mem[12][1]' has non three-state driver 'transtop/sp/memory_reg[12][1]/Q'. (LINT-34)
Warning: In design 'GCN', three-state bus 'transtop/scrth_pad_mem[12][2]' has non three-state driver 'transtop/sp/memory_reg[12][2]/Q'. (LINT-34)
Warning: In design 'GCN', three-state bus 'transtop/scrth_pad_mem[12][3]' has non three-state driver 'transtop/sp/memory_reg[12][3]/Q'. (LINT-34)
Warning: In design 'GCN', three-state bus 'transtop/scrth_pad_mem[12][4]' has non three-state driver 'transtop/sp/memory_reg[12][4]/Q'. (LINT-34)
Warning: In design 'GCN', three-state bus 'transtop/scrth_pad_mem[11][0]' has non three-state driver 'transtop/sp/memory_reg[11][0]/Q'. (LINT-34)
Warning: In design 'GCN', three-state bus 'transtop/scrth_pad_mem[11][1]' has non three-state driver 'transtop/sp/memory_reg[11][1]/Q'. (LINT-34)
Warning: In design 'GCN', three-state bus 'transtop/scrth_pad_mem[11][2]' has non three-state driver 'transtop/sp/memory_reg[11][2]/Q'. (LINT-34)
Warning: In design 'GCN', three-state bus 'transtop/scrth_pad_mem[11][3]' has non three-state driver 'transtop/sp/memory_reg[11][3]/Q'. (LINT-34)
Warning: In design 'GCN', three-state bus 'transtop/scrth_pad_mem[11][4]' has non three-state driver 'transtop/sp/memory_reg[11][4]/Q'. (LINT-34)
Warning: In design 'GCN', three-state bus 'transtop/scrth_pad_mem[10][0]' has non three-state driver 'transtop/sp/memory_reg[10][0]/Q'. (LINT-34)
Warning: In design 'GCN', three-state bus 'transtop/scrth_pad_mem[10][1]' has non three-state driver 'transtop/sp/memory_reg[10][1]/Q'. (LINT-34)
Warning: In design 'GCN', three-state bus 'transtop/scrth_pad_mem[10][2]' has non three-state driver 'transtop/sp/memory_reg[10][2]/Q'. (LINT-34)
Warning: In design 'GCN', three-state bus 'transtop/scrth_pad_mem[10][3]' has non three-state driver 'transtop/sp/memory_reg[10][3]/Q'. (LINT-34)
Warning: In design 'GCN', three-state bus 'transtop/scrth_pad_mem[10][4]' has non three-state driver 'transtop/sp/memory_reg[10][4]/Q'. (LINT-34)
Warning: In design 'GCN', three-state bus 'transtop/scrth_pad_mem[9][0]' has non three-state driver 'transtop/sp/memory_reg[9][0]/Q'. (LINT-34)
Warning: In design 'GCN', three-state bus 'transtop/scrth_pad_mem[9][1]' has non three-state driver 'transtop/sp/memory_reg[9][1]/Q'. (LINT-34)
Warning: In design 'GCN', three-state bus 'transtop/scrth_pad_mem[9][2]' has non three-state driver 'transtop/sp/memory_reg[9][2]/Q'. (LINT-34)
Warning: In design 'GCN', three-state bus 'transtop/scrth_pad_mem[9][3]' has non three-state driver 'transtop/sp/memory_reg[9][3]/Q'. (LINT-34)
Warning: In design 'GCN', three-state bus 'transtop/scrth_pad_mem[9][4]' has non three-state driver 'transtop/sp/memory_reg[9][4]/Q'. (LINT-34)
Warning: In design 'GCN', three-state bus 'transtop/scrth_pad_mem[8][0]' has non three-state driver 'transtop/sp/memory_reg[8][0]/Q'. (LINT-34)
Warning: In design 'GCN', three-state bus 'transtop/scrth_pad_mem[8][1]' has non three-state driver 'transtop/sp/memory_reg[8][1]/Q'. (LINT-34)
Warning: In design 'GCN', three-state bus 'transtop/scrth_pad_mem[8][2]' has non three-state driver 'transtop/sp/memory_reg[8][2]/Q'. (LINT-34)
Warning: In design 'GCN', three-state bus 'transtop/scrth_pad_mem[8][3]' has non three-state driver 'transtop/sp/memory_reg[8][3]/Q'. (LINT-34)
Warning: In design 'GCN', three-state bus 'transtop/scrth_pad_mem[8][4]' has non three-state driver 'transtop/sp/memory_reg[8][4]/Q'. (LINT-34)
Warning: In design 'GCN', three-state bus 'transtop/scrth_pad_mem[7][0]' has non three-state driver 'transtop/sp/memory_reg[7][0]/Q'. (LINT-34)
Warning: In design 'GCN', three-state bus 'transtop/scrth_pad_mem[7][1]' has non three-state driver 'transtop/sp/memory_reg[7][1]/Q'. (LINT-34)
Warning: In design 'GCN', three-state bus 'transtop/scrth_pad_mem[7][2]' has non three-state driver 'transtop/sp/memory_reg[7][2]/Q'. (LINT-34)
Warning: In design 'GCN', three-state bus 'transtop/scrth_pad_mem[7][3]' has non three-state driver 'transtop/sp/memory_reg[7][3]/Q'. (LINT-34)
Warning: In design 'GCN', three-state bus 'transtop/scrth_pad_mem[7][4]' has non three-state driver 'transtop/sp/memory_reg[7][4]/Q'. (LINT-34)
Warning: In design 'GCN', three-state bus 'transtop/scrth_pad_mem[6][0]' has non three-state driver 'transtop/sp/memory_reg[6][0]/Q'. (LINT-34)
Warning: In design 'GCN', three-state bus 'transtop/scrth_pad_mem[6][1]' has non three-state driver 'transtop/sp/memory_reg[6][1]/Q'. (LINT-34)
Warning: In design 'GCN', three-state bus 'transtop/scrth_pad_mem[6][2]' has non three-state driver 'transtop/sp/memory_reg[6][2]/Q'. (LINT-34)
Warning: In design 'GCN', three-state bus 'transtop/scrth_pad_mem[6][3]' has non three-state driver 'transtop/sp/memory_reg[6][3]/Q'. (LINT-34)
Warning: In design 'GCN', three-state bus 'transtop/scrth_pad_mem[6][4]' has non three-state driver 'transtop/sp/memory_reg[6][4]/Q'. (LINT-34)
Warning: In design 'GCN', three-state bus 'transtop/scrth_pad_mem[5][0]' has non three-state driver 'transtop/sp/memory_reg[5][0]/Q'. (LINT-34)
Warning: In design 'GCN', three-state bus 'transtop/scrth_pad_mem[5][1]' has non three-state driver 'transtop/sp/memory_reg[5][1]/Q'. (LINT-34)
Warning: In design 'GCN', three-state bus 'transtop/scrth_pad_mem[5][2]' has non three-state driver 'transtop/sp/memory_reg[5][2]/Q'. (LINT-34)
Warning: In design 'GCN', three-state bus 'transtop/scrth_pad_mem[5][3]' has non three-state driver 'transtop/sp/memory_reg[5][3]/Q'. (LINT-34)
Warning: In design 'GCN', three-state bus 'transtop/scrth_pad_mem[5][4]' has non three-state driver 'transtop/sp/memory_reg[5][4]/Q'. (LINT-34)
Warning: In design 'GCN', three-state bus 'transtop/scrth_pad_mem[4][0]' has non three-state driver 'transtop/sp/memory_reg[4][0]/Q'. (LINT-34)
Warning: In design 'GCN', three-state bus 'transtop/scrth_pad_mem[4][1]' has non three-state driver 'transtop/sp/memory_reg[4][1]/Q'. (LINT-34)
Warning: In design 'GCN', three-state bus 'transtop/scrth_pad_mem[4][2]' has non three-state driver 'transtop/sp/memory_reg[4][2]/Q'. (LINT-34)
Warning: In design 'GCN', three-state bus 'transtop/scrth_pad_mem[4][3]' has non three-state driver 'transtop/sp/memory_reg[4][3]/Q'. (LINT-34)
Warning: In design 'GCN', three-state bus 'transtop/scrth_pad_mem[4][4]' has non three-state driver 'transtop/sp/memory_reg[4][4]/Q'. (LINT-34)
Warning: In design 'GCN', three-state bus 'transtop/scrth_pad_mem[3][0]' has non three-state driver 'transtop/sp/memory_reg[3][0]/Q'. (LINT-34)
Warning: In design 'GCN', three-state bus 'transtop/scrth_pad_mem[3][1]' has non three-state driver 'transtop/sp/memory_reg[3][1]/Q'. (LINT-34)
Warning: In design 'GCN', three-state bus 'transtop/scrth_pad_mem[3][2]' has non three-state driver 'transtop/sp/memory_reg[3][2]/Q'. (LINT-34)
Warning: In design 'GCN', three-state bus 'transtop/scrth_pad_mem[3][3]' has non three-state driver 'transtop/sp/memory_reg[3][3]/Q'. (LINT-34)
Warning: In design 'GCN', three-state bus 'transtop/scrth_pad_mem[3][4]' has non three-state driver 'transtop/sp/memory_reg[3][4]/Q'. (LINT-34)
Warning: In design 'GCN', three-state bus 'transtop/scrth_pad_mem[2][0]' has non three-state driver 'transtop/sp/memory_reg[2][0]/Q'. (LINT-34)
Warning: In design 'GCN', three-state bus 'transtop/scrth_pad_mem[2][1]' has non three-state driver 'transtop/sp/memory_reg[2][1]/Q'. (LINT-34)
Warning: In design 'GCN', three-state bus 'transtop/scrth_pad_mem[2][2]' has non three-state driver 'transtop/sp/memory_reg[2][2]/Q'. (LINT-34)
Warning: In design 'GCN', three-state bus 'transtop/scrth_pad_mem[2][3]' has non three-state driver 'transtop/sp/memory_reg[2][3]/Q'. (LINT-34)
Warning: In design 'GCN', three-state bus 'transtop/scrth_pad_mem[2][4]' has non three-state driver 'transtop/sp/memory_reg[2][4]/Q'. (LINT-34)
Warning: In design 'GCN', three-state bus 'transtop/scrth_pad_mem[1][0]' has non three-state driver 'transtop/sp/memory_reg[1][0]/Q'. (LINT-34)
Warning: In design 'GCN', three-state bus 'transtop/scrth_pad_mem[1][1]' has non three-state driver 'transtop/sp/memory_reg[1][1]/Q'. (LINT-34)
Warning: In design 'GCN', three-state bus 'transtop/scrth_pad_mem[1][2]' has non three-state driver 'transtop/sp/memory_reg[1][2]/Q'. (LINT-34)
Warning: In design 'GCN', three-state bus 'transtop/scrth_pad_mem[1][3]' has non three-state driver 'transtop/sp/memory_reg[1][3]/Q'. (LINT-34)
Warning: In design 'GCN', three-state bus 'transtop/scrth_pad_mem[1][4]' has non three-state driver 'transtop/sp/memory_reg[1][4]/Q'. (LINT-34)
Warning: In design 'GCN', three-state bus 'transtop/scrth_pad_mem[0][0]' has non three-state driver 'transtop/sp/memory_reg[0][0]/Q'. (LINT-34)
Warning: In design 'GCN', three-state bus 'transtop/scrth_pad_mem[0][1]' has non three-state driver 'transtop/sp/memory_reg[0][1]/Q'. (LINT-34)
Warning: In design 'GCN', three-state bus 'transtop/scrth_pad_mem[0][2]' has non three-state driver 'transtop/sp/memory_reg[0][2]/Q'. (LINT-34)
Warning: In design 'GCN', three-state bus 'transtop/scrth_pad_mem[0][3]' has non three-state driver 'transtop/sp/memory_reg[0][3]/Q'. (LINT-34)
Warning: In design 'GCN', three-state bus 'transtop/scrth_pad_mem[0][4]' has non three-state driver 'transtop/sp/memory_reg[0][4]/Q'. (LINT-34)
Warning: In design 'GCN', three-state bus 'transtop/scrth_pad' has non three-state driver 'transtop/tfsm/C169/Z_0'. (LINT-34)
1
# Synthesize the design
compile_ultra
Loading db file '/usr/local2/synopsys/syn_2023.12-SP51/libraries/syn/dw_foundation.sldb'
Information: Failed to find dw_foundation.sldb in the user defined search_path, load it from 'Synopsys Root'. (UISN-70)
Warning: DesignWare synthetic library dw_foundation.sldb is added to the synthetic_library in the current command. (UISN-40)
Information: Building the design 'Dot_Product_Engine'. (HDL-193)
Error:  /home/a20330_asu/asap7_rundir/Lab4/RTL/GCN_new.sv:273: Cannot test variable 'compute_enable' because it was not in the event expression or with wrong polarity. (ELAB-300)
*** Presto compilation terminated with 1 errors. ***
Warning: Unable to resolve reference 'Dot_Product_Engine' in 'transformation_top_block'. (LINK-5)
Information: Performing leakage power optimization. (PWR-850)
Alib files are up-to-date.
Information: Running optimization using a maximum of 8 cores. (OPT-1500)
Information: Evaluating DesignWare library utilization. (UISN-27)

============================================================================
| DesignWare Building Block Library  |         Version         | Available |
============================================================================
| Basic DW Building Blocks           | V-2023.12-DWBB_202312.5 |     *     |
| Licensed DW Building Blocks        | V-2023.12-DWBB_202312.5 |     *     |
============================================================================

====================================================================================================
| Flow Information                                                                                 |
----------------------------------------------------------------------------------------------------
| Flow         | Design Compiler WLM                                                               |
| Command Line | compile_ultra                                                                     |
====================================================================================================
| Design Information                                      | Value                                  |
====================================================================================================
| Number of Scenarios                                     | 0                                      |
| Leaf Cell Count                                         | 1841                                   |
| Number of User Hierarchies                              | 7                                      |
| Sequential Cell Count                                   | 966                                    |
| Macro Count                                             | 0                                      |
| Number of Power Domains                                 | 0                                      |
| Number of Path Groups                                   | 2                                      |
| Number of VT Class                                      | 0                                      |
| Number of Clocks                                        | 1                                      |
| Number of Dont Touch Cells                              | 160                                    |
| Number of Dont Touch Nets                               | 8                                      |
| Number of Size Only Cells                               | 0                                      |
| Design with UPF Data                                    | false                                  |
====================================================================================================
Information: Sequential output inversion is enabled.  SVF file must be used for formal verification. (OPT-1208)

Information: There are 992 potential problems in your design. Please run 'check_design' for more information. (LINT-99)

  Simplifying Design 'GCN'

  Loading target library 'asap7sc7p5t_22b_AO_RVT_TT_170906'
  Loading target library 'asap7sc7p5t_22b_SEQ_RVT_TT_170906'
  Loading target library 'asap7sc7p5t_22b_SIMPLE_RVT_TT_170906'
Information: Building the design 'Dot_Product_Engine'. (HDL-193)
Error:  /home/a20330_asu/asap7_rundir/Lab4/RTL/GCN_new.sv:273: Cannot test variable 'compute_enable' because it was not in the event expression or with wrong polarity. (ELAB-300)
*** Presto compilation terminated with 1 errors. ***
Warning: Unable to resolve reference 'Dot_Product_Engine' in 'transformation_top_block'. (LINK-5)
LNC WARNING: Found output_to_output lib arc on HAxp5_ASAP7_75t_R.
Loaded alib file './alib-52/asap7sc7p5t_22b_AO_RVT_TT_170906.db.alib' (placeholder)
Loaded alib file './alib-52/asap7sc7p5t_22b_INVBUF_RVT_TT_170906.db.alib' (placeholder)
Loaded alib file './alib-52/asap7sc7p5t_22b_OA_RVT_TT_170906.db.alib' (placeholder)
Loaded alib file './alib-52/asap7sc7p5t_22b_SEQ_RVT_TT_170906.db.alib' (placeholder)
Loaded alib file './alib-52/asap7sc7p5t_22b_SIMPLE_RVT_TT_170906.db.alib' (placeholder)
Warning: Only placeholder alibs were found. Proceeding with library analysis. (OPT-1311)
  Building model 'DW01_NAND2'
Information: Ungrouping hierarchy comtop before Pass 1 (OPT-776)
Information: Ungrouping hierarchy argtop before Pass 1 (OPT-776)
Information: Ungrouping 2 of 8 hierarchies before Pass 1 (OPT-775)
Information: State dependent leakage is now switched from on to off.

  Beginning Pass 1 Mapping
  ------------------------
  Processing 'GCN'
Information: Added key list 'DesignWare' to design 'GCN'. (DDB-72)
 Implement Synthetic for 'GCN'.
  Processing 'Scratch_Pad'
  Processing 'transformation_top_block'
  Processing 'Enhanced_Memory_Unit'
Information: Added key list 'DesignWare' to design 'Enhanced_Memory_Unit'. (DDB-72)
 Implement Synthetic for 'Enhanced_Memory_Unit'.
  Processing 'Transformation_FSM'
 Implement Synthetic for 'Transformation_FSM'.
  Processing 'Feature_Weight_Address_Generator'
 Implement Synthetic for 'Feature_Weight_Address_Generator'.
Information: Added key list 'DesignWare' to design 'Feature_Weight_Address_Generator'. (DDB-72)
Information: Building the design 'Dot_Product_Engine'. (HDL-193)
Error:  /home/a20330_asu/asap7_rundir/Lab4/RTL/GCN_new.sv:273: Cannot test variable 'compute_enable' because it was not in the event expression or with wrong polarity. (ELAB-300)
*** Presto compilation terminated with 1 errors. ***
Warning: Unable to resolve reference 'Dot_Product_Engine' in 'transformation_top_block'. (LINK-5)

  Updating timing information
Information: Updating design information... (UID-85)
Information: The library cell 'TIELOx1_ASAP7_75t_R' in the library 'asap7sc7p5t_22b_SIMPLE_RVT_TT_170906' is not characterized for internal power. (PWR-536)
Information: The library cell 'TIEHIx1_ASAP7_75t_R' in the library 'asap7sc7p5t_22b_SIMPLE_RVT_TT_170906' is not characterized for internal power. (PWR-536)
Information: The target library(s) contains cell(s), other than black boxes, that are not characterized for internal power. (PWR-24)

  Beginning Mapping Optimizations  (Ultra High effort)
  -------------------------------
Information: Added key list 'DesignWare' to design 'Transformation_FSM'. (DDB-72)
Warning: Only placeholder alibs were found. Proceeding with library analysis. (OPT-1311)
Warning: Only placeholder alibs were found. Proceeding with library analysis. (OPT-1311)
  Mapping Optimization (Phase 1)

                                  TOTAL                                                            
   ELAPSED            WORST NEG   SETUP    DESIGN                              LEAKAGE   MIN DELAY 
    TIME      AREA      SLACK     COST    RULE COST         ENDPOINT            POWER      COST    
  --------- --------- --------- --------- --------- ------------------------- --------- -----------
    0:01:47   13740.7      0.00       0.0     109.9                           1027263.6875      0.00  
    0:01:47   13516.9      0.00       0.0      85.0                           1016888.0000      0.00  

  Beginning Constant Register Removal
  -----------------------------------
    0:01:47   13516.9      0.00       0.0      85.0                           1016888.0000      0.00  
    0:01:47   13482.4      0.00       0.0      85.0                           1014773.6250      0.00  

  Beginning Global Optimizations
  ------------------------------
  Numerical Synthesis (Phase 1)
  Numerical Synthesis (Phase 2)
  Global Optimization (Phase 1)
  Global Optimization (Phase 2)
  Global Optimization (Phase 3)
  Global Optimization (Phase 4)
  Global Optimization (Phase 5)
  Global Optimization (Phase 6)
  Global Optimization (Phase 7)
  Global Optimization (Phase 8)
  Global Optimization (Phase 9)
  Global Optimization (Phase 10)
  Global Optimization (Phase 11)
  Global Optimization (Phase 12)
  Global Optimization (Phase 13)
  Global Optimization (Phase 14)
  Global Optimization (Phase 15)
  Global Optimization (Phase 16)
  Global Optimization (Phase 17)
  Global Optimization (Phase 18)
  Global Optimization (Phase 19)
  Global Optimization (Phase 20)
  Global Optimization (Phase 21)
  Global Optimization (Phase 22)
  Global Optimization (Phase 23)
  Global Optimization (Phase 24)
  Global Optimization (Phase 25)
  Global Optimization (Phase 26)
  Global Optimization (Phase 27)
  Global Optimization (Phase 28)
  Global Optimization (Phase 29)
  Global Optimization (Phase 30)
  Global Optimization (Phase 31)

  Beginning Isolate Ports
  -----------------------

  Beginning Delay Optimization
  ----------------------------
    0:01:49   10289.3     32.04     106.5      85.0                           581898.1875      0.00  
    0:01:49   10298.8      0.00       0.0      90.0                           582801.0000      0.00  
    0:01:49   10298.8      0.00       0.0      90.0                           582801.0000      0.00  
    0:01:49   10298.8      0.00       0.0      90.0                           582801.0000      0.00  
    0:01:50   10277.4      0.00       0.0      90.0                           582586.5000      0.00  
    0:01:50   10276.2      0.00       0.0      90.0                           582560.6875      0.00  

  Beginning WLM Backend Optimization
  --------------------------------------
    0:01:52   10262.7      0.00       0.0      90.0                           574400.1875      0.00  
    0:01:52   10262.7      0.00       0.0      90.0                           574400.1875      0.00  
    0:01:52   10262.7      0.00       0.0      90.0                           574400.1875      0.00  
    0:01:52   10262.7      0.00       0.0      90.0                           574400.1875      0.00  
    0:01:52   10262.7      0.00       0.0      90.0                           574400.1875      0.00  
    0:01:52   10245.2      0.00       0.0      90.0                           566551.0000      0.00  
    0:01:52   10245.2      0.00       0.0      90.0                           566551.0000      0.00  
    0:01:52   10245.2      0.00       0.0      90.0                           566551.0000      0.00  
    0:01:52   10245.2      0.00       0.0      90.0                           566551.0000      0.00  
    0:01:52   10245.2      0.00       0.0      90.0                           566551.0000      0.00  
    0:01:52   10245.2      0.00       0.0      90.0                           566551.0000      0.00  
    0:01:52   10245.2      0.00       0.0      90.0                           566551.0000      0.00  
    0:01:52   10245.2      0.00       0.0      90.0                           566551.0000      0.00  
    0:01:52   10245.2      0.00       0.0      90.0                           566551.0000      0.00  
    0:01:52   10245.2      0.00       0.0      90.0                           566551.0000      0.00  
    0:01:52   10245.2      0.00       0.0      90.0                           566551.0000      0.00  
    0:01:52   10245.2      0.00       0.0      90.0                           566551.0000      0.00  
    0:01:52   10245.2      0.00       0.0      90.0                           566551.0000      0.00  
    0:01:52   10245.2      0.00       0.0      90.0                           566551.0000      0.00  
    0:01:52   10245.2      0.00       0.0      90.0                           566551.0000      0.00  
    0:01:52   10245.2      0.00       0.0      90.0                           566551.0000      0.00  
    0:01:52   10245.2      0.00       0.0      90.0                           566551.0000      0.00  
    0:01:52   10245.2      0.00       0.0      90.0                           566551.0000      0.00  
    0:01:52   10245.2      0.00       0.0      90.0                           566551.0000      0.00  


  Beginning Design Rule Fixing  (max_fanout)
  ----------------------------

                                  TOTAL                                                            
   ELAPSED            WORST NEG   SETUP    DESIGN                              LEAKAGE   MIN DELAY 
    TIME      AREA      SLACK     COST    RULE COST         ENDPOINT            POWER      COST    
  --------- --------- --------- --------- --------- ------------------------- --------- -----------
    0:01:52   10245.2      0.00       0.0      90.0                           566551.0000      0.00  
  Global Optimization (Phase 32)
  Global Optimization (Phase 33)
  Global Optimization (Phase 34)
    0:01:53   10311.7      0.00       0.0       0.0                           571287.9375      0.00  
    0:01:53   10311.7      0.00       0.0       0.0                           571287.9375      0.00  
    0:01:53   10311.7      0.00       0.0       0.0                           571287.9375      0.00  
    0:01:53   10311.7      0.00       0.0       0.0                           571287.9375      0.00  
    0:01:53   10311.7      0.00       0.0       0.0                           571287.9375      0.00  
    0:01:53   10311.7      0.00       0.0       0.0                           539710.3125      0.00  
    0:01:53   10311.7      0.00       0.0       0.0                           539710.3125      0.00  
    0:01:53   10311.7      0.00       0.0       0.0                           539710.3125      0.00  
    0:01:53   10311.7      0.00       0.0       0.0                           539710.3125      0.00  
    0:01:53   10311.7      0.00       0.0       0.0                           539710.3125      0.00  
    0:01:53   10311.7      0.00       0.0       0.0                           539710.3125      0.00  
    0:01:53   10311.7      0.00       0.0       0.0                           539710.3125      0.00  
    0:01:53   10311.7      0.00       0.0       0.0                           539710.3125      0.00  
    0:01:53   10311.7      0.00       0.0       0.0                           539710.3125      0.00  
    0:01:53   10311.7      0.00       0.0       0.0                           539710.3125      0.00  
    0:01:53   10311.7      0.00       0.0       0.0                           539710.3125      0.00  
    0:01:53   10311.7      0.00       0.0       0.0                           539710.3125      0.00  
    0:01:53   10311.7      0.00       0.0       0.0                           539710.3125      0.00  
    0:01:53   10311.7      0.00       0.0       0.0                           539710.3125      0.00  
    0:01:53   10311.7      0.00       0.0       0.0                           539710.3125      0.00  
    0:01:53   10311.7      0.00       0.0       0.0                           539710.3125      0.00  
    0:01:53   10311.7      0.00       0.0       0.0                           539710.3125      0.00  
    0:01:53   10311.7      0.00       0.0       0.0                           539710.3125      0.00  
    0:01:53   10311.7      0.00       0.0       0.0                           539710.3125      0.00  

                                  TOTAL                                                            
   ELAPSED            WORST NEG   SETUP    DESIGN                              LEAKAGE   MIN DELAY 
    TIME      AREA      SLACK     COST    RULE COST         ENDPOINT            POWER      COST    
  --------- --------- --------- --------- --------- ------------------------- --------- -----------
    0:01:53   10311.7      0.00       0.0       0.0                           539710.3125      0.00  
    0:01:54   10308.2      0.00       0.0       0.0                           516104.6250      0.00  
    0:01:54   10308.2      0.00       0.0       0.0                           516104.6250      0.00  
    0:01:54   10308.2      0.00       0.0       0.0                           516104.6250      0.00  
    0:01:54   10308.2      0.00       0.0       0.0                           516080.1250      0.00  
    0:01:55   10280.9      0.00       0.0       0.0                           512386.3750      0.00  
    0:01:55   10280.9      0.00       0.0       0.0                           512386.3750      0.00  
    0:01:55   10280.9      0.00       0.0       0.0                           512386.3750      0.00  
    0:01:55   10280.9      0.00       0.0       0.0                           512386.3750      0.00  
    0:01:55   10280.9      0.00       0.0       0.0                           512386.3750      0.00  
    0:01:55   10280.9      0.00       0.0       0.0                           512386.3750      0.00  
    0:01:56   10275.8      0.00       0.0       0.0                           510987.0938      0.00  
Loading db file '/usr/local2/ASAP7/afs/asu.edu/class/e/e/e/eee525b/asap7libs/asap7libs_24/db/asap7sc7p5t_22b_INVBUF_RVT_TT_170906.db'
Loading db file '/usr/local2/ASAP7/afs/asu.edu/class/e/e/e/eee525b/asap7libs/asap7libs_24/db/asap7sc7p5t_22b_OA_RVT_TT_170906.db'
Loading db file '/usr/local2/ASAP7/afs/asu.edu/class/e/e/e/eee525b/asap7libs/asap7libs_24/db/asap7sc7p5t_22b_AO_RVT_TT_170906.db'
Loading db file '/usr/local2/ASAP7/afs/asu.edu/class/e/e/e/eee525b/asap7libs/asap7libs_24/db/asap7sc7p5t_22b_SEQ_RVT_TT_170906.db'
Loading db file '/usr/local2/ASAP7/afs/asu.edu/class/e/e/e/eee525b/asap7libs/asap7libs_24/db/asap7sc7p5t_22b_SIMPLE_RVT_TT_170906.db'


Note: Symbol # after min delay cost means estimated hold TNS across all active scenarios 


  Optimization Complete
  ---------------------
  Loading target library 'asap7sc7p5t_22b_AO_RVT_TT_170906'
  Loading target library 'asap7sc7p5t_22b_SEQ_RVT_TT_170906'
  Loading target library 'asap7sc7p5t_22b_SIMPLE_RVT_TT_170906'
Information: Building the design 'Dot_Product_Engine'. (HDL-193)
Error:  /home/a20330_asu/asap7_rundir/Lab4/RTL/GCN_new.sv:273: Cannot test variable 'compute_enable' because it was not in the event expression or with wrong polarity. (ELAB-300)
*** Presto compilation terminated with 1 errors. ***
Warning: Unable to resolve reference 'Dot_Product_Engine' in 'transformation_top_block'. (LINK-5)
Information: State dependent leakage is now switched from off to on.
Information: Propagating switching activity (low effort zero delay simulation). (PWR-6)
Warning: Design has unannotated black box outputs. (PWR-428)
Information: Total number of MV cells in the design.
----------------------------------------------------------------------------------------------------
 MV Cells                                           Total Number                                   
----------------------------------------------------------------------------------------------------
 Level Shifter:                                     0                                             
 Enable Level Shifter:                              0                                             
 Isolation Cell:                                    0                                             
 Retention Cell:                                    0                                             
 Retention Clamp Cell:                              0                                             
 Switch Cell:                                       0                                             
 Always-On Cell:                                    0                                             
 Repeater Cell:                                     0                                             

----------------------------------------------------------------------------------------------------
Unmapped MV Cells 
----------------------------------------------------------------------------------------------------
0 Isolation Cells are unmapped 
0 Retention Clamp Cells are unmapped 
----------------------------------------------------------------------------------------------------
1
# Rename modules, signals according to the naming rules Used for tool exchange
define_name_rules asu_naming_rules -allowed {a-zA-Z0-9_} -max_length 256 -reserved_words [list "always" "and" "assign" "begin" "buf" "bufif0" "bufif1" "case" "casex" "casez" "cmos" "deassign" "default" "defparam" "disable" "edge" "else" "end" "endcase" "endfunction" "endmodule" "endprimitive" "endspecify" "endtable" "endtask" "event" "for" "force" "forever" "fork" "function" "highz0" "highz1" "if" "initial" "inout" "input" "integer" "join" "large" "macromodule" "medium" "module" "nand" "negedge" "nmos" "nor" "not" "notif0" "notif1" "or" "output" "pmos" "posedge" "primitive" "pull0" "pull1" "pulldown" "pullup" "rcmos" "reg" "release" "repeat" "rnmos" "rpmos" "rtran" "rtranif0" "rtranif1" "scalered" "small" "specify" "specparam" "strong0" "strong1" "supply0" "supply1" "table" "task" "time" "tran" "tranif0" "tranif1" "tri" "tri0" "tri1" "triand" "trior" "vectored" "wait" "wand" "weak0" "weak1" "while" "wire" "wor" "xnor" "xor" "abs" "access" "after" "alias" "all" "and" "architecture" "array" "assert" "attribute" "begin" "block" "body" "buffer" "bus" "case" "component" "configuration" "constant" "disconnect" "downto" "else" "elsif" "end" "entity" "exit" "file" "for" "function" "generate" "generic" "guarded" "if" "in" "inout" "is" "label" "library" "linkage" "loop" "map" "mod" "nand" "new" "next" "nor" "not" "null" "of" "on" "open" "or" "others" "out" "package" "port" "procedure" "process" "range" "record" "register" "rem" "report" "return" "select" "severity" "signal" "subtype" "then" "to" "transport" "type" "units" "until" "use" "variable" "wait" "when" "while" "with" "xor"] -case_insensitive -last_restricted "_" -first_restricted "_" -map {{{"*cell*","U"}, {"*-return","RET"}}} -collapse_name_space -equal_ports_nets -inout_ports_equal_nets
1
change_names -rules asu_naming_rules -verbose -hierarchy
Information: Building the design 'Dot_Product_Engine'. (HDL-193)
Error:  /home/a20330_asu/asap7_rundir/Lab4/RTL/GCN_new.sv:273: Cannot test variable 'compute_enable' because it was not in the event expression or with wrong polarity. (ELAB-300)
*** Presto compilation terminated with 1 errors. ***
Warning: Unable to resolve reference 'Dot_Product_Engine' in 'transformation_top_block'. (LINK-5)
Warning: Design 'GCN' has '1' unresolved references. For more detailed information, use the "link" command. (UID-341)

Design          Type    Object                  New Name
--------------------------------------------------------------------------------
Warning: The specified replacement character (_) is conflicting with the specified allowed or restricted character.   (UCN-4)
GCN             port    data_in[0][4]           data_in_0__4_
GCN             port    data_in[0][3]           data_in_0__3_
GCN             port    data_in[0][2]           data_in_0__2_
GCN             port    data_in[0][1]           data_in_0__1_
GCN             port    data_in[0][0]           data_in_0__0_
GCN             port    data_in[1][4]           data_in_1__4_
GCN             port    data_in[1][3]           data_in_1__3_
GCN             port    data_in[1][2]           data_in_1__2_
GCN             port    data_in[1][1]           data_in_1__1_
GCN             port    data_in[1][0]           data_in_1__0_
GCN             port    data_in[2][4]           data_in_2__4_
GCN             port    data_in[2][3]           data_in_2__3_
GCN             port    data_in[2][2]           data_in_2__2_
GCN             port    data_in[2][1]           data_in_2__1_
GCN             port    data_in[2][0]           data_in_2__0_
GCN             port    data_in[3][4]           data_in_3__4_
GCN             port    data_in[3][3]           data_in_3__3_
GCN             port    data_in[3][2]           data_in_3__2_
GCN             port    data_in[3][1]           data_in_3__1_
GCN             port    data_in[3][0]           data_in_3__0_
GCN             port    data_in[4][4]           data_in_4__4_
GCN             port    data_in[4][3]           data_in_4__3_
GCN             port    data_in[4][2]           data_in_4__2_
GCN             port    data_in[4][1]           data_in_4__1_
GCN             port    data_in[4][0]           data_in_4__0_
GCN             port    data_in[5][4]           data_in_5__4_
GCN             port    data_in[5][3]           data_in_5__3_
GCN             port    data_in[5][2]           data_in_5__2_
GCN             port    data_in[5][1]           data_in_5__1_
GCN             port    data_in[5][0]           data_in_5__0_
GCN             port    data_in[6][4]           data_in_6__4_
GCN             port    data_in[6][3]           data_in_6__3_
GCN             port    data_in[6][2]           data_in_6__2_
GCN             port    data_in[6][1]           data_in_6__1_
GCN             port    data_in[6][0]           data_in_6__0_
GCN             port    data_in[7][4]           data_in_7__4_
GCN             port    data_in[7][3]           data_in_7__3_
GCN             port    data_in[7][2]           data_in_7__2_
GCN             port    data_in[7][1]           data_in_7__1_
GCN             port    data_in[7][0]           data_in_7__0_
GCN             port    data_in[8][4]           data_in_8__4_
GCN             port    data_in[8][3]           data_in_8__3_
GCN             port    data_in[8][2]           data_in_8__2_
GCN             port    data_in[8][1]           data_in_8__1_
GCN             port    data_in[8][0]           data_in_8__0_
GCN             port    data_in[9][4]           data_in_9__4_
GCN             port    data_in[9][3]           data_in_9__3_
GCN             port    data_in[9][2]           data_in_9__2_
GCN             port    data_in[9][1]           data_in_9__1_
GCN             port    data_in[9][0]           data_in_9__0_
GCN             port    data_in[10][4]          data_in_10__4_
GCN             port    data_in[10][3]          data_in_10__3_
GCN             port    data_in[10][2]          data_in_10__2_
GCN             port    data_in[10][1]          data_in_10__1_
GCN             port    data_in[10][0]          data_in_10__0_
GCN             port    data_in[11][4]          data_in_11__4_
GCN             port    data_in[11][3]          data_in_11__3_
GCN             port    data_in[11][2]          data_in_11__2_
GCN             port    data_in[11][1]          data_in_11__1_
GCN             port    data_in[11][0]          data_in_11__0_
GCN             port    data_in[12][4]          data_in_12__4_
GCN             port    data_in[12][3]          data_in_12__3_
GCN             port    data_in[12][2]          data_in_12__2_
GCN             port    data_in[12][1]          data_in_12__1_
GCN             port    data_in[12][0]          data_in_12__0_
GCN             port    data_in[13][4]          data_in_13__4_
GCN             port    data_in[13][3]          data_in_13__3_
GCN             port    data_in[13][2]          data_in_13__2_
GCN             port    data_in[13][1]          data_in_13__1_
GCN             port    data_in[13][0]          data_in_13__0_
GCN             port    data_in[14][4]          data_in_14__4_
GCN             port    data_in[14][3]          data_in_14__3_
GCN             port    data_in[14][2]          data_in_14__2_
GCN             port    data_in[14][1]          data_in_14__1_
GCN             port    data_in[14][0]          data_in_14__0_
GCN             port    data_in[15][4]          data_in_15__4_
GCN             port    data_in[15][3]          data_in_15__3_
GCN             port    data_in[15][2]          data_in_15__2_
GCN             port    data_in[15][1]          data_in_15__1_
GCN             port    data_in[15][0]          data_in_15__0_
GCN             port    data_in[16][4]          data_in_16__4_
GCN             port    data_in[16][3]          data_in_16__3_
GCN             port    data_in[16][2]          data_in_16__2_
GCN             port    data_in[16][1]          data_in_16__1_
GCN             port    data_in[16][0]          data_in_16__0_
GCN             port    data_in[17][4]          data_in_17__4_
GCN             port    data_in[17][3]          data_in_17__3_
GCN             port    data_in[17][2]          data_in_17__2_
GCN             port    data_in[17][1]          data_in_17__1_
GCN             port    data_in[17][0]          data_in_17__0_
GCN             port    data_in[18][4]          data_in_18__4_
GCN             port    data_in[18][3]          data_in_18__3_
GCN             port    data_in[18][2]          data_in_18__2_
GCN             port    data_in[18][1]          data_in_18__1_
GCN             port    data_in[18][0]          data_in_18__0_
GCN             port    data_in[19][4]          data_in_19__4_
GCN             port    data_in[19][3]          data_in_19__3_
GCN             port    data_in[19][2]          data_in_19__2_
GCN             port    data_in[19][1]          data_in_19__1_
GCN             port    data_in[19][0]          data_in_19__0_
GCN             port    data_in[20][4]          data_in_20__4_
GCN             port    data_in[20][3]          data_in_20__3_
GCN             port    data_in[20][2]          data_in_20__2_
GCN             port    data_in[20][1]          data_in_20__1_
GCN             port    data_in[20][0]          data_in_20__0_
GCN             port    data_in[21][4]          data_in_21__4_
GCN             port    data_in[21][3]          data_in_21__3_
GCN             port    data_in[21][2]          data_in_21__2_
GCN             port    data_in[21][1]          data_in_21__1_
GCN             port    data_in[21][0]          data_in_21__0_
GCN             port    data_in[22][4]          data_in_22__4_
GCN             port    data_in[22][3]          data_in_22__3_
GCN             port    data_in[22][2]          data_in_22__2_
GCN             port    data_in[22][1]          data_in_22__1_
GCN             port    data_in[22][0]          data_in_22__0_
GCN             port    data_in[23][4]          data_in_23__4_
GCN             port    data_in[23][3]          data_in_23__3_
GCN             port    data_in[23][2]          data_in_23__2_
GCN             port    data_in[23][1]          data_in_23__1_
GCN             port    data_in[23][0]          data_in_23__0_
GCN             port    data_in[24][4]          data_in_24__4_
GCN             port    data_in[24][3]          data_in_24__3_
GCN             port    data_in[24][2]          data_in_24__2_
GCN             port    data_in[24][1]          data_in_24__1_
GCN             port    data_in[24][0]          data_in_24__0_
GCN             port    data_in[25][4]          data_in_25__4_
GCN             port    data_in[25][3]          data_in_25__3_
GCN             port    data_in[25][2]          data_in_25__2_
GCN             port    data_in[25][1]          data_in_25__1_
GCN             port    data_in[25][0]          data_in_25__0_
GCN             port    data_in[26][4]          data_in_26__4_
GCN             port    data_in[26][3]          data_in_26__3_
GCN             port    data_in[26][2]          data_in_26__2_
GCN             port    data_in[26][1]          data_in_26__1_
GCN             port    data_in[26][0]          data_in_26__0_
GCN             port    data_in[27][4]          data_in_27__4_
GCN             port    data_in[27][3]          data_in_27__3_
GCN             port    data_in[27][2]          data_in_27__2_
GCN             port    data_in[27][1]          data_in_27__1_
GCN             port    data_in[27][0]          data_in_27__0_
GCN             port    data_in[28][4]          data_in_28__4_
GCN             port    data_in[28][3]          data_in_28__3_
GCN             port    data_in[28][2]          data_in_28__2_
GCN             port    data_in[28][1]          data_in_28__1_
GCN             port    data_in[28][0]          data_in_28__0_
GCN             port    data_in[29][4]          data_in_29__4_
GCN             port    data_in[29][3]          data_in_29__3_
GCN             port    data_in[29][2]          data_in_29__2_
GCN             port    data_in[29][1]          data_in_29__1_
GCN             port    data_in[29][0]          data_in_29__0_
GCN             port    data_in[30][4]          data_in_30__4_
GCN             port    data_in[30][3]          data_in_30__3_
GCN             port    data_in[30][2]          data_in_30__2_
GCN             port    data_in[30][1]          data_in_30__1_
GCN             port    data_in[30][0]          data_in_30__0_
GCN             port    data_in[31][4]          data_in_31__4_
GCN             port    data_in[31][3]          data_in_31__3_
GCN             port    data_in[31][2]          data_in_31__2_
GCN             port    data_in[31][1]          data_in_31__1_
GCN             port    data_in[31][0]          data_in_31__0_
GCN             port    data_in[32][4]          data_in_32__4_
GCN             port    data_in[32][3]          data_in_32__3_
GCN             port    data_in[32][2]          data_in_32__2_
GCN             port    data_in[32][1]          data_in_32__1_
GCN             port    data_in[32][0]          data_in_32__0_
GCN             port    data_in[33][4]          data_in_33__4_
GCN             port    data_in[33][3]          data_in_33__3_
GCN             port    data_in[33][2]          data_in_33__2_
GCN             port    data_in[33][1]          data_in_33__1_
GCN             port    data_in[33][0]          data_in_33__0_
GCN             port    data_in[34][4]          data_in_34__4_
GCN             port    data_in[34][3]          data_in_34__3_
GCN             port    data_in[34][2]          data_in_34__2_
GCN             port    data_in[34][1]          data_in_34__1_
GCN             port    data_in[34][0]          data_in_34__0_
GCN             port    data_in[35][4]          data_in_35__4_
GCN             port    data_in[35][3]          data_in_35__3_
GCN             port    data_in[35][2]          data_in_35__2_
GCN             port    data_in[35][1]          data_in_35__1_
GCN             port    data_in[35][0]          data_in_35__0_
GCN             port    data_in[36][4]          data_in_36__4_
GCN             port    data_in[36][3]          data_in_36__3_
GCN             port    data_in[36][2]          data_in_36__2_
GCN             port    data_in[36][1]          data_in_36__1_
GCN             port    data_in[36][0]          data_in_36__0_
GCN             port    data_in[37][4]          data_in_37__4_
GCN             port    data_in[37][3]          data_in_37__3_
GCN             port    data_in[37][2]          data_in_37__2_
GCN             port    data_in[37][1]          data_in_37__1_
GCN             port    data_in[37][0]          data_in_37__0_
GCN             port    data_in[38][4]          data_in_38__4_
GCN             port    data_in[38][3]          data_in_38__3_
GCN             port    data_in[38][2]          data_in_38__2_
GCN             port    data_in[38][1]          data_in_38__1_
GCN             port    data_in[38][0]          data_in_38__0_
GCN             port    data_in[39][4]          data_in_39__4_
GCN             port    data_in[39][3]          data_in_39__3_
GCN             port    data_in[39][2]          data_in_39__2_
GCN             port    data_in[39][1]          data_in_39__1_
GCN             port    data_in[39][0]          data_in_39__0_
GCN             port    data_in[40][4]          data_in_40__4_
GCN             port    data_in[40][3]          data_in_40__3_
GCN             port    data_in[40][2]          data_in_40__2_
GCN             port    data_in[40][1]          data_in_40__1_
GCN             port    data_in[40][0]          data_in_40__0_
GCN             port    data_in[41][4]          data_in_41__4_
GCN             port    data_in[41][3]          data_in_41__3_
GCN             port    data_in[41][2]          data_in_41__2_
GCN             port    data_in[41][1]          data_in_41__1_
GCN             port    data_in[41][0]          data_in_41__0_
GCN             port    data_in[42][4]          data_in_42__4_
GCN             port    data_in[42][3]          data_in_42__3_
GCN             port    data_in[42][2]          data_in_42__2_
GCN             port    data_in[42][1]          data_in_42__1_
GCN             port    data_in[42][0]          data_in_42__0_
GCN             port    data_in[43][4]          data_in_43__4_
GCN             port    data_in[43][3]          data_in_43__3_
GCN             port    data_in[43][2]          data_in_43__2_
GCN             port    data_in[43][1]          data_in_43__1_
GCN             port    data_in[43][0]          data_in_43__0_
GCN             port    data_in[44][4]          data_in_44__4_
GCN             port    data_in[44][3]          data_in_44__3_
GCN             port    data_in[44][2]          data_in_44__2_
GCN             port    data_in[44][1]          data_in_44__1_
GCN             port    data_in[44][0]          data_in_44__0_
GCN             port    data_in[45][4]          data_in_45__4_
GCN             port    data_in[45][3]          data_in_45__3_
GCN             port    data_in[45][2]          data_in_45__2_
GCN             port    data_in[45][1]          data_in_45__1_
GCN             port    data_in[45][0]          data_in_45__0_
GCN             port    data_in[46][4]          data_in_46__4_
GCN             port    data_in[46][3]          data_in_46__3_
GCN             port    data_in[46][2]          data_in_46__2_
GCN             port    data_in[46][1]          data_in_46__1_
GCN             port    data_in[46][0]          data_in_46__0_
GCN             port    data_in[47][4]          data_in_47__4_
GCN             port    data_in[47][3]          data_in_47__3_
GCN             port    data_in[47][2]          data_in_47__2_
GCN             port    data_in[47][1]          data_in_47__1_
GCN             port    data_in[47][0]          data_in_47__0_
GCN             port    data_in[48][4]          data_in_48__4_
GCN             port    data_in[48][3]          data_in_48__3_
GCN             port    data_in[48][2]          data_in_48__2_
GCN             port    data_in[48][1]          data_in_48__1_
GCN             port    data_in[48][0]          data_in_48__0_
GCN             port    data_in[49][4]          data_in_49__4_
GCN             port    data_in[49][3]          data_in_49__3_
GCN             port    data_in[49][2]          data_in_49__2_
GCN             port    data_in[49][1]          data_in_49__1_
GCN             port    data_in[49][0]          data_in_49__0_
GCN             port    data_in[50][4]          data_in_50__4_
GCN             port    data_in[50][3]          data_in_50__3_
GCN             port    data_in[50][2]          data_in_50__2_
GCN             port    data_in[50][1]          data_in_50__1_
GCN             port    data_in[50][0]          data_in_50__0_
GCN             port    data_in[51][4]          data_in_51__4_
GCN             port    data_in[51][3]          data_in_51__3_
GCN             port    data_in[51][2]          data_in_51__2_
GCN             port    data_in[51][1]          data_in_51__1_
GCN             port    data_in[51][0]          data_in_51__0_
GCN             port    data_in[52][4]          data_in_52__4_
GCN             port    data_in[52][3]          data_in_52__3_
GCN             port    data_in[52][2]          data_in_52__2_
GCN             port    data_in[52][1]          data_in_52__1_
GCN             port    data_in[52][0]          data_in_52__0_
GCN             port    data_in[53][4]          data_in_53__4_
GCN             port    data_in[53][3]          data_in_53__3_
GCN             port    data_in[53][2]          data_in_53__2_
GCN             port    data_in[53][1]          data_in_53__1_
GCN             port    data_in[53][0]          data_in_53__0_
GCN             port    data_in[54][4]          data_in_54__4_
GCN             port    data_in[54][3]          data_in_54__3_
GCN             port    data_in[54][2]          data_in_54__2_
GCN             port    data_in[54][1]          data_in_54__1_
GCN             port    data_in[54][0]          data_in_54__0_
GCN             port    data_in[55][4]          data_in_55__4_
GCN             port    data_in[55][3]          data_in_55__3_
GCN             port    data_in[55][2]          data_in_55__2_
GCN             port    data_in[55][1]          data_in_55__1_
GCN             port    data_in[55][0]          data_in_55__0_
GCN             port    data_in[56][4]          data_in_56__4_
GCN             port    data_in[56][3]          data_in_56__3_
GCN             port    data_in[56][2]          data_in_56__2_
GCN             port    data_in[56][1]          data_in_56__1_
GCN             port    data_in[56][0]          data_in_56__0_
GCN             port    data_in[57][4]          data_in_57__4_
GCN             port    data_in[57][3]          data_in_57__3_
GCN             port    data_in[57][2]          data_in_57__2_
GCN             port    data_in[57][1]          data_in_57__1_
GCN             port    data_in[57][0]          data_in_57__0_
GCN             port    data_in[58][4]          data_in_58__4_
GCN             port    data_in[58][3]          data_in_58__3_
GCN             port    data_in[58][2]          data_in_58__2_
GCN             port    data_in[58][1]          data_in_58__1_
GCN             port    data_in[58][0]          data_in_58__0_
GCN             port    data_in[59][4]          data_in_59__4_
GCN             port    data_in[59][3]          data_in_59__3_
GCN             port    data_in[59][2]          data_in_59__2_
GCN             port    data_in[59][1]          data_in_59__1_
GCN             port    data_in[59][0]          data_in_59__0_
GCN             port    data_in[60][4]          data_in_60__4_
GCN             port    data_in[60][3]          data_in_60__3_
GCN             port    data_in[60][2]          data_in_60__2_
GCN             port    data_in[60][1]          data_in_60__1_
GCN             port    data_in[60][0]          data_in_60__0_
GCN             port    data_in[61][4]          data_in_61__4_
GCN             port    data_in[61][3]          data_in_61__3_
GCN             port    data_in[61][2]          data_in_61__2_
GCN             port    data_in[61][1]          data_in_61__1_
GCN             port    data_in[61][0]          data_in_61__0_
GCN             port    data_in[62][4]          data_in_62__4_
GCN             port    data_in[62][3]          data_in_62__3_
GCN             port    data_in[62][2]          data_in_62__2_
GCN             port    data_in[62][1]          data_in_62__1_
GCN             port    data_in[62][0]          data_in_62__0_
GCN             port    data_in[63][4]          data_in_63__4_
GCN             port    data_in[63][3]          data_in_63__3_
GCN             port    data_in[63][2]          data_in_63__2_
GCN             port    data_in[63][1]          data_in_63__1_
GCN             port    data_in[63][0]          data_in_63__0_
GCN             port    data_in[64][4]          data_in_64__4_
GCN             port    data_in[64][3]          data_in_64__3_
GCN             port    data_in[64][2]          data_in_64__2_
GCN             port    data_in[64][1]          data_in_64__1_
GCN             port    data_in[64][0]          data_in_64__0_
GCN             port    data_in[65][4]          data_in_65__4_
GCN             port    data_in[65][3]          data_in_65__3_
GCN             port    data_in[65][2]          data_in_65__2_
GCN             port    data_in[65][1]          data_in_65__1_
GCN             port    data_in[65][0]          data_in_65__0_
GCN             port    data_in[66][4]          data_in_66__4_
GCN             port    data_in[66][3]          data_in_66__3_
GCN             port    data_in[66][2]          data_in_66__2_
GCN             port    data_in[66][1]          data_in_66__1_
GCN             port    data_in[66][0]          data_in_66__0_
GCN             port    data_in[67][4]          data_in_67__4_
GCN             port    data_in[67][3]          data_in_67__3_
GCN             port    data_in[67][2]          data_in_67__2_
GCN             port    data_in[67][1]          data_in_67__1_
GCN             port    data_in[67][0]          data_in_67__0_
GCN             port    data_in[68][4]          data_in_68__4_
GCN             port    data_in[68][3]          data_in_68__3_
GCN             port    data_in[68][2]          data_in_68__2_
GCN             port    data_in[68][1]          data_in_68__1_
GCN             port    data_in[68][0]          data_in_68__0_
GCN             port    data_in[69][4]          data_in_69__4_
GCN             port    data_in[69][3]          data_in_69__3_
GCN             port    data_in[69][2]          data_in_69__2_
GCN             port    data_in[69][1]          data_in_69__1_
GCN             port    data_in[69][0]          data_in_69__0_
GCN             port    data_in[70][4]          data_in_70__4_
GCN             port    data_in[70][3]          data_in_70__3_
GCN             port    data_in[70][2]          data_in_70__2_
GCN             port    data_in[70][1]          data_in_70__1_
GCN             port    data_in[70][0]          data_in_70__0_
GCN             port    data_in[71][4]          data_in_71__4_
GCN             port    data_in[71][3]          data_in_71__3_
GCN             port    data_in[71][2]          data_in_71__2_
GCN             port    data_in[71][1]          data_in_71__1_
GCN             port    data_in[71][0]          data_in_71__0_
GCN             port    data_in[72][4]          data_in_72__4_
GCN             port    data_in[72][3]          data_in_72__3_
GCN             port    data_in[72][2]          data_in_72__2_
GCN             port    data_in[72][1]          data_in_72__1_
GCN             port    data_in[72][0]          data_in_72__0_
GCN             port    data_in[73][4]          data_in_73__4_
GCN             port    data_in[73][3]          data_in_73__3_
GCN             port    data_in[73][2]          data_in_73__2_
GCN             port    data_in[73][1]          data_in_73__1_
GCN             port    data_in[73][0]          data_in_73__0_
GCN             port    data_in[74][4]          data_in_74__4_
GCN             port    data_in[74][3]          data_in_74__3_
GCN             port    data_in[74][2]          data_in_74__2_
GCN             port    data_in[74][1]          data_in_74__1_
GCN             port    data_in[74][0]          data_in_74__0_
GCN             port    data_in[75][4]          data_in_75__4_
GCN             port    data_in[75][3]          data_in_75__3_
GCN             port    data_in[75][2]          data_in_75__2_
GCN             port    data_in[75][1]          data_in_75__1_
GCN             port    data_in[75][0]          data_in_75__0_
GCN             port    data_in[76][4]          data_in_76__4_
GCN             port    data_in[76][3]          data_in_76__3_
GCN             port    data_in[76][2]          data_in_76__2_
GCN             port    data_in[76][1]          data_in_76__1_
GCN             port    data_in[76][0]          data_in_76__0_
GCN             port    data_in[77][4]          data_in_77__4_
GCN             port    data_in[77][3]          data_in_77__3_
GCN             port    data_in[77][2]          data_in_77__2_
GCN             port    data_in[77][1]          data_in_77__1_
GCN             port    data_in[77][0]          data_in_77__0_
GCN             port    data_in[78][4]          data_in_78__4_
GCN             port    data_in[78][3]          data_in_78__3_
GCN             port    data_in[78][2]          data_in_78__2_
GCN             port    data_in[78][1]          data_in_78__1_
GCN             port    data_in[78][0]          data_in_78__0_
GCN             port    data_in[79][4]          data_in_79__4_
GCN             port    data_in[79][3]          data_in_79__3_
GCN             port    data_in[79][2]          data_in_79__2_
GCN             port    data_in[79][1]          data_in_79__1_
GCN             port    data_in[79][0]          data_in_79__0_
GCN             port    data_in[80][4]          data_in_80__4_
GCN             port    data_in[80][3]          data_in_80__3_
GCN             port    data_in[80][2]          data_in_80__2_
GCN             port    data_in[80][1]          data_in_80__1_
GCN             port    data_in[80][0]          data_in_80__0_
GCN             port    data_in[81][4]          data_in_81__4_
GCN             port    data_in[81][3]          data_in_81__3_
GCN             port    data_in[81][2]          data_in_81__2_
GCN             port    data_in[81][1]          data_in_81__1_
GCN             port    data_in[81][0]          data_in_81__0_
GCN             port    data_in[82][4]          data_in_82__4_
GCN             port    data_in[82][3]          data_in_82__3_
GCN             port    data_in[82][2]          data_in_82__2_
GCN             port    data_in[82][1]          data_in_82__1_
GCN             port    data_in[82][0]          data_in_82__0_
GCN             port    data_in[83][4]          data_in_83__4_
GCN             port    data_in[83][3]          data_in_83__3_
GCN             port    data_in[83][2]          data_in_83__2_
GCN             port    data_in[83][1]          data_in_83__1_
GCN             port    data_in[83][0]          data_in_83__0_
GCN             port    data_in[84][4]          data_in_84__4_
GCN             port    data_in[84][3]          data_in_84__3_
GCN             port    data_in[84][2]          data_in_84__2_
GCN             port    data_in[84][1]          data_in_84__1_
GCN             port    data_in[84][0]          data_in_84__0_
GCN             port    data_in[85][4]          data_in_85__4_
GCN             port    data_in[85][3]          data_in_85__3_
GCN             port    data_in[85][2]          data_in_85__2_
GCN             port    data_in[85][1]          data_in_85__1_
GCN             port    data_in[85][0]          data_in_85__0_
GCN             port    data_in[86][4]          data_in_86__4_
GCN             port    data_in[86][3]          data_in_86__3_
GCN             port    data_in[86][2]          data_in_86__2_
GCN             port    data_in[86][1]          data_in_86__1_
GCN             port    data_in[86][0]          data_in_86__0_
GCN             port    data_in[87][4]          data_in_87__4_
GCN             port    data_in[87][3]          data_in_87__3_
GCN             port    data_in[87][2]          data_in_87__2_
GCN             port    data_in[87][1]          data_in_87__1_
GCN             port    data_in[87][0]          data_in_87__0_
GCN             port    data_in[88][4]          data_in_88__4_
GCN             port    data_in[88][3]          data_in_88__3_
GCN             port    data_in[88][2]          data_in_88__2_
GCN             port    data_in[88][1]          data_in_88__1_
GCN             port    data_in[88][0]          data_in_88__0_
GCN             port    data_in[89][4]          data_in_89__4_
GCN             port    data_in[89][3]          data_in_89__3_
GCN             port    data_in[89][2]          data_in_89__2_
GCN             port    data_in[89][1]          data_in_89__1_
GCN             port    data_in[89][0]          data_in_89__0_
GCN             port    data_in[90][4]          data_in_90__4_
GCN             port    data_in[90][3]          data_in_90__3_
GCN             port    data_in[90][2]          data_in_90__2_
GCN             port    data_in[90][1]          data_in_90__1_
GCN             port    data_in[90][0]          data_in_90__0_
GCN             port    data_in[91][4]          data_in_91__4_
GCN             port    data_in[91][3]          data_in_91__3_
GCN             port    data_in[91][2]          data_in_91__2_
GCN             port    data_in[91][1]          data_in_91__1_
GCN             port    data_in[91][0]          data_in_91__0_
GCN             port    data_in[92][4]          data_in_92__4_
GCN             port    data_in[92][3]          data_in_92__3_
GCN             port    data_in[92][2]          data_in_92__2_
GCN             port    data_in[92][1]          data_in_92__1_
GCN             port    data_in[92][0]          data_in_92__0_
GCN             port    data_in[93][4]          data_in_93__4_
GCN             port    data_in[93][3]          data_in_93__3_
GCN             port    data_in[93][2]          data_in_93__2_
GCN             port    data_in[93][1]          data_in_93__1_
GCN             port    data_in[93][0]          data_in_93__0_
GCN             port    data_in[94][4]          data_in_94__4_
GCN             port    data_in[94][3]          data_in_94__3_
GCN             port    data_in[94][2]          data_in_94__2_
GCN             port    data_in[94][1]          data_in_94__1_
GCN             port    data_in[94][0]          data_in_94__0_
GCN             port    data_in[95][4]          data_in_95__4_
GCN             port    data_in[95][3]          data_in_95__3_
GCN             port    data_in[95][2]          data_in_95__2_
GCN             port    data_in[95][1]          data_in_95__1_
GCN             port    data_in[95][0]          data_in_95__0_
GCN             port    coo_in[0][2]            coo_in_0__2_
GCN             port    coo_in[0][1]            coo_in_0__1_
GCN             port    coo_in[0][0]            coo_in_0__0_
GCN             port    coo_in[1][2]            coo_in_1__2_
GCN             port    coo_in[1][1]            coo_in_1__1_
GCN             port    coo_in[1][0]            coo_in_1__0_
GCN             port    max_addi_answer[0][1]   max_addi_answer_0__1_
GCN             port    max_addi_answer[0][0]   max_addi_answer_0__0_
GCN             port    max_addi_answer[1][1]   max_addi_answer_1__1_
GCN             port    max_addi_answer[1][0]   max_addi_answer_1__0_
GCN             port    max_addi_answer[2][1]   max_addi_answer_2__1_
GCN             port    max_addi_answer[2][0]   max_addi_answer_2__0_
GCN             port    max_addi_answer[3][1]   max_addi_answer_3__1_
GCN             port    max_addi_answer[3][0]   max_addi_answer_3__0_
GCN             port    max_addi_answer[4][1]   max_addi_answer_4__1_
GCN             port    max_addi_answer[4][0]   max_addi_answer_4__0_
GCN             port    max_addi_answer[5][1]   max_addi_answer_5__1_
GCN             port    max_addi_answer[5][0]   max_addi_answer_5__0_
GCN             cell    comtop/coo_index_reg[2] comtop_coo_index_reg_2_
GCN             cell    comtop/coo_index_reg[1] comtop_coo_index_reg_1_
GCN             cell    comtop/coo_index_reg[0] comtop_coo_index_reg_0_
GCN             cell    comtop/comb_done_reg    comtop_comb_done_reg
GCN             cell    argtop/done_arg_reg     argtop_done_arg_reg
GCN             cell    comtop/coo_counter_reg[1] comtop_coo_counter_reg_1_
GCN             cell    comtop/coo_counter_reg[0] comtop_coo_counter_reg_0_
GCN             cell    comtop/coo_counter_reg[2] comtop_coo_counter_reg_2_
GCN             cell    comtop/coo_addr_reg[0]  comtop_coo_addr_reg_0_
GCN             cell    comtop/coo_addr_reg[1]  comtop_coo_addr_reg_1_
GCN             cell    comtop/coo_addr_reg[2]  comtop_coo_addr_reg_2_
GCN             cell    comtop/weight_counter_reg[0] comtop_weight_counter_reg_0_
GCN             cell    comtop/weight_counter_reg[1] comtop_weight_counter_reg_1_
GCN             cell    comtop/weight_counter_reg[2] comtop_weight_counter_reg_2_
GCN             cell    comtop/coo_matrix_reg[1][5][0] comtop_coo_matrix_reg_1__5__0_
GCN             cell    comtop/coo_matrix_reg[1][5][1] comtop_coo_matrix_reg_1__5__1_
GCN             cell    comtop/coo_matrix_reg[1][5][2] comtop_coo_matrix_reg_1__5__2_
GCN             cell    comtop/coo_matrix_reg[1][4][0] comtop_coo_matrix_reg_1__4__0_
GCN             cell    comtop/coo_matrix_reg[1][4][1] comtop_coo_matrix_reg_1__4__1_
GCN             cell    comtop/coo_matrix_reg[1][4][2] comtop_coo_matrix_reg_1__4__2_
GCN             cell    comtop/coo_matrix_reg[1][3][0] comtop_coo_matrix_reg_1__3__0_
GCN             cell    comtop/coo_matrix_reg[1][3][1] comtop_coo_matrix_reg_1__3__1_
GCN             cell    comtop/coo_matrix_reg[1][3][2] comtop_coo_matrix_reg_1__3__2_
GCN             cell    comtop/coo_matrix_reg[1][2][0] comtop_coo_matrix_reg_1__2__0_
GCN             cell    comtop/coo_matrix_reg[1][2][1] comtop_coo_matrix_reg_1__2__1_
GCN             cell    comtop/coo_matrix_reg[1][2][2] comtop_coo_matrix_reg_1__2__2_
GCN             cell    comtop/coo_matrix_reg[1][1][0] comtop_coo_matrix_reg_1__1__0_
GCN             cell    comtop/coo_matrix_reg[1][1][1] comtop_coo_matrix_reg_1__1__1_
GCN             cell    comtop/coo_matrix_reg[1][1][2] comtop_coo_matrix_reg_1__1__2_
GCN             cell    comtop/coo_matrix_reg[1][0][0] comtop_coo_matrix_reg_1__0__0_
GCN             cell    comtop/coo_matrix_reg[1][0][1] comtop_coo_matrix_reg_1__0__1_
GCN             cell    comtop/coo_matrix_reg[1][0][2] comtop_coo_matrix_reg_1__0__2_
GCN             cell    comtop/coo_matrix_reg[0][5][0] comtop_coo_matrix_reg_0__5__0_
GCN             cell    comtop/coo_matrix_reg[0][5][1] comtop_coo_matrix_reg_0__5__1_
GCN             cell    comtop/coo_matrix_reg[0][5][2] comtop_coo_matrix_reg_0__5__2_
GCN             cell    comtop/coo_matrix_reg[0][4][0] comtop_coo_matrix_reg_0__4__0_
GCN             cell    comtop/coo_matrix_reg[0][4][1] comtop_coo_matrix_reg_0__4__1_
GCN             cell    comtop/coo_matrix_reg[0][4][2] comtop_coo_matrix_reg_0__4__2_
GCN             cell    comtop/coo_matrix_reg[0][3][0] comtop_coo_matrix_reg_0__3__0_
GCN             cell    comtop/coo_matrix_reg[0][3][1] comtop_coo_matrix_reg_0__3__1_
GCN             cell    comtop/coo_matrix_reg[0][3][2] comtop_coo_matrix_reg_0__3__2_
GCN             cell    comtop/coo_matrix_reg[0][2][0] comtop_coo_matrix_reg_0__2__0_
GCN             cell    comtop/coo_matrix_reg[0][2][1] comtop_coo_matrix_reg_0__2__1_
GCN             cell    comtop/coo_matrix_reg[0][2][2] comtop_coo_matrix_reg_0__2__2_
GCN             cell    comtop/coo_matrix_reg[0][1][0] comtop_coo_matrix_reg_0__1__0_
GCN             cell    comtop/coo_matrix_reg[0][1][1] comtop_coo_matrix_reg_0__1__1_
GCN             cell    comtop/coo_matrix_reg[0][1][2] comtop_coo_matrix_reg_0__1__2_
GCN             cell    comtop/coo_matrix_reg[0][0][0] comtop_coo_matrix_reg_0__0__0_
GCN             cell    comtop/coo_matrix_reg[0][0][1] comtop_coo_matrix_reg_0__0__1_
GCN             cell    comtop/coo_matrix_reg[0][0][2] comtop_coo_matrix_reg_0__0__2_
GCN             cell    comtop/adjacency_matrix_reg[4][2][0] comtop_adjacency_matrix_reg_4__2__0_
GCN             cell    comtop/adjacency_matrix_reg[4][2][1] comtop_adjacency_matrix_reg_4__2__1_
GCN             cell    comtop/adjacency_matrix_reg[4][2][2] comtop_adjacency_matrix_reg_4__2__2_
GCN             cell    comtop/adjacency_matrix_reg[4][2][3] comtop_adjacency_matrix_reg_4__2__3_
GCN             cell    comtop/adjacency_matrix_reg[4][2][4] comtop_adjacency_matrix_reg_4__2__4_
GCN             cell    comtop/adjacency_matrix_reg[4][2][5] comtop_adjacency_matrix_reg_4__2__5_
GCN             cell    comtop/adjacency_matrix_reg[4][2][6] comtop_adjacency_matrix_reg_4__2__6_
GCN             cell    comtop/adjacency_matrix_reg[4][2][7] comtop_adjacency_matrix_reg_4__2__7_
GCN             cell    comtop/adjacency_matrix_reg[4][2][8] comtop_adjacency_matrix_reg_4__2__8_
GCN             cell    comtop/adjacency_matrix_reg[4][2][9] comtop_adjacency_matrix_reg_4__2__9_
GCN             cell    comtop/adjacency_matrix_reg[4][2][10] comtop_adjacency_matrix_reg_4__2__10_
GCN             cell    comtop/adjacency_matrix_reg[4][2][11] comtop_adjacency_matrix_reg_4__2__11_
GCN             cell    comtop/adjacency_matrix_reg[4][2][12] comtop_adjacency_matrix_reg_4__2__12_
GCN             cell    comtop/adjacency_matrix_reg[4][2][13] comtop_adjacency_matrix_reg_4__2__13_
GCN             cell    comtop/adjacency_matrix_reg[4][2][14] comtop_adjacency_matrix_reg_4__2__14_
GCN             cell    comtop/adjacency_matrix_reg[4][2][15] comtop_adjacency_matrix_reg_4__2__15_
GCN             cell    comtop/adjacency_matrix_reg[4][1][0] comtop_adjacency_matrix_reg_4__1__0_
GCN             cell    comtop/adjacency_matrix_reg[4][1][1] comtop_adjacency_matrix_reg_4__1__1_
GCN             cell    comtop/adjacency_matrix_reg[4][1][2] comtop_adjacency_matrix_reg_4__1__2_
GCN             cell    comtop/adjacency_matrix_reg[4][1][3] comtop_adjacency_matrix_reg_4__1__3_
GCN             cell    comtop/adjacency_matrix_reg[4][1][4] comtop_adjacency_matrix_reg_4__1__4_
GCN             cell    comtop/adjacency_matrix_reg[4][1][5] comtop_adjacency_matrix_reg_4__1__5_
GCN             cell    comtop/adjacency_matrix_reg[4][1][6] comtop_adjacency_matrix_reg_4__1__6_
GCN             cell    comtop/adjacency_matrix_reg[4][1][7] comtop_adjacency_matrix_reg_4__1__7_
GCN             cell    comtop/adjacency_matrix_reg[4][1][8] comtop_adjacency_matrix_reg_4__1__8_
GCN             cell    comtop/adjacency_matrix_reg[4][1][9] comtop_adjacency_matrix_reg_4__1__9_
GCN             cell    comtop/adjacency_matrix_reg[4][1][10] comtop_adjacency_matrix_reg_4__1__10_
GCN             cell    comtop/adjacency_matrix_reg[4][1][11] comtop_adjacency_matrix_reg_4__1__11_
GCN             cell    comtop/adjacency_matrix_reg[4][1][12] comtop_adjacency_matrix_reg_4__1__12_
GCN             cell    comtop/adjacency_matrix_reg[4][1][13] comtop_adjacency_matrix_reg_4__1__13_
GCN             cell    comtop/adjacency_matrix_reg[4][1][14] comtop_adjacency_matrix_reg_4__1__14_
GCN             cell    comtop/adjacency_matrix_reg[4][1][15] comtop_adjacency_matrix_reg_4__1__15_
GCN             cell    comtop/adjacency_matrix_reg[4][0][0] comtop_adjacency_matrix_reg_4__0__0_
GCN             cell    comtop/adjacency_matrix_reg[4][0][1] comtop_adjacency_matrix_reg_4__0__1_
GCN             cell    comtop/adjacency_matrix_reg[4][0][2] comtop_adjacency_matrix_reg_4__0__2_
GCN             cell    comtop/adjacency_matrix_reg[4][0][3] comtop_adjacency_matrix_reg_4__0__3_
GCN             cell    comtop/adjacency_matrix_reg[4][0][4] comtop_adjacency_matrix_reg_4__0__4_
GCN             cell    comtop/adjacency_matrix_reg[4][0][5] comtop_adjacency_matrix_reg_4__0__5_
GCN             cell    comtop/adjacency_matrix_reg[4][0][6] comtop_adjacency_matrix_reg_4__0__6_
GCN             cell    comtop/adjacency_matrix_reg[4][0][7] comtop_adjacency_matrix_reg_4__0__7_
GCN             cell    comtop/adjacency_matrix_reg[4][0][8] comtop_adjacency_matrix_reg_4__0__8_
GCN             cell    comtop/adjacency_matrix_reg[4][0][9] comtop_adjacency_matrix_reg_4__0__9_
GCN             cell    comtop/adjacency_matrix_reg[4][0][10] comtop_adjacency_matrix_reg_4__0__10_
GCN             cell    comtop/adjacency_matrix_reg[4][0][11] comtop_adjacency_matrix_reg_4__0__11_
GCN             cell    comtop/adjacency_matrix_reg[4][0][12] comtop_adjacency_matrix_reg_4__0__12_
GCN             cell    comtop/adjacency_matrix_reg[4][0][13] comtop_adjacency_matrix_reg_4__0__13_
GCN             cell    comtop/adjacency_matrix_reg[4][0][14] comtop_adjacency_matrix_reg_4__0__14_
GCN             cell    comtop/adjacency_matrix_reg[4][0][15] comtop_adjacency_matrix_reg_4__0__15_
GCN             cell    comtop/adjacency_matrix_reg[3][1][0] comtop_adjacency_matrix_reg_3__1__0_
GCN             cell    comtop/adjacency_matrix_reg[3][1][1] comtop_adjacency_matrix_reg_3__1__1_
GCN             cell    comtop/adjacency_matrix_reg[3][1][2] comtop_adjacency_matrix_reg_3__1__2_
GCN             cell    comtop/adjacency_matrix_reg[3][1][3] comtop_adjacency_matrix_reg_3__1__3_
GCN             cell    comtop/adjacency_matrix_reg[3][1][4] comtop_adjacency_matrix_reg_3__1__4_
GCN             cell    comtop/adjacency_matrix_reg[3][1][5] comtop_adjacency_matrix_reg_3__1__5_
GCN             cell    comtop/adjacency_matrix_reg[3][1][6] comtop_adjacency_matrix_reg_3__1__6_
GCN             cell    comtop/adjacency_matrix_reg[3][1][7] comtop_adjacency_matrix_reg_3__1__7_
GCN             cell    comtop/adjacency_matrix_reg[3][1][8] comtop_adjacency_matrix_reg_3__1__8_
GCN             cell    comtop/adjacency_matrix_reg[3][1][9] comtop_adjacency_matrix_reg_3__1__9_
GCN             cell    comtop/adjacency_matrix_reg[3][1][10] comtop_adjacency_matrix_reg_3__1__10_
GCN             cell    comtop/adjacency_matrix_reg[3][1][11] comtop_adjacency_matrix_reg_3__1__11_
GCN             cell    comtop/adjacency_matrix_reg[3][1][12] comtop_adjacency_matrix_reg_3__1__12_
GCN             cell    comtop/adjacency_matrix_reg[3][1][13] comtop_adjacency_matrix_reg_3__1__13_
GCN             cell    comtop/adjacency_matrix_reg[3][1][14] comtop_adjacency_matrix_reg_3__1__14_
GCN             cell    comtop/adjacency_matrix_reg[3][1][15] comtop_adjacency_matrix_reg_3__1__15_
GCN             cell    comtop/adjacency_matrix_reg[3][2][0] comtop_adjacency_matrix_reg_3__2__0_
GCN             cell    comtop/adjacency_matrix_reg[3][2][1] comtop_adjacency_matrix_reg_3__2__1_
GCN             cell    comtop/adjacency_matrix_reg[3][2][2] comtop_adjacency_matrix_reg_3__2__2_
GCN             cell    comtop/adjacency_matrix_reg[3][2][3] comtop_adjacency_matrix_reg_3__2__3_
GCN             cell    comtop/adjacency_matrix_reg[3][2][4] comtop_adjacency_matrix_reg_3__2__4_
GCN             cell    comtop/adjacency_matrix_reg[3][2][5] comtop_adjacency_matrix_reg_3__2__5_
GCN             cell    comtop/adjacency_matrix_reg[3][2][6] comtop_adjacency_matrix_reg_3__2__6_
GCN             cell    comtop/adjacency_matrix_reg[3][2][7] comtop_adjacency_matrix_reg_3__2__7_
GCN             cell    comtop/adjacency_matrix_reg[3][2][8] comtop_adjacency_matrix_reg_3__2__8_
GCN             cell    comtop/adjacency_matrix_reg[3][2][9] comtop_adjacency_matrix_reg_3__2__9_
GCN             cell    comtop/adjacency_matrix_reg[3][2][10] comtop_adjacency_matrix_reg_3__2__10_
GCN             cell    comtop/adjacency_matrix_reg[3][2][11] comtop_adjacency_matrix_reg_3__2__11_
GCN             cell    comtop/adjacency_matrix_reg[3][2][12] comtop_adjacency_matrix_reg_3__2__12_
GCN             cell    comtop/adjacency_matrix_reg[3][2][13] comtop_adjacency_matrix_reg_3__2__13_
GCN             cell    comtop/adjacency_matrix_reg[3][2][14] comtop_adjacency_matrix_reg_3__2__14_
GCN             cell    comtop/adjacency_matrix_reg[3][2][15] comtop_adjacency_matrix_reg_3__2__15_
GCN             cell    comtop/adjacency_matrix_reg[3][0][0] comtop_adjacency_matrix_reg_3__0__0_
GCN             cell    comtop/adjacency_matrix_reg[3][0][1] comtop_adjacency_matrix_reg_3__0__1_
GCN             cell    comtop/adjacency_matrix_reg[3][0][2] comtop_adjacency_matrix_reg_3__0__2_
GCN             cell    comtop/adjacency_matrix_reg[3][0][3] comtop_adjacency_matrix_reg_3__0__3_
GCN             cell    comtop/adjacency_matrix_reg[3][0][4] comtop_adjacency_matrix_reg_3__0__4_
GCN             cell    comtop/adjacency_matrix_reg[3][0][5] comtop_adjacency_matrix_reg_3__0__5_
GCN             cell    comtop/adjacency_matrix_reg[3][0][6] comtop_adjacency_matrix_reg_3__0__6_
GCN             cell    comtop/adjacency_matrix_reg[3][0][7] comtop_adjacency_matrix_reg_3__0__7_
GCN             cell    comtop/adjacency_matrix_reg[3][0][8] comtop_adjacency_matrix_reg_3__0__8_
GCN             cell    comtop/adjacency_matrix_reg[3][0][9] comtop_adjacency_matrix_reg_3__0__9_
GCN             cell    comtop/adjacency_matrix_reg[3][0][10] comtop_adjacency_matrix_reg_3__0__10_
GCN             cell    comtop/adjacency_matrix_reg[3][0][11] comtop_adjacency_matrix_reg_3__0__11_
GCN             cell    comtop/adjacency_matrix_reg[3][0][12] comtop_adjacency_matrix_reg_3__0__12_
GCN             cell    comtop/adjacency_matrix_reg[3][0][13] comtop_adjacency_matrix_reg_3__0__13_
GCN             cell    comtop/adjacency_matrix_reg[3][0][14] comtop_adjacency_matrix_reg_3__0__14_
GCN             cell    comtop/adjacency_matrix_reg[3][0][15] comtop_adjacency_matrix_reg_3__0__15_
GCN             cell    comtop/adjacency_matrix_reg[2][2][0] comtop_adjacency_matrix_reg_2__2__0_
GCN             cell    comtop/adjacency_matrix_reg[2][2][1] comtop_adjacency_matrix_reg_2__2__1_
GCN             cell    comtop/adjacency_matrix_reg[2][2][2] comtop_adjacency_matrix_reg_2__2__2_
GCN             cell    comtop/adjacency_matrix_reg[2][2][3] comtop_adjacency_matrix_reg_2__2__3_
GCN             cell    comtop/adjacency_matrix_reg[2][2][4] comtop_adjacency_matrix_reg_2__2__4_
GCN             cell    comtop/adjacency_matrix_reg[2][2][5] comtop_adjacency_matrix_reg_2__2__5_
GCN             cell    comtop/adjacency_matrix_reg[2][2][6] comtop_adjacency_matrix_reg_2__2__6_
GCN             cell    comtop/adjacency_matrix_reg[2][2][7] comtop_adjacency_matrix_reg_2__2__7_
GCN             cell    comtop/adjacency_matrix_reg[2][2][8] comtop_adjacency_matrix_reg_2__2__8_
GCN             cell    comtop/adjacency_matrix_reg[2][2][9] comtop_adjacency_matrix_reg_2__2__9_
GCN             cell    comtop/adjacency_matrix_reg[2][2][10] comtop_adjacency_matrix_reg_2__2__10_
GCN             cell    comtop/adjacency_matrix_reg[2][2][11] comtop_adjacency_matrix_reg_2__2__11_
GCN             cell    comtop/adjacency_matrix_reg[2][2][12] comtop_adjacency_matrix_reg_2__2__12_
GCN             cell    comtop/adjacency_matrix_reg[2][2][13] comtop_adjacency_matrix_reg_2__2__13_
GCN             cell    comtop/adjacency_matrix_reg[2][2][14] comtop_adjacency_matrix_reg_2__2__14_
GCN             cell    comtop/adjacency_matrix_reg[2][2][15] comtop_adjacency_matrix_reg_2__2__15_
GCN             cell    comtop/adjacency_matrix_reg[2][1][0] comtop_adjacency_matrix_reg_2__1__0_
GCN             cell    comtop/adjacency_matrix_reg[2][1][1] comtop_adjacency_matrix_reg_2__1__1_
GCN             cell    comtop/adjacency_matrix_reg[2][1][2] comtop_adjacency_matrix_reg_2__1__2_
GCN             cell    comtop/adjacency_matrix_reg[2][1][3] comtop_adjacency_matrix_reg_2__1__3_
GCN             cell    comtop/adjacency_matrix_reg[2][1][4] comtop_adjacency_matrix_reg_2__1__4_
GCN             cell    comtop/adjacency_matrix_reg[2][1][5] comtop_adjacency_matrix_reg_2__1__5_
GCN             cell    comtop/adjacency_matrix_reg[2][1][6] comtop_adjacency_matrix_reg_2__1__6_
GCN             cell    comtop/adjacency_matrix_reg[2][1][7] comtop_adjacency_matrix_reg_2__1__7_
GCN             cell    comtop/adjacency_matrix_reg[2][1][8] comtop_adjacency_matrix_reg_2__1__8_
GCN             cell    comtop/adjacency_matrix_reg[2][1][9] comtop_adjacency_matrix_reg_2__1__9_
GCN             cell    comtop/adjacency_matrix_reg[2][1][10] comtop_adjacency_matrix_reg_2__1__10_
GCN             cell    comtop/adjacency_matrix_reg[2][1][11] comtop_adjacency_matrix_reg_2__1__11_
GCN             cell    comtop/adjacency_matrix_reg[2][1][12] comtop_adjacency_matrix_reg_2__1__12_
GCN             cell    comtop/adjacency_matrix_reg[2][1][13] comtop_adjacency_matrix_reg_2__1__13_
GCN             cell    comtop/adjacency_matrix_reg[2][1][14] comtop_adjacency_matrix_reg_2__1__14_
GCN             cell    comtop/adjacency_matrix_reg[2][1][15] comtop_adjacency_matrix_reg_2__1__15_
GCN             cell    comtop/adjacency_matrix_reg[2][0][0] comtop_adjacency_matrix_reg_2__0__0_
GCN             cell    comtop/adjacency_matrix_reg[2][0][1] comtop_adjacency_matrix_reg_2__0__1_
GCN             cell    comtop/adjacency_matrix_reg[2][0][2] comtop_adjacency_matrix_reg_2__0__2_
GCN             cell    comtop/adjacency_matrix_reg[2][0][3] comtop_adjacency_matrix_reg_2__0__3_
GCN             cell    comtop/adjacency_matrix_reg[2][0][4] comtop_adjacency_matrix_reg_2__0__4_
GCN             cell    comtop/adjacency_matrix_reg[2][0][5] comtop_adjacency_matrix_reg_2__0__5_
GCN             cell    comtop/adjacency_matrix_reg[2][0][6] comtop_adjacency_matrix_reg_2__0__6_
GCN             cell    comtop/adjacency_matrix_reg[2][0][7] comtop_adjacency_matrix_reg_2__0__7_
GCN             cell    comtop/adjacency_matrix_reg[2][0][8] comtop_adjacency_matrix_reg_2__0__8_
GCN             cell    comtop/adjacency_matrix_reg[2][0][9] comtop_adjacency_matrix_reg_2__0__9_
GCN             cell    comtop/adjacency_matrix_reg[2][0][10] comtop_adjacency_matrix_reg_2__0__10_
GCN             cell    comtop/adjacency_matrix_reg[2][0][11] comtop_adjacency_matrix_reg_2__0__11_
GCN             cell    comtop/adjacency_matrix_reg[2][0][12] comtop_adjacency_matrix_reg_2__0__12_
GCN             cell    comtop/adjacency_matrix_reg[2][0][13] comtop_adjacency_matrix_reg_2__0__13_
GCN             cell    comtop/adjacency_matrix_reg[2][0][14] comtop_adjacency_matrix_reg_2__0__14_
GCN             cell    comtop/adjacency_matrix_reg[2][0][15] comtop_adjacency_matrix_reg_2__0__15_
GCN             cell    comtop/adjacency_matrix_reg[1][2][0] comtop_adjacency_matrix_reg_1__2__0_
GCN             cell    comtop/adjacency_matrix_reg[1][2][1] comtop_adjacency_matrix_reg_1__2__1_
GCN             cell    comtop/adjacency_matrix_reg[1][2][2] comtop_adjacency_matrix_reg_1__2__2_
GCN             cell    comtop/adjacency_matrix_reg[1][2][3] comtop_adjacency_matrix_reg_1__2__3_
GCN             cell    comtop/adjacency_matrix_reg[1][2][4] comtop_adjacency_matrix_reg_1__2__4_
GCN             cell    comtop/adjacency_matrix_reg[1][2][5] comtop_adjacency_matrix_reg_1__2__5_
GCN             cell    comtop/adjacency_matrix_reg[1][2][6] comtop_adjacency_matrix_reg_1__2__6_
GCN             cell    comtop/adjacency_matrix_reg[1][2][7] comtop_adjacency_matrix_reg_1__2__7_
GCN             cell    comtop/adjacency_matrix_reg[1][2][8] comtop_adjacency_matrix_reg_1__2__8_
GCN             cell    comtop/adjacency_matrix_reg[1][2][9] comtop_adjacency_matrix_reg_1__2__9_
GCN             cell    comtop/adjacency_matrix_reg[1][2][10] comtop_adjacency_matrix_reg_1__2__10_
GCN             cell    comtop/adjacency_matrix_reg[1][2][11] comtop_adjacency_matrix_reg_1__2__11_
GCN             cell    comtop/adjacency_matrix_reg[1][2][12] comtop_adjacency_matrix_reg_1__2__12_
GCN             cell    comtop/adjacency_matrix_reg[1][2][13] comtop_adjacency_matrix_reg_1__2__13_
GCN             cell    comtop/adjacency_matrix_reg[1][2][14] comtop_adjacency_matrix_reg_1__2__14_
GCN             cell    comtop/adjacency_matrix_reg[1][2][15] comtop_adjacency_matrix_reg_1__2__15_
GCN             cell    comtop/adjacency_matrix_reg[1][1][0] comtop_adjacency_matrix_reg_1__1__0_
GCN             cell    comtop/adjacency_matrix_reg[1][1][1] comtop_adjacency_matrix_reg_1__1__1_
GCN             cell    comtop/adjacency_matrix_reg[1][1][2] comtop_adjacency_matrix_reg_1__1__2_
GCN             cell    comtop/adjacency_matrix_reg[1][1][3] comtop_adjacency_matrix_reg_1__1__3_
GCN             cell    comtop/adjacency_matrix_reg[1][1][4] comtop_adjacency_matrix_reg_1__1__4_
GCN             cell    comtop/adjacency_matrix_reg[1][1][5] comtop_adjacency_matrix_reg_1__1__5_
GCN             cell    comtop/adjacency_matrix_reg[1][1][6] comtop_adjacency_matrix_reg_1__1__6_
GCN             cell    comtop/adjacency_matrix_reg[1][1][7] comtop_adjacency_matrix_reg_1__1__7_
GCN             cell    comtop/adjacency_matrix_reg[1][1][8] comtop_adjacency_matrix_reg_1__1__8_
GCN             cell    comtop/adjacency_matrix_reg[1][1][9] comtop_adjacency_matrix_reg_1__1__9_
GCN             cell    comtop/adjacency_matrix_reg[1][1][10] comtop_adjacency_matrix_reg_1__1__10_
GCN             cell    comtop/adjacency_matrix_reg[1][1][11] comtop_adjacency_matrix_reg_1__1__11_
GCN             cell    comtop/adjacency_matrix_reg[1][1][12] comtop_adjacency_matrix_reg_1__1__12_
GCN             cell    comtop/adjacency_matrix_reg[1][1][13] comtop_adjacency_matrix_reg_1__1__13_
GCN             cell    comtop/adjacency_matrix_reg[1][1][14] comtop_adjacency_matrix_reg_1__1__14_
GCN             cell    comtop/adjacency_matrix_reg[1][1][15] comtop_adjacency_matrix_reg_1__1__15_
GCN             cell    comtop/adjacency_matrix_reg[1][0][0] comtop_adjacency_matrix_reg_1__0__0_
GCN             cell    comtop/adjacency_matrix_reg[1][0][1] comtop_adjacency_matrix_reg_1__0__1_
GCN             cell    comtop/adjacency_matrix_reg[1][0][2] comtop_adjacency_matrix_reg_1__0__2_
GCN             cell    comtop/adjacency_matrix_reg[1][0][3] comtop_adjacency_matrix_reg_1__0__3_
GCN             cell    comtop/adjacency_matrix_reg[1][0][4] comtop_adjacency_matrix_reg_1__0__4_
GCN             cell    comtop/adjacency_matrix_reg[1][0][5] comtop_adjacency_matrix_reg_1__0__5_
GCN             cell    comtop/adjacency_matrix_reg[1][0][6] comtop_adjacency_matrix_reg_1__0__6_
GCN             cell    comtop/adjacency_matrix_reg[1][0][7] comtop_adjacency_matrix_reg_1__0__7_
GCN             cell    comtop/adjacency_matrix_reg[1][0][8] comtop_adjacency_matrix_reg_1__0__8_
GCN             cell    comtop/adjacency_matrix_reg[1][0][9] comtop_adjacency_matrix_reg_1__0__9_
GCN             cell    comtop/adjacency_matrix_reg[1][0][10] comtop_adjacency_matrix_reg_1__0__10_
GCN             cell    comtop/adjacency_matrix_reg[1][0][11] comtop_adjacency_matrix_reg_1__0__11_
GCN             cell    comtop/adjacency_matrix_reg[1][0][12] comtop_adjacency_matrix_reg_1__0__12_
GCN             cell    comtop/adjacency_matrix_reg[1][0][13] comtop_adjacency_matrix_reg_1__0__13_
GCN             cell    comtop/adjacency_matrix_reg[1][0][14] comtop_adjacency_matrix_reg_1__0__14_
GCN             cell    comtop/adjacency_matrix_reg[1][0][15] comtop_adjacency_matrix_reg_1__0__15_
GCN             cell    comtop/adjacency_matrix_reg[0][2][0] comtop_adjacency_matrix_reg_0__2__0_
GCN             cell    comtop/adjacency_matrix_reg[0][2][1] comtop_adjacency_matrix_reg_0__2__1_
GCN             cell    comtop/adjacency_matrix_reg[0][2][2] comtop_adjacency_matrix_reg_0__2__2_
GCN             cell    comtop/adjacency_matrix_reg[0][2][3] comtop_adjacency_matrix_reg_0__2__3_
GCN             cell    comtop/adjacency_matrix_reg[0][2][4] comtop_adjacency_matrix_reg_0__2__4_
GCN             cell    comtop/adjacency_matrix_reg[0][2][5] comtop_adjacency_matrix_reg_0__2__5_
GCN             cell    comtop/adjacency_matrix_reg[0][2][6] comtop_adjacency_matrix_reg_0__2__6_
GCN             cell    comtop/adjacency_matrix_reg[0][2][7] comtop_adjacency_matrix_reg_0__2__7_
GCN             cell    comtop/adjacency_matrix_reg[0][2][8] comtop_adjacency_matrix_reg_0__2__8_
GCN             cell    comtop/adjacency_matrix_reg[0][2][9] comtop_adjacency_matrix_reg_0__2__9_
GCN             cell    comtop/adjacency_matrix_reg[0][2][10] comtop_adjacency_matrix_reg_0__2__10_
GCN             cell    comtop/adjacency_matrix_reg[0][2][11] comtop_adjacency_matrix_reg_0__2__11_
GCN             cell    comtop/adjacency_matrix_reg[0][2][12] comtop_adjacency_matrix_reg_0__2__12_
GCN             cell    comtop/adjacency_matrix_reg[0][2][13] comtop_adjacency_matrix_reg_0__2__13_
GCN             cell    comtop/adjacency_matrix_reg[0][2][14] comtop_adjacency_matrix_reg_0__2__14_
GCN             cell    comtop/adjacency_matrix_reg[0][2][15] comtop_adjacency_matrix_reg_0__2__15_
GCN             cell    comtop/adjacency_matrix_reg[0][1][0] comtop_adjacency_matrix_reg_0__1__0_
GCN             cell    comtop/adjacency_matrix_reg[0][1][1] comtop_adjacency_matrix_reg_0__1__1_
GCN             cell    comtop/adjacency_matrix_reg[0][1][2] comtop_adjacency_matrix_reg_0__1__2_
GCN             cell    comtop/adjacency_matrix_reg[0][1][3] comtop_adjacency_matrix_reg_0__1__3_
GCN             cell    comtop/adjacency_matrix_reg[0][1][4] comtop_adjacency_matrix_reg_0__1__4_
GCN             cell    comtop/adjacency_matrix_reg[0][1][5] comtop_adjacency_matrix_reg_0__1__5_
GCN             cell    comtop/adjacency_matrix_reg[0][1][6] comtop_adjacency_matrix_reg_0__1__6_
GCN             cell    comtop/adjacency_matrix_reg[0][1][7] comtop_adjacency_matrix_reg_0__1__7_
GCN             cell    comtop/adjacency_matrix_reg[0][1][8] comtop_adjacency_matrix_reg_0__1__8_
GCN             cell    comtop/adjacency_matrix_reg[0][1][9] comtop_adjacency_matrix_reg_0__1__9_
GCN             cell    comtop/adjacency_matrix_reg[0][1][10] comtop_adjacency_matrix_reg_0__1__10_
GCN             cell    comtop/adjacency_matrix_reg[0][1][11] comtop_adjacency_matrix_reg_0__1__11_
GCN             cell    comtop/adjacency_matrix_reg[0][1][12] comtop_adjacency_matrix_reg_0__1__12_
GCN             cell    comtop/adjacency_matrix_reg[0][1][13] comtop_adjacency_matrix_reg_0__1__13_
GCN             cell    comtop/adjacency_matrix_reg[0][1][14] comtop_adjacency_matrix_reg_0__1__14_
GCN             cell    comtop/adjacency_matrix_reg[0][1][15] comtop_adjacency_matrix_reg_0__1__15_
GCN             cell    comtop/adjacency_matrix_reg[0][0][0] comtop_adjacency_matrix_reg_0__0__0_
GCN             cell    comtop/adjacency_matrix_reg[0][0][1] comtop_adjacency_matrix_reg_0__0__1_
GCN             cell    comtop/adjacency_matrix_reg[0][0][2] comtop_adjacency_matrix_reg_0__0__2_
GCN             cell    comtop/adjacency_matrix_reg[0][0][3] comtop_adjacency_matrix_reg_0__0__3_
GCN             cell    comtop/adjacency_matrix_reg[0][0][4] comtop_adjacency_matrix_reg_0__0__4_
GCN             cell    comtop/adjacency_matrix_reg[0][0][5] comtop_adjacency_matrix_reg_0__0__5_
GCN             cell    comtop/adjacency_matrix_reg[0][0][6] comtop_adjacency_matrix_reg_0__0__6_
GCN             cell    comtop/adjacency_matrix_reg[0][0][7] comtop_adjacency_matrix_reg_0__0__7_
GCN             cell    comtop/adjacency_matrix_reg[0][0][8] comtop_adjacency_matrix_reg_0__0__8_
GCN             cell    comtop/adjacency_matrix_reg[0][0][9] comtop_adjacency_matrix_reg_0__0__9_
GCN             cell    comtop/adjacency_matrix_reg[0][0][10] comtop_adjacency_matrix_reg_0__0__10_
GCN             cell    comtop/adjacency_matrix_reg[0][0][11] comtop_adjacency_matrix_reg_0__0__11_
GCN             cell    comtop/adjacency_matrix_reg[0][0][12] comtop_adjacency_matrix_reg_0__0__12_
GCN             cell    comtop/adjacency_matrix_reg[0][0][13] comtop_adjacency_matrix_reg_0__0__13_
GCN             cell    comtop/adjacency_matrix_reg[0][0][14] comtop_adjacency_matrix_reg_0__0__14_
GCN             cell    comtop/adjacency_matrix_reg[0][0][15] comtop_adjacency_matrix_reg_0__0__15_
GCN             cell    comtop/adjacency_matrix_reg[5][2][0] comtop_adjacency_matrix_reg_5__2__0_
GCN             cell    comtop/adjacency_matrix_reg[5][2][1] comtop_adjacency_matrix_reg_5__2__1_
GCN             cell    comtop/adjacency_matrix_reg[5][2][2] comtop_adjacency_matrix_reg_5__2__2_
GCN             cell    comtop/adjacency_matrix_reg[5][2][3] comtop_adjacency_matrix_reg_5__2__3_
GCN             cell    comtop/adjacency_matrix_reg[5][2][4] comtop_adjacency_matrix_reg_5__2__4_
GCN             cell    comtop/adjacency_matrix_reg[5][2][5] comtop_adjacency_matrix_reg_5__2__5_
GCN             cell    comtop/adjacency_matrix_reg[5][2][6] comtop_adjacency_matrix_reg_5__2__6_
GCN             cell    comtop/adjacency_matrix_reg[5][2][7] comtop_adjacency_matrix_reg_5__2__7_
GCN             cell    comtop/adjacency_matrix_reg[5][2][8] comtop_adjacency_matrix_reg_5__2__8_
GCN             cell    comtop/adjacency_matrix_reg[5][2][9] comtop_adjacency_matrix_reg_5__2__9_
GCN             cell    comtop/adjacency_matrix_reg[5][2][10] comtop_adjacency_matrix_reg_5__2__10_
GCN             cell    comtop/adjacency_matrix_reg[5][2][11] comtop_adjacency_matrix_reg_5__2__11_
GCN             cell    comtop/adjacency_matrix_reg[5][2][12] comtop_adjacency_matrix_reg_5__2__12_
GCN             cell    comtop/adjacency_matrix_reg[5][2][13] comtop_adjacency_matrix_reg_5__2__13_
GCN             cell    comtop/adjacency_matrix_reg[5][2][14] comtop_adjacency_matrix_reg_5__2__14_
GCN             cell    comtop/adjacency_matrix_reg[5][2][15] comtop_adjacency_matrix_reg_5__2__15_
GCN             cell    comtop/adjacency_matrix_reg[5][0][0] comtop_adjacency_matrix_reg_5__0__0_
GCN             cell    comtop/adjacency_matrix_reg[5][0][1] comtop_adjacency_matrix_reg_5__0__1_
GCN             cell    comtop/adjacency_matrix_reg[5][0][2] comtop_adjacency_matrix_reg_5__0__2_
GCN             cell    comtop/adjacency_matrix_reg[5][0][3] comtop_adjacency_matrix_reg_5__0__3_
GCN             cell    comtop/adjacency_matrix_reg[5][0][4] comtop_adjacency_matrix_reg_5__0__4_
GCN             cell    comtop/adjacency_matrix_reg[5][0][5] comtop_adjacency_matrix_reg_5__0__5_
GCN             cell    comtop/adjacency_matrix_reg[5][0][6] comtop_adjacency_matrix_reg_5__0__6_
GCN             cell    comtop/adjacency_matrix_reg[5][0][7] comtop_adjacency_matrix_reg_5__0__7_
GCN             cell    comtop/adjacency_matrix_reg[5][0][8] comtop_adjacency_matrix_reg_5__0__8_
GCN             cell    comtop/adjacency_matrix_reg[5][0][9] comtop_adjacency_matrix_reg_5__0__9_
GCN             cell    comtop/adjacency_matrix_reg[5][0][10] comtop_adjacency_matrix_reg_5__0__10_
GCN             cell    comtop/adjacency_matrix_reg[5][0][11] comtop_adjacency_matrix_reg_5__0__11_
GCN             cell    comtop/adjacency_matrix_reg[5][0][12] comtop_adjacency_matrix_reg_5__0__12_
GCN             cell    comtop/adjacency_matrix_reg[5][0][13] comtop_adjacency_matrix_reg_5__0__13_
GCN             cell    comtop/adjacency_matrix_reg[5][0][14] comtop_adjacency_matrix_reg_5__0__14_
GCN             cell    comtop/adjacency_matrix_reg[5][0][15] comtop_adjacency_matrix_reg_5__0__15_
GCN             cell    comtop/adjacency_matrix_reg[5][1][15] comtop_adjacency_matrix_reg_5__1__15_
GCN             cell    comtop/adjacency_matrix_reg[5][1][14] comtop_adjacency_matrix_reg_5__1__14_
GCN             cell    comtop/adjacency_matrix_reg[5][1][13] comtop_adjacency_matrix_reg_5__1__13_
GCN             cell    comtop/adjacency_matrix_reg[5][1][12] comtop_adjacency_matrix_reg_5__1__12_
GCN             cell    comtop/adjacency_matrix_reg[5][1][11] comtop_adjacency_matrix_reg_5__1__11_
GCN             cell    comtop/adjacency_matrix_reg[5][1][10] comtop_adjacency_matrix_reg_5__1__10_
GCN             cell    comtop/adjacency_matrix_reg[5][1][9] comtop_adjacency_matrix_reg_5__1__9_
GCN             cell    comtop/adjacency_matrix_reg[5][1][8] comtop_adjacency_matrix_reg_5__1__8_
GCN             cell    comtop/adjacency_matrix_reg[5][1][7] comtop_adjacency_matrix_reg_5__1__7_
GCN             cell    comtop/adjacency_matrix_reg[5][1][6] comtop_adjacency_matrix_reg_5__1__6_
GCN             cell    comtop/adjacency_matrix_reg[5][1][5] comtop_adjacency_matrix_reg_5__1__5_
GCN             cell    comtop/adjacency_matrix_reg[5][1][4] comtop_adjacency_matrix_reg_5__1__4_
GCN             cell    comtop/adjacency_matrix_reg[5][1][3] comtop_adjacency_matrix_reg_5__1__3_
GCN             cell    comtop/adjacency_matrix_reg[5][1][2] comtop_adjacency_matrix_reg_5__1__2_
GCN             cell    comtop/adjacency_matrix_reg[5][1][1] comtop_adjacency_matrix_reg_5__1__1_
GCN             cell    comtop/adjacency_matrix_reg[5][1][0] comtop_adjacency_matrix_reg_5__1__0_
GCN             cell    argtop/read_row_reg[2]  argtop_read_row_reg_2_
GCN             cell    argtop/read_row_reg[0]  argtop_read_row_reg_0_
GCN             cell    argtop/read_row_reg[1]  argtop_read_row_reg_1_
GCN             cell    argtop/max_addi_ans_reg[5][0] argtop_max_addi_ans_reg_5__0_
GCN             cell    argtop/max_addi_ans_reg[5][1] argtop_max_addi_ans_reg_5__1_
GCN             cell    argtop/max_addi_ans_reg[4][0] argtop_max_addi_ans_reg_4__0_
GCN             cell    argtop/max_addi_ans_reg[4][1] argtop_max_addi_ans_reg_4__1_
GCN             cell    argtop/max_addi_ans_reg[3][0] argtop_max_addi_ans_reg_3__0_
GCN             cell    argtop/max_addi_ans_reg[3][1] argtop_max_addi_ans_reg_3__1_
GCN             cell    argtop/max_addi_ans_reg[2][0] argtop_max_addi_ans_reg_2__0_
GCN             cell    argtop/max_addi_ans_reg[2][1] argtop_max_addi_ans_reg_2__1_
GCN             cell    argtop/max_addi_ans_reg[1][0] argtop_max_addi_ans_reg_1__0_
GCN             cell    argtop/max_addi_ans_reg[1][1] argtop_max_addi_ans_reg_1__1_
GCN             cell    argtop/max_addi_ans_reg[0][0] argtop_max_addi_ans_reg_0__0_
GCN             cell    argtop/max_addi_ans_reg[0][1] argtop_max_addi_ans_reg_0__1_
GCN             cell    add_x_4/U37             add_x_4_U37
GCN             cell    add_x_4/U36             add_x_4_U36
GCN             cell    add_x_4/U32             add_x_4_U32
GCN             cell    add_x_4/U31             add_x_4_U31
GCN             cell    add_x_4/U27             add_x_4_U27
GCN             cell    add_x_4/U26             add_x_4_U26
GCN             cell    add_x_4/U22             add_x_4_U22
GCN             cell    add_x_4/U21             add_x_4_U21
GCN             cell    add_x_4/U17             add_x_4_U17
GCN             cell    add_x_4/U16             add_x_4_U16
GCN             cell    add_x_4/U12             add_x_4_U12
GCN             cell    add_x_4/U11             add_x_4_U11
GCN             cell    add_x_4/U7              add_x_4_U7
GCN             cell    add_x_4/U6              add_x_4_U6
GCN             cell    add_x_2/U37             add_x_2_U37
GCN             cell    add_x_2/U36             add_x_2_U36
GCN             cell    add_x_2/U32             add_x_2_U32
GCN             cell    add_x_2/U27             add_x_2_U27
GCN             cell    add_x_2/U26             add_x_2_U26
GCN             cell    add_x_2/U22             add_x_2_U22
GCN             cell    add_x_2/U21             add_x_2_U21
GCN             cell    add_x_2/U17             add_x_2_U17
GCN             cell    add_x_2/U16             add_x_2_U16
GCN             cell    add_x_2/U12             add_x_2_U12
GCN             cell    add_x_2/U11             add_x_2_U11
GCN             cell    add_x_2/U7              add_x_2_U7
GCN             net     max_addi_answer[11]     max_addi_answer_0__1_
GCN             net     max_addi_answer[10]     max_addi_answer_0__0_
GCN             net     max_addi_answer[9]      max_addi_answer_1__1_
GCN             net     max_addi_answer[8]      max_addi_answer_1__0_
GCN             net     max_addi_answer[7]      max_addi_answer_2__1_
GCN             net     max_addi_answer[6]      max_addi_answer_2__0_
GCN             net     max_addi_answer[5]      max_addi_answer_3__1_
GCN             net     max_addi_answer[4]      max_addi_answer_3__0_
GCN             net     max_addi_answer[3]      max_addi_answer_4__1_
GCN             net     max_addi_answer[2]      max_addi_answer_4__0_
GCN             net     max_addi_answer[1]      max_addi_answer_5__1_
GCN             net     max_addi_answer[0]      max_addi_answer_5__0_
GCN             net     coo_in[5]               coo_in_0__2_
GCN             net     coo_in[4]               coo_in_0__1_
GCN             net     coo_in[3]               coo_in_0__0_
GCN             net     coo_in[2]               coo_in_1__2_
GCN             net     coo_in[1]               coo_in_1__1_
GCN             net     coo_in[0]               coo_in_1__0_
GCN             net     data_in[479]            data_in_0__4_
GCN             net     data_in[478]            data_in_0__3_
GCN             net     data_in[477]            data_in_0__2_
GCN             net     data_in[476]            data_in_0__1_
GCN             net     data_in[475]            data_in_0__0_
GCN             net     data_in[474]            data_in_1__4_
GCN             net     data_in[473]            data_in_1__3_
GCN             net     data_in[472]            data_in_1__2_
GCN             net     data_in[471]            data_in_1__1_
GCN             net     data_in[470]            data_in_1__0_
GCN             net     data_in[469]            data_in_2__4_
GCN             net     data_in[468]            data_in_2__3_
GCN             net     data_in[467]            data_in_2__2_
GCN             net     data_in[466]            data_in_2__1_
GCN             net     data_in[465]            data_in_2__0_
GCN             net     data_in[464]            data_in_3__4_
GCN             net     data_in[463]            data_in_3__3_
GCN             net     data_in[462]            data_in_3__2_
GCN             net     data_in[461]            data_in_3__1_
GCN             net     data_in[460]            data_in_3__0_
GCN             net     data_in[459]            data_in_4__4_
GCN             net     data_in[458]            data_in_4__3_
GCN             net     data_in[457]            data_in_4__2_
GCN             net     data_in[456]            data_in_4__1_
GCN             net     data_in[455]            data_in_4__0_
GCN             net     data_in[454]            data_in_5__4_
GCN             net     data_in[453]            data_in_5__3_
GCN             net     data_in[452]            data_in_5__2_
GCN             net     data_in[451]            data_in_5__1_
GCN             net     data_in[450]            data_in_5__0_
GCN             net     data_in[449]            data_in_6__4_
GCN             net     data_in[448]            data_in_6__3_
GCN             net     data_in[447]            data_in_6__2_
GCN             net     data_in[446]            data_in_6__1_
GCN             net     data_in[445]            data_in_6__0_
GCN             net     data_in[444]            data_in_7__4_
GCN             net     data_in[443]            data_in_7__3_
GCN             net     data_in[442]            data_in_7__2_
GCN             net     data_in[441]            data_in_7__1_
GCN             net     data_in[440]            data_in_7__0_
GCN             net     data_in[439]            data_in_8__4_
GCN             net     data_in[438]            data_in_8__3_
GCN             net     data_in[437]            data_in_8__2_
GCN             net     data_in[436]            data_in_8__1_
GCN             net     data_in[435]            data_in_8__0_
GCN             net     data_in[434]            data_in_9__4_
GCN             net     data_in[433]            data_in_9__3_
GCN             net     data_in[432]            data_in_9__2_
GCN             net     data_in[431]            data_in_9__1_
GCN             net     data_in[430]            data_in_9__0_
GCN             net     data_in[429]            data_in_10__4_
GCN             net     data_in[428]            data_in_10__3_
GCN             net     data_in[427]            data_in_10__2_
GCN             net     data_in[426]            data_in_10__1_
GCN             net     data_in[425]            data_in_10__0_
GCN             net     data_in[424]            data_in_11__4_
GCN             net     data_in[423]            data_in_11__3_
GCN             net     data_in[422]            data_in_11__2_
GCN             net     data_in[421]            data_in_11__1_
GCN             net     data_in[420]            data_in_11__0_
GCN             net     data_in[419]            data_in_12__4_
GCN             net     data_in[418]            data_in_12__3_
GCN             net     data_in[417]            data_in_12__2_
GCN             net     data_in[416]            data_in_12__1_
GCN             net     data_in[415]            data_in_12__0_
GCN             net     data_in[414]            data_in_13__4_
GCN             net     data_in[413]            data_in_13__3_
GCN             net     data_in[412]            data_in_13__2_
GCN             net     data_in[411]            data_in_13__1_
GCN             net     data_in[410]            data_in_13__0_
GCN             net     data_in[409]            data_in_14__4_
GCN             net     data_in[408]            data_in_14__3_
GCN             net     data_in[407]            data_in_14__2_
GCN             net     data_in[406]            data_in_14__1_
GCN             net     data_in[405]            data_in_14__0_
GCN             net     data_in[404]            data_in_15__4_
GCN             net     data_in[403]            data_in_15__3_
GCN             net     data_in[402]            data_in_15__2_
GCN             net     data_in[401]            data_in_15__1_
GCN             net     data_in[400]            data_in_15__0_
GCN             net     data_in[399]            data_in_16__4_
GCN             net     data_in[398]            data_in_16__3_
GCN             net     data_in[397]            data_in_16__2_
GCN             net     data_in[396]            data_in_16__1_
GCN             net     data_in[395]            data_in_16__0_
GCN             net     data_in[394]            data_in_17__4_
GCN             net     data_in[393]            data_in_17__3_
GCN             net     data_in[392]            data_in_17__2_
GCN             net     data_in[391]            data_in_17__1_
GCN             net     data_in[390]            data_in_17__0_
GCN             net     data_in[389]            data_in_18__4_
GCN             net     data_in[388]            data_in_18__3_
GCN             net     data_in[387]            data_in_18__2_
GCN             net     data_in[386]            data_in_18__1_
GCN             net     data_in[385]            data_in_18__0_
GCN             net     data_in[384]            data_in_19__4_
GCN             net     data_in[383]            data_in_19__3_
GCN             net     data_in[382]            data_in_19__2_
GCN             net     data_in[381]            data_in_19__1_
GCN             net     data_in[380]            data_in_19__0_
GCN             net     data_in[379]            data_in_20__4_
GCN             net     data_in[378]            data_in_20__3_
GCN             net     data_in[377]            data_in_20__2_
GCN             net     data_in[376]            data_in_20__1_
GCN             net     data_in[375]            data_in_20__0_
GCN             net     data_in[374]            data_in_21__4_
GCN             net     data_in[373]            data_in_21__3_
GCN             net     data_in[372]            data_in_21__2_
GCN             net     data_in[371]            data_in_21__1_
GCN             net     data_in[370]            data_in_21__0_
GCN             net     data_in[369]            data_in_22__4_
GCN             net     data_in[368]            data_in_22__3_
GCN             net     data_in[367]            data_in_22__2_
GCN             net     data_in[366]            data_in_22__1_
GCN             net     data_in[365]            data_in_22__0_
GCN             net     data_in[364]            data_in_23__4_
GCN             net     data_in[363]            data_in_23__3_
GCN             net     data_in[362]            data_in_23__2_
GCN             net     data_in[361]            data_in_23__1_
GCN             net     data_in[360]            data_in_23__0_
GCN             net     data_in[359]            data_in_24__4_
GCN             net     data_in[358]            data_in_24__3_
GCN             net     data_in[357]            data_in_24__2_
GCN             net     data_in[356]            data_in_24__1_
GCN             net     data_in[355]            data_in_24__0_
GCN             net     data_in[354]            data_in_25__4_
GCN             net     data_in[353]            data_in_25__3_
GCN             net     data_in[352]            data_in_25__2_
GCN             net     data_in[351]            data_in_25__1_
GCN             net     data_in[350]            data_in_25__0_
GCN             net     data_in[349]            data_in_26__4_
GCN             net     data_in[348]            data_in_26__3_
GCN             net     data_in[347]            data_in_26__2_
GCN             net     data_in[346]            data_in_26__1_
GCN             net     data_in[345]            data_in_26__0_
GCN             net     data_in[344]            data_in_27__4_
GCN             net     data_in[343]            data_in_27__3_
GCN             net     data_in[342]            data_in_27__2_
GCN             net     data_in[341]            data_in_27__1_
GCN             net     data_in[340]            data_in_27__0_
GCN             net     data_in[339]            data_in_28__4_
GCN             net     data_in[338]            data_in_28__3_
GCN             net     data_in[337]            data_in_28__2_
GCN             net     data_in[336]            data_in_28__1_
GCN             net     data_in[335]            data_in_28__0_
GCN             net     data_in[334]            data_in_29__4_
GCN             net     data_in[333]            data_in_29__3_
GCN             net     data_in[332]            data_in_29__2_
GCN             net     data_in[331]            data_in_29__1_
GCN             net     data_in[330]            data_in_29__0_
GCN             net     data_in[329]            data_in_30__4_
GCN             net     data_in[328]            data_in_30__3_
GCN             net     data_in[327]            data_in_30__2_
GCN             net     data_in[326]            data_in_30__1_
GCN             net     data_in[325]            data_in_30__0_
GCN             net     data_in[324]            data_in_31__4_
GCN             net     data_in[323]            data_in_31__3_
GCN             net     data_in[322]            data_in_31__2_
GCN             net     data_in[321]            data_in_31__1_
GCN             net     data_in[320]            data_in_31__0_
GCN             net     data_in[319]            data_in_32__4_
GCN             net     data_in[318]            data_in_32__3_
GCN             net     data_in[317]            data_in_32__2_
GCN             net     data_in[316]            data_in_32__1_
GCN             net     data_in[315]            data_in_32__0_
GCN             net     data_in[314]            data_in_33__4_
GCN             net     data_in[313]            data_in_33__3_
GCN             net     data_in[312]            data_in_33__2_
GCN             net     data_in[311]            data_in_33__1_
GCN             net     data_in[310]            data_in_33__0_
GCN             net     data_in[309]            data_in_34__4_
GCN             net     data_in[308]            data_in_34__3_
GCN             net     data_in[307]            data_in_34__2_
GCN             net     data_in[306]            data_in_34__1_
GCN             net     data_in[305]            data_in_34__0_
GCN             net     data_in[304]            data_in_35__4_
GCN             net     data_in[303]            data_in_35__3_
GCN             net     data_in[302]            data_in_35__2_
GCN             net     data_in[301]            data_in_35__1_
GCN             net     data_in[300]            data_in_35__0_
GCN             net     data_in[299]            data_in_36__4_
GCN             net     data_in[298]            data_in_36__3_
GCN             net     data_in[297]            data_in_36__2_
GCN             net     data_in[296]            data_in_36__1_
GCN             net     data_in[295]            data_in_36__0_
GCN             net     data_in[294]            data_in_37__4_
GCN             net     data_in[293]            data_in_37__3_
GCN             net     data_in[292]            data_in_37__2_
GCN             net     data_in[291]            data_in_37__1_
GCN             net     data_in[290]            data_in_37__0_
GCN             net     data_in[289]            data_in_38__4_
GCN             net     data_in[288]            data_in_38__3_
GCN             net     data_in[287]            data_in_38__2_
GCN             net     data_in[286]            data_in_38__1_
GCN             net     data_in[285]            data_in_38__0_
GCN             net     data_in[284]            data_in_39__4_
GCN             net     data_in[283]            data_in_39__3_
GCN             net     data_in[282]            data_in_39__2_
GCN             net     data_in[281]            data_in_39__1_
GCN             net     data_in[280]            data_in_39__0_
GCN             net     data_in[279]            data_in_40__4_
GCN             net     data_in[278]            data_in_40__3_
GCN             net     data_in[277]            data_in_40__2_
GCN             net     data_in[276]            data_in_40__1_
GCN             net     data_in[275]            data_in_40__0_
GCN             net     data_in[274]            data_in_41__4_
GCN             net     data_in[273]            data_in_41__3_
GCN             net     data_in[272]            data_in_41__2_
GCN             net     data_in[271]            data_in_41__1_
GCN             net     data_in[270]            data_in_41__0_
GCN             net     data_in[269]            data_in_42__4_
GCN             net     data_in[268]            data_in_42__3_
GCN             net     data_in[267]            data_in_42__2_
GCN             net     data_in[266]            data_in_42__1_
GCN             net     data_in[265]            data_in_42__0_
GCN             net     data_in[264]            data_in_43__4_
GCN             net     data_in[263]            data_in_43__3_
GCN             net     data_in[262]            data_in_43__2_
GCN             net     data_in[261]            data_in_43__1_
GCN             net     data_in[260]            data_in_43__0_
GCN             net     data_in[259]            data_in_44__4_
GCN             net     data_in[258]            data_in_44__3_
GCN             net     data_in[257]            data_in_44__2_
GCN             net     data_in[256]            data_in_44__1_
GCN             net     data_in[255]            data_in_44__0_
GCN             net     data_in[254]            data_in_45__4_
GCN             net     data_in[253]            data_in_45__3_
GCN             net     data_in[252]            data_in_45__2_
GCN             net     data_in[251]            data_in_45__1_
GCN             net     data_in[250]            data_in_45__0_
GCN             net     data_in[249]            data_in_46__4_
GCN             net     data_in[248]            data_in_46__3_
GCN             net     data_in[247]            data_in_46__2_
GCN             net     data_in[246]            data_in_46__1_
GCN             net     data_in[245]            data_in_46__0_
GCN             net     data_in[244]            data_in_47__4_
GCN             net     data_in[243]            data_in_47__3_
GCN             net     data_in[242]            data_in_47__2_
GCN             net     data_in[241]            data_in_47__1_
GCN             net     data_in[240]            data_in_47__0_
GCN             net     data_in[239]            data_in_48__4_
GCN             net     data_in[238]            data_in_48__3_
GCN             net     data_in[237]            data_in_48__2_
GCN             net     data_in[236]            data_in_48__1_
GCN             net     data_in[235]            data_in_48__0_
GCN             net     data_in[234]            data_in_49__4_
GCN             net     data_in[233]            data_in_49__3_
GCN             net     data_in[232]            data_in_49__2_
GCN             net     data_in[231]            data_in_49__1_
GCN             net     data_in[230]            data_in_49__0_
GCN             net     data_in[229]            data_in_50__4_
GCN             net     data_in[228]            data_in_50__3_
GCN             net     data_in[227]            data_in_50__2_
GCN             net     data_in[226]            data_in_50__1_
GCN             net     data_in[225]            data_in_50__0_
GCN             net     data_in[224]            data_in_51__4_
GCN             net     data_in[223]            data_in_51__3_
GCN             net     data_in[222]            data_in_51__2_
GCN             net     data_in[221]            data_in_51__1_
GCN             net     data_in[220]            data_in_51__0_
GCN             net     data_in[219]            data_in_52__4_
GCN             net     data_in[218]            data_in_52__3_
GCN             net     data_in[217]            data_in_52__2_
GCN             net     data_in[216]            data_in_52__1_
GCN             net     data_in[215]            data_in_52__0_
GCN             net     data_in[214]            data_in_53__4_
GCN             net     data_in[213]            data_in_53__3_
GCN             net     data_in[212]            data_in_53__2_
GCN             net     data_in[211]            data_in_53__1_
GCN             net     data_in[210]            data_in_53__0_
GCN             net     data_in[209]            data_in_54__4_
GCN             net     data_in[208]            data_in_54__3_
GCN             net     data_in[207]            data_in_54__2_
GCN             net     data_in[206]            data_in_54__1_
GCN             net     data_in[205]            data_in_54__0_
GCN             net     data_in[204]            data_in_55__4_
GCN             net     data_in[203]            data_in_55__3_
GCN             net     data_in[202]            data_in_55__2_
GCN             net     data_in[201]            data_in_55__1_
GCN             net     data_in[200]            data_in_55__0_
GCN             net     data_in[199]            data_in_56__4_
GCN             net     data_in[198]            data_in_56__3_
GCN             net     data_in[197]            data_in_56__2_
GCN             net     data_in[196]            data_in_56__1_
GCN             net     data_in[195]            data_in_56__0_
GCN             net     data_in[194]            data_in_57__4_
GCN             net     data_in[193]            data_in_57__3_
GCN             net     data_in[192]            data_in_57__2_
GCN             net     data_in[191]            data_in_57__1_
GCN             net     data_in[190]            data_in_57__0_
GCN             net     data_in[189]            data_in_58__4_
GCN             net     data_in[188]            data_in_58__3_
GCN             net     data_in[187]            data_in_58__2_
GCN             net     data_in[186]            data_in_58__1_
GCN             net     data_in[185]            data_in_58__0_
GCN             net     data_in[184]            data_in_59__4_
GCN             net     data_in[183]            data_in_59__3_
GCN             net     data_in[182]            data_in_59__2_
GCN             net     data_in[181]            data_in_59__1_
GCN             net     data_in[180]            data_in_59__0_
GCN             net     data_in[179]            data_in_60__4_
GCN             net     data_in[178]            data_in_60__3_
GCN             net     data_in[177]            data_in_60__2_
GCN             net     data_in[176]            data_in_60__1_
GCN             net     data_in[175]            data_in_60__0_
GCN             net     data_in[174]            data_in_61__4_
GCN             net     data_in[173]            data_in_61__3_
GCN             net     data_in[172]            data_in_61__2_
GCN             net     data_in[171]            data_in_61__1_
GCN             net     data_in[170]            data_in_61__0_
GCN             net     data_in[169]            data_in_62__4_
GCN             net     data_in[168]            data_in_62__3_
GCN             net     data_in[167]            data_in_62__2_
GCN             net     data_in[166]            data_in_62__1_
GCN             net     data_in[165]            data_in_62__0_
GCN             net     data_in[164]            data_in_63__4_
GCN             net     data_in[163]            data_in_63__3_
GCN             net     data_in[162]            data_in_63__2_
GCN             net     data_in[161]            data_in_63__1_
GCN             net     data_in[160]            data_in_63__0_
GCN             net     data_in[159]            data_in_64__4_
GCN             net     data_in[158]            data_in_64__3_
GCN             net     data_in[157]            data_in_64__2_
GCN             net     data_in[156]            data_in_64__1_
GCN             net     data_in[155]            data_in_64__0_
GCN             net     data_in[154]            data_in_65__4_
GCN             net     data_in[153]            data_in_65__3_
GCN             net     data_in[152]            data_in_65__2_
GCN             net     data_in[151]            data_in_65__1_
GCN             net     data_in[150]            data_in_65__0_
GCN             net     data_in[149]            data_in_66__4_
GCN             net     data_in[148]            data_in_66__3_
GCN             net     data_in[147]            data_in_66__2_
GCN             net     data_in[146]            data_in_66__1_
GCN             net     data_in[145]            data_in_66__0_
GCN             net     data_in[144]            data_in_67__4_
GCN             net     data_in[143]            data_in_67__3_
GCN             net     data_in[142]            data_in_67__2_
GCN             net     data_in[141]            data_in_67__1_
GCN             net     data_in[140]            data_in_67__0_
GCN             net     data_in[139]            data_in_68__4_
GCN             net     data_in[138]            data_in_68__3_
GCN             net     data_in[137]            data_in_68__2_
GCN             net     data_in[136]            data_in_68__1_
GCN             net     data_in[135]            data_in_68__0_
GCN             net     data_in[134]            data_in_69__4_
GCN             net     data_in[133]            data_in_69__3_
GCN             net     data_in[132]            data_in_69__2_
GCN             net     data_in[131]            data_in_69__1_
GCN             net     data_in[130]            data_in_69__0_
GCN             net     data_in[129]            data_in_70__4_
GCN             net     data_in[128]            data_in_70__3_
GCN             net     data_in[127]            data_in_70__2_
GCN             net     data_in[126]            data_in_70__1_
GCN             net     data_in[125]            data_in_70__0_
GCN             net     data_in[124]            data_in_71__4_
GCN             net     data_in[123]            data_in_71__3_
GCN             net     data_in[122]            data_in_71__2_
GCN             net     data_in[121]            data_in_71__1_
GCN             net     data_in[120]            data_in_71__0_
GCN             net     data_in[119]            data_in_72__4_
GCN             net     data_in[118]            data_in_72__3_
GCN             net     data_in[117]            data_in_72__2_
GCN             net     data_in[116]            data_in_72__1_
GCN             net     data_in[115]            data_in_72__0_
GCN             net     data_in[114]            data_in_73__4_
GCN             net     data_in[113]            data_in_73__3_
GCN             net     data_in[112]            data_in_73__2_
GCN             net     data_in[111]            data_in_73__1_
GCN             net     data_in[110]            data_in_73__0_
GCN             net     data_in[109]            data_in_74__4_
GCN             net     data_in[108]            data_in_74__3_
GCN             net     data_in[107]            data_in_74__2_
GCN             net     data_in[106]            data_in_74__1_
GCN             net     data_in[105]            data_in_74__0_
GCN             net     data_in[104]            data_in_75__4_
GCN             net     data_in[103]            data_in_75__3_
GCN             net     data_in[102]            data_in_75__2_
GCN             net     data_in[101]            data_in_75__1_
GCN             net     data_in[100]            data_in_75__0_
GCN             net     data_in[99]             data_in_76__4_
GCN             net     data_in[98]             data_in_76__3_
GCN             net     data_in[97]             data_in_76__2_
GCN             net     data_in[96]             data_in_76__1_
GCN             net     data_in[95]             data_in_76__0_
GCN             net     data_in[94]             data_in_77__4_
GCN             net     data_in[93]             data_in_77__3_
GCN             net     data_in[92]             data_in_77__2_
GCN             net     data_in[91]             data_in_77__1_
GCN             net     data_in[90]             data_in_77__0_
GCN             net     data_in[89]             data_in_78__4_
GCN             net     data_in[88]             data_in_78__3_
GCN             net     data_in[87]             data_in_78__2_
GCN             net     data_in[86]             data_in_78__1_
GCN             net     data_in[85]             data_in_78__0_
GCN             net     data_in[84]             data_in_79__4_
GCN             net     data_in[83]             data_in_79__3_
GCN             net     data_in[82]             data_in_79__2_
GCN             net     data_in[81]             data_in_79__1_
GCN             net     data_in[80]             data_in_79__0_
GCN             net     data_in[79]             data_in_80__4_
GCN             net     data_in[78]             data_in_80__3_
GCN             net     data_in[77]             data_in_80__2_
GCN             net     data_in[76]             data_in_80__1_
GCN             net     data_in[75]             data_in_80__0_
GCN             net     data_in[74]             data_in_81__4_
GCN             net     data_in[73]             data_in_81__3_
GCN             net     data_in[72]             data_in_81__2_
GCN             net     data_in[71]             data_in_81__1_
GCN             net     data_in[70]             data_in_81__0_
GCN             net     data_in[69]             data_in_82__4_
GCN             net     data_in[68]             data_in_82__3_
GCN             net     data_in[67]             data_in_82__2_
GCN             net     data_in[66]             data_in_82__1_
GCN             net     data_in[65]             data_in_82__0_
GCN             net     data_in[64]             data_in_83__4_
GCN             net     data_in[63]             data_in_83__3_
GCN             net     data_in[62]             data_in_83__2_
GCN             net     data_in[61]             data_in_83__1_
GCN             net     data_in[60]             data_in_83__0_
GCN             net     data_in[59]             data_in_84__4_
GCN             net     data_in[58]             data_in_84__3_
GCN             net     data_in[57]             data_in_84__2_
GCN             net     data_in[56]             data_in_84__1_
GCN             net     data_in[55]             data_in_84__0_
GCN             net     data_in[54]             data_in_85__4_
GCN             net     data_in[53]             data_in_85__3_
GCN             net     data_in[52]             data_in_85__2_
GCN             net     data_in[51]             data_in_85__1_
GCN             net     data_in[50]             data_in_85__0_
GCN             net     data_in[49]             data_in_86__4_
GCN             net     data_in[48]             data_in_86__3_
GCN             net     data_in[47]             data_in_86__2_
GCN             net     data_in[46]             data_in_86__1_
GCN             net     data_in[45]             data_in_86__0_
GCN             net     data_in[44]             data_in_87__4_
GCN             net     data_in[43]             data_in_87__3_
GCN             net     data_in[42]             data_in_87__2_
GCN             net     data_in[41]             data_in_87__1_
GCN             net     data_in[40]             data_in_87__0_
GCN             net     data_in[39]             data_in_88__4_
GCN             net     data_in[38]             data_in_88__3_
GCN             net     data_in[37]             data_in_88__2_
GCN             net     data_in[36]             data_in_88__1_
GCN             net     data_in[35]             data_in_88__0_
GCN             net     data_in[34]             data_in_89__4_
GCN             net     data_in[33]             data_in_89__3_
GCN             net     data_in[32]             data_in_89__2_
GCN             net     data_in[31]             data_in_89__1_
GCN             net     data_in[30]             data_in_89__0_
GCN             net     data_in[29]             data_in_90__4_
GCN             net     data_in[28]             data_in_90__3_
GCN             net     data_in[27]             data_in_90__2_
GCN             net     data_in[26]             data_in_90__1_
GCN             net     data_in[25]             data_in_90__0_
GCN             net     data_in[24]             data_in_91__4_
GCN             net     data_in[23]             data_in_91__3_
GCN             net     data_in[22]             data_in_91__2_
GCN             net     data_in[21]             data_in_91__1_
GCN             net     data_in[20]             data_in_91__0_
GCN             net     data_in[19]             data_in_92__4_
GCN             net     data_in[18]             data_in_92__3_
GCN             net     data_in[17]             data_in_92__2_
GCN             net     data_in[16]             data_in_92__1_
GCN             net     data_in[15]             data_in_92__0_
GCN             net     data_in[14]             data_in_93__4_
GCN             net     data_in[13]             data_in_93__3_
GCN             net     data_in[12]             data_in_93__2_
GCN             net     data_in[11]             data_in_93__1_
GCN             net     data_in[10]             data_in_93__0_
GCN             net     data_in[9]              data_in_94__4_
GCN             net     data_in[8]              data_in_94__3_
GCN             net     data_in[7]              data_in_94__2_
GCN             net     data_in[6]              data_in_94__1_
GCN             net     data_in[5]              data_in_94__0_
GCN             net     data_in[4]              data_in_95__4_
GCN             net     data_in[3]              data_in_95__3_
GCN             net     data_in[2]              data_in_95__2_
GCN             net     data_in[1]              data_in_95__1_
GCN             net     data_in[0]              data_in_95__0_
GCN             net     comtop/N435             comtop_N435
GCN             net     comtop/N433             comtop_N433
GCN             net     comtop/N431             comtop_N431
GCN             net     comtop/N429             comtop_N429
GCN             net     comtop/N427             comtop_N427
GCN             net     comtop/N425             comtop_N425
GCN             net     comtop/N423             comtop_N423
GCN             net     comtop/N298             comtop_N298
GCN             net     comtop/N296             comtop_N296
GCN             net     comtop/N294             comtop_N294
GCN             net     comtop/N292             comtop_N292
GCN             net     comtop/N290             comtop_N290
GCN             net     comtop/N288             comtop_N288
GCN             net     comtop/N286             comtop_N286
GCN             net     add_x_4/A[14]           add_x_4_A_14_
GCN             net     add_x_4/A[12]           add_x_4_A_12_
GCN             net     add_x_4/A[10]           add_x_4_A_10_
GCN             net     add_x_4/A[8]            add_x_4_A_8_
GCN             net     add_x_4/A[6]            add_x_4_A_6_
GCN             net     add_x_4/A[4]            add_x_4_A_4_
GCN             net     add_x_4/A[2]            add_x_4_A_2_
GCN             net     add_x_4/B[14]           add_x_4_B_14_
GCN             net     add_x_4/B[12]           add_x_4_B_12_
GCN             net     add_x_4/B[10]           add_x_4_B_10_
GCN             net     add_x_4/B[8]            add_x_4_B_8_
GCN             net     add_x_4/B[6]            add_x_4_B_6_
GCN             net     add_x_4/B[4]            add_x_4_B_4_
GCN             net     add_x_4/B[2]            add_x_4_B_2_
GCN             net     add_x_4/n39             add_x_4_n39
GCN             net     add_x_4/n38             add_x_4_n38
GCN             net     add_x_4/n37             add_x_4_n37
GCN             net     add_x_4/n36             add_x_4_n36
GCN             net     add_x_4/n35             add_x_4_n35
GCN             net     add_x_4/n34             add_x_4_n34
GCN             net     add_x_4/n33             add_x_4_n33
GCN             net     add_x_4/n32             add_x_4_n32
GCN             net     add_x_4/n31             add_x_4_n31
GCN             net     add_x_4/n30             add_x_4_n30
GCN             net     add_x_4/n29             add_x_4_n29
GCN             net     add_x_4/n28             add_x_4_n28
GCN             net     add_x_4/n27             add_x_4_n27
GCN             net     add_x_4/n26             add_x_4_n26
GCN             net     add_x_4/n25             add_x_4_n25
GCN             net     add_x_4/n24             add_x_4_n24
GCN             net     add_x_4/n23             add_x_4_n23
GCN             net     add_x_4/n22             add_x_4_n22
GCN             net     add_x_4/n21             add_x_4_n21
GCN             net     add_x_4/n20             add_x_4_n20
GCN             net     add_x_4/n19             add_x_4_n19
GCN             net     add_x_4/n18             add_x_4_n18
GCN             net     add_x_4/n17             add_x_4_n17
GCN             net     add_x_4/n16             add_x_4_n16
GCN             net     add_x_4/n15             add_x_4_n15
GCN             net     add_x_4/n14             add_x_4_n14
GCN             net     add_x_4/n13             add_x_4_n13
GCN             net     add_x_4/n12             add_x_4_n12
GCN             net     add_x_4/n11             add_x_4_n11
GCN             net     add_x_4/n10             add_x_4_n10
GCN             net     add_x_4/n9              add_x_4_n9
GCN             net     add_x_4/n8              add_x_4_n8
GCN             net     add_x_4/n7              add_x_4_n7
GCN             net     add_x_4/n6              add_x_4_n6
GCN             net     add_x_4/n5              add_x_4_n5
GCN             net     add_x_4/n4              add_x_4_n4
GCN             net     add_x_2/A[12]           add_x_2_A_12_
GCN             net     add_x_2/A[10]           add_x_2_A_10_
GCN             net     add_x_2/A[8]            add_x_2_A_8_
GCN             net     add_x_2/A[6]            add_x_2_A_6_
GCN             net     add_x_2/A[2]            add_x_2_A_2_
GCN             net     add_x_2/B[12]           add_x_2_B_12_
GCN             net     add_x_2/B[10]           add_x_2_B_10_
GCN             net     add_x_2/B[8]            add_x_2_B_8_
GCN             net     add_x_2/B[6]            add_x_2_B_6_
GCN             net     add_x_2/B[2]            add_x_2_B_2_
GCN             net     add_x_2/n39             add_x_2_n39
GCN             net     add_x_2/n37             add_x_2_n37
GCN             net     add_x_2/n36             add_x_2_n36
GCN             net     add_x_2/n35             add_x_2_n35
GCN             net     add_x_2/n34             add_x_2_n34
GCN             net     add_x_2/n32             add_x_2_n32
GCN             net     add_x_2/n31             add_x_2_n31
GCN             net     add_x_2/n30             add_x_2_n30
GCN             net     add_x_2/n29             add_x_2_n29
GCN             net     add_x_2/n28             add_x_2_n28
GCN             net     add_x_2/n27             add_x_2_n27
GCN             net     add_x_2/n26             add_x_2_n26
GCN             net     add_x_2/n25             add_x_2_n25
GCN             net     add_x_2/n24             add_x_2_n24
GCN             net     add_x_2/n23             add_x_2_n23
GCN             net     add_x_2/n22             add_x_2_n22
GCN             net     add_x_2/n21             add_x_2_n21
GCN             net     add_x_2/n20             add_x_2_n20
GCN             net     add_x_2/n19             add_x_2_n19
GCN             net     add_x_2/n17             add_x_2_n17
GCN             net     add_x_2/n16             add_x_2_n16
GCN             net     add_x_2/n15             add_x_2_n15
GCN             net     add_x_2/n14             add_x_2_n14
GCN             net     add_x_2/n13             add_x_2_n13
GCN             net     add_x_2/n12             add_x_2_n12
GCN             net     add_x_2/n11             add_x_2_n11
GCN             net     add_x_2/n10             add_x_2_n10
GCN             net     add_x_2/n9              add_x_2_n9
GCN             net     add_x_2/n8              add_x_2_n8
GCN             net     add_x_2/n7              add_x_2_n7
GCN             net     add_x_2/n6              add_x_2_n6
GCN             net     add_x_2/n5              add_x_2_n5
GCN             net     add_x_2/n4              add_x_2_n4
transformation_top_block port input_data[0][4]  input_data_0__4_
transformation_top_block port input_data[0][3]  input_data_0__3_
transformation_top_block port input_data[0][2]  input_data_0__2_
transformation_top_block port input_data[0][1]  input_data_0__1_
transformation_top_block port input_data[0][0]  input_data_0__0_
transformation_top_block port input_data[1][4]  input_data_1__4_
transformation_top_block port input_data[1][3]  input_data_1__3_
transformation_top_block port input_data[1][2]  input_data_1__2_
transformation_top_block port input_data[1][1]  input_data_1__1_
transformation_top_block port input_data[1][0]  input_data_1__0_
transformation_top_block port input_data[2][4]  input_data_2__4_
transformation_top_block port input_data[2][3]  input_data_2__3_
transformation_top_block port input_data[2][2]  input_data_2__2_
transformation_top_block port input_data[2][1]  input_data_2__1_
transformation_top_block port input_data[2][0]  input_data_2__0_
transformation_top_block port input_data[3][4]  input_data_3__4_
transformation_top_block port input_data[3][3]  input_data_3__3_
transformation_top_block port input_data[3][2]  input_data_3__2_
transformation_top_block port input_data[3][1]  input_data_3__1_
transformation_top_block port input_data[3][0]  input_data_3__0_
transformation_top_block port input_data[4][4]  input_data_4__4_
transformation_top_block port input_data[4][3]  input_data_4__3_
transformation_top_block port input_data[4][2]  input_data_4__2_
transformation_top_block port input_data[4][1]  input_data_4__1_
transformation_top_block port input_data[4][0]  input_data_4__0_
transformation_top_block port input_data[5][4]  input_data_5__4_
transformation_top_block port input_data[5][3]  input_data_5__3_
transformation_top_block port input_data[5][2]  input_data_5__2_
transformation_top_block port input_data[5][1]  input_data_5__1_
transformation_top_block port input_data[5][0]  input_data_5__0_
transformation_top_block port input_data[6][4]  input_data_6__4_
transformation_top_block port input_data[6][3]  input_data_6__3_
transformation_top_block port input_data[6][2]  input_data_6__2_
transformation_top_block port input_data[6][1]  input_data_6__1_
transformation_top_block port input_data[6][0]  input_data_6__0_
transformation_top_block port input_data[7][4]  input_data_7__4_
transformation_top_block port input_data[7][3]  input_data_7__3_
transformation_top_block port input_data[7][2]  input_data_7__2_
transformation_top_block port input_data[7][1]  input_data_7__1_
transformation_top_block port input_data[7][0]  input_data_7__0_
transformation_top_block port input_data[8][4]  input_data_8__4_
transformation_top_block port input_data[8][3]  input_data_8__3_
transformation_top_block port input_data[8][2]  input_data_8__2_
transformation_top_block port input_data[8][1]  input_data_8__1_
transformation_top_block port input_data[8][0]  input_data_8__0_
transformation_top_block port input_data[9][4]  input_data_9__4_
transformation_top_block port input_data[9][3]  input_data_9__3_
transformation_top_block port input_data[9][2]  input_data_9__2_
transformation_top_block port input_data[9][1]  input_data_9__1_
transformation_top_block port input_data[9][0]  input_data_9__0_
transformation_top_block port input_data[10][4] input_data_10__4_
transformation_top_block port input_data[10][3] input_data_10__3_
transformation_top_block port input_data[10][2] input_data_10__2_
transformation_top_block port input_data[10][1] input_data_10__1_
transformation_top_block port input_data[10][0] input_data_10__0_
transformation_top_block port input_data[11][4] input_data_11__4_
transformation_top_block port input_data[11][3] input_data_11__3_
transformation_top_block port input_data[11][2] input_data_11__2_
transformation_top_block port input_data[11][1] input_data_11__1_
transformation_top_block port input_data[11][0] input_data_11__0_
transformation_top_block port input_data[12][4] input_data_12__4_
transformation_top_block port input_data[12][3] input_data_12__3_
transformation_top_block port input_data[12][2] input_data_12__2_
transformation_top_block port input_data[12][1] input_data_12__1_
transformation_top_block port input_data[12][0] input_data_12__0_
transformation_top_block port input_data[13][4] input_data_13__4_
transformation_top_block port input_data[13][3] input_data_13__3_
transformation_top_block port input_data[13][2] input_data_13__2_
transformation_top_block port input_data[13][1] input_data_13__1_
transformation_top_block port input_data[13][0] input_data_13__0_
transformation_top_block port input_data[14][4] input_data_14__4_
transformation_top_block port input_data[14][3] input_data_14__3_
transformation_top_block port input_data[14][2] input_data_14__2_
transformation_top_block port input_data[14][1] input_data_14__1_
transformation_top_block port input_data[14][0] input_data_14__0_
transformation_top_block port input_data[15][4] input_data_15__4_
transformation_top_block port input_data[15][3] input_data_15__3_
transformation_top_block port input_data[15][2] input_data_15__2_
transformation_top_block port input_data[15][1] input_data_15__1_
transformation_top_block port input_data[15][0] input_data_15__0_
transformation_top_block port input_data[16][4] input_data_16__4_
transformation_top_block port input_data[16][3] input_data_16__3_
transformation_top_block port input_data[16][2] input_data_16__2_
transformation_top_block port input_data[16][1] input_data_16__1_
transformation_top_block port input_data[16][0] input_data_16__0_
transformation_top_block port input_data[17][4] input_data_17__4_
transformation_top_block port input_data[17][3] input_data_17__3_
transformation_top_block port input_data[17][2] input_data_17__2_
transformation_top_block port input_data[17][1] input_data_17__1_
transformation_top_block port input_data[17][0] input_data_17__0_
transformation_top_block port input_data[18][4] input_data_18__4_
transformation_top_block port input_data[18][3] input_data_18__3_
transformation_top_block port input_data[18][2] input_data_18__2_
transformation_top_block port input_data[18][1] input_data_18__1_
transformation_top_block port input_data[18][0] input_data_18__0_
transformation_top_block port input_data[19][4] input_data_19__4_
transformation_top_block port input_data[19][3] input_data_19__3_
transformation_top_block port input_data[19][2] input_data_19__2_
transformation_top_block port input_data[19][1] input_data_19__1_
transformation_top_block port input_data[19][0] input_data_19__0_
transformation_top_block port input_data[20][4] input_data_20__4_
transformation_top_block port input_data[20][3] input_data_20__3_
transformation_top_block port input_data[20][2] input_data_20__2_
transformation_top_block port input_data[20][1] input_data_20__1_
transformation_top_block port input_data[20][0] input_data_20__0_
transformation_top_block port input_data[21][4] input_data_21__4_
transformation_top_block port input_data[21][3] input_data_21__3_
transformation_top_block port input_data[21][2] input_data_21__2_
transformation_top_block port input_data[21][1] input_data_21__1_
transformation_top_block port input_data[21][0] input_data_21__0_
transformation_top_block port input_data[22][4] input_data_22__4_
transformation_top_block port input_data[22][3] input_data_22__3_
transformation_top_block port input_data[22][2] input_data_22__2_
transformation_top_block port input_data[22][1] input_data_22__1_
transformation_top_block port input_data[22][0] input_data_22__0_
transformation_top_block port input_data[23][4] input_data_23__4_
transformation_top_block port input_data[23][3] input_data_23__3_
transformation_top_block port input_data[23][2] input_data_23__2_
transformation_top_block port input_data[23][1] input_data_23__1_
transformation_top_block port input_data[23][0] input_data_23__0_
transformation_top_block port input_data[24][4] input_data_24__4_
transformation_top_block port input_data[24][3] input_data_24__3_
transformation_top_block port input_data[24][2] input_data_24__2_
transformation_top_block port input_data[24][1] input_data_24__1_
transformation_top_block port input_data[24][0] input_data_24__0_
transformation_top_block port input_data[25][4] input_data_25__4_
transformation_top_block port input_data[25][3] input_data_25__3_
transformation_top_block port input_data[25][2] input_data_25__2_
transformation_top_block port input_data[25][1] input_data_25__1_
transformation_top_block port input_data[25][0] input_data_25__0_
transformation_top_block port input_data[26][4] input_data_26__4_
transformation_top_block port input_data[26][3] input_data_26__3_
transformation_top_block port input_data[26][2] input_data_26__2_
transformation_top_block port input_data[26][1] input_data_26__1_
transformation_top_block port input_data[26][0] input_data_26__0_
transformation_top_block port input_data[27][4] input_data_27__4_
transformation_top_block port input_data[27][3] input_data_27__3_
transformation_top_block port input_data[27][2] input_data_27__2_
transformation_top_block port input_data[27][1] input_data_27__1_
transformation_top_block port input_data[27][0] input_data_27__0_
transformation_top_block port input_data[28][4] input_data_28__4_
transformation_top_block port input_data[28][3] input_data_28__3_
transformation_top_block port input_data[28][2] input_data_28__2_
transformation_top_block port input_data[28][1] input_data_28__1_
transformation_top_block port input_data[28][0] input_data_28__0_
transformation_top_block port input_data[29][4] input_data_29__4_
transformation_top_block port input_data[29][3] input_data_29__3_
transformation_top_block port input_data[29][2] input_data_29__2_
transformation_top_block port input_data[29][1] input_data_29__1_
transformation_top_block port input_data[29][0] input_data_29__0_
transformation_top_block port input_data[30][4] input_data_30__4_
transformation_top_block port input_data[30][3] input_data_30__3_
transformation_top_block port input_data[30][2] input_data_30__2_
transformation_top_block port input_data[30][1] input_data_30__1_
transformation_top_block port input_data[30][0] input_data_30__0_
transformation_top_block port input_data[31][4] input_data_31__4_
transformation_top_block port input_data[31][3] input_data_31__3_
transformation_top_block port input_data[31][2] input_data_31__2_
transformation_top_block port input_data[31][1] input_data_31__1_
transformation_top_block port input_data[31][0] input_data_31__0_
transformation_top_block port input_data[32][4] input_data_32__4_
transformation_top_block port input_data[32][3] input_data_32__3_
transformation_top_block port input_data[32][2] input_data_32__2_
transformation_top_block port input_data[32][1] input_data_32__1_
transformation_top_block port input_data[32][0] input_data_32__0_
transformation_top_block port input_data[33][4] input_data_33__4_
transformation_top_block port input_data[33][3] input_data_33__3_
transformation_top_block port input_data[33][2] input_data_33__2_
transformation_top_block port input_data[33][1] input_data_33__1_
transformation_top_block port input_data[33][0] input_data_33__0_
transformation_top_block port input_data[34][4] input_data_34__4_
transformation_top_block port input_data[34][3] input_data_34__3_
transformation_top_block port input_data[34][2] input_data_34__2_
transformation_top_block port input_data[34][1] input_data_34__1_
transformation_top_block port input_data[34][0] input_data_34__0_
transformation_top_block port input_data[35][4] input_data_35__4_
transformation_top_block port input_data[35][3] input_data_35__3_
transformation_top_block port input_data[35][2] input_data_35__2_
transformation_top_block port input_data[35][1] input_data_35__1_
transformation_top_block port input_data[35][0] input_data_35__0_
transformation_top_block port input_data[36][4] input_data_36__4_
transformation_top_block port input_data[36][3] input_data_36__3_
transformation_top_block port input_data[36][2] input_data_36__2_
transformation_top_block port input_data[36][1] input_data_36__1_
transformation_top_block port input_data[36][0] input_data_36__0_
transformation_top_block port input_data[37][4] input_data_37__4_
transformation_top_block port input_data[37][3] input_data_37__3_
transformation_top_block port input_data[37][2] input_data_37__2_
transformation_top_block port input_data[37][1] input_data_37__1_
transformation_top_block port input_data[37][0] input_data_37__0_
transformation_top_block port input_data[38][4] input_data_38__4_
transformation_top_block port input_data[38][3] input_data_38__3_
transformation_top_block port input_data[38][2] input_data_38__2_
transformation_top_block port input_data[38][1] input_data_38__1_
transformation_top_block port input_data[38][0] input_data_38__0_
transformation_top_block port input_data[39][4] input_data_39__4_
transformation_top_block port input_data[39][3] input_data_39__3_
transformation_top_block port input_data[39][2] input_data_39__2_
transformation_top_block port input_data[39][1] input_data_39__1_
transformation_top_block port input_data[39][0] input_data_39__0_
transformation_top_block port input_data[40][4] input_data_40__4_
transformation_top_block port input_data[40][3] input_data_40__3_
transformation_top_block port input_data[40][2] input_data_40__2_
transformation_top_block port input_data[40][1] input_data_40__1_
transformation_top_block port input_data[40][0] input_data_40__0_
transformation_top_block port input_data[41][4] input_data_41__4_
transformation_top_block port input_data[41][3] input_data_41__3_
transformation_top_block port input_data[41][2] input_data_41__2_
transformation_top_block port input_data[41][1] input_data_41__1_
transformation_top_block port input_data[41][0] input_data_41__0_
transformation_top_block port input_data[42][4] input_data_42__4_
transformation_top_block port input_data[42][3] input_data_42__3_
transformation_top_block port input_data[42][2] input_data_42__2_
transformation_top_block port input_data[42][1] input_data_42__1_
transformation_top_block port input_data[42][0] input_data_42__0_
transformation_top_block port input_data[43][4] input_data_43__4_
transformation_top_block port input_data[43][3] input_data_43__3_
transformation_top_block port input_data[43][2] input_data_43__2_
transformation_top_block port input_data[43][1] input_data_43__1_
transformation_top_block port input_data[43][0] input_data_43__0_
transformation_top_block port input_data[44][4] input_data_44__4_
transformation_top_block port input_data[44][3] input_data_44__3_
transformation_top_block port input_data[44][2] input_data_44__2_
transformation_top_block port input_data[44][1] input_data_44__1_
transformation_top_block port input_data[44][0] input_data_44__0_
transformation_top_block port input_data[45][4] input_data_45__4_
transformation_top_block port input_data[45][3] input_data_45__3_
transformation_top_block port input_data[45][2] input_data_45__2_
transformation_top_block port input_data[45][1] input_data_45__1_
transformation_top_block port input_data[45][0] input_data_45__0_
transformation_top_block port input_data[46][4] input_data_46__4_
transformation_top_block port input_data[46][3] input_data_46__3_
transformation_top_block port input_data[46][2] input_data_46__2_
transformation_top_block port input_data[46][1] input_data_46__1_
transformation_top_block port input_data[46][0] input_data_46__0_
transformation_top_block port input_data[47][4] input_data_47__4_
transformation_top_block port input_data[47][3] input_data_47__3_
transformation_top_block port input_data[47][2] input_data_47__2_
transformation_top_block port input_data[47][1] input_data_47__1_
transformation_top_block port input_data[47][0] input_data_47__0_
transformation_top_block port input_data[48][4] input_data_48__4_
transformation_top_block port input_data[48][3] input_data_48__3_
transformation_top_block port input_data[48][2] input_data_48__2_
transformation_top_block port input_data[48][1] input_data_48__1_
transformation_top_block port input_data[48][0] input_data_48__0_
transformation_top_block port input_data[49][4] input_data_49__4_
transformation_top_block port input_data[49][3] input_data_49__3_
transformation_top_block port input_data[49][2] input_data_49__2_
transformation_top_block port input_data[49][1] input_data_49__1_
transformation_top_block port input_data[49][0] input_data_49__0_
transformation_top_block port input_data[50][4] input_data_50__4_
transformation_top_block port input_data[50][3] input_data_50__3_
transformation_top_block port input_data[50][2] input_data_50__2_
transformation_top_block port input_data[50][1] input_data_50__1_
transformation_top_block port input_data[50][0] input_data_50__0_
transformation_top_block port input_data[51][4] input_data_51__4_
transformation_top_block port input_data[51][3] input_data_51__3_
transformation_top_block port input_data[51][2] input_data_51__2_
transformation_top_block port input_data[51][1] input_data_51__1_
transformation_top_block port input_data[51][0] input_data_51__0_
transformation_top_block port input_data[52][4] input_data_52__4_
transformation_top_block port input_data[52][3] input_data_52__3_
transformation_top_block port input_data[52][2] input_data_52__2_
transformation_top_block port input_data[52][1] input_data_52__1_
transformation_top_block port input_data[52][0] input_data_52__0_
transformation_top_block port input_data[53][4] input_data_53__4_
transformation_top_block port input_data[53][3] input_data_53__3_
transformation_top_block port input_data[53][2] input_data_53__2_
transformation_top_block port input_data[53][1] input_data_53__1_
transformation_top_block port input_data[53][0] input_data_53__0_
transformation_top_block port input_data[54][4] input_data_54__4_
transformation_top_block port input_data[54][3] input_data_54__3_
transformation_top_block port input_data[54][2] input_data_54__2_
transformation_top_block port input_data[54][1] input_data_54__1_
transformation_top_block port input_data[54][0] input_data_54__0_
transformation_top_block port input_data[55][4] input_data_55__4_
transformation_top_block port input_data[55][3] input_data_55__3_
transformation_top_block port input_data[55][2] input_data_55__2_
transformation_top_block port input_data[55][1] input_data_55__1_
transformation_top_block port input_data[55][0] input_data_55__0_
transformation_top_block port input_data[56][4] input_data_56__4_
transformation_top_block port input_data[56][3] input_data_56__3_
transformation_top_block port input_data[56][2] input_data_56__2_
transformation_top_block port input_data[56][1] input_data_56__1_
transformation_top_block port input_data[56][0] input_data_56__0_
transformation_top_block port input_data[57][4] input_data_57__4_
transformation_top_block port input_data[57][3] input_data_57__3_
transformation_top_block port input_data[57][2] input_data_57__2_
transformation_top_block port input_data[57][1] input_data_57__1_
transformation_top_block port input_data[57][0] input_data_57__0_
transformation_top_block port input_data[58][4] input_data_58__4_
transformation_top_block port input_data[58][3] input_data_58__3_
transformation_top_block port input_data[58][2] input_data_58__2_
transformation_top_block port input_data[58][1] input_data_58__1_
transformation_top_block port input_data[58][0] input_data_58__0_
transformation_top_block port input_data[59][4] input_data_59__4_
transformation_top_block port input_data[59][3] input_data_59__3_
transformation_top_block port input_data[59][2] input_data_59__2_
transformation_top_block port input_data[59][1] input_data_59__1_
transformation_top_block port input_data[59][0] input_data_59__0_
transformation_top_block port input_data[60][4] input_data_60__4_
transformation_top_block port input_data[60][3] input_data_60__3_
transformation_top_block port input_data[60][2] input_data_60__2_
transformation_top_block port input_data[60][1] input_data_60__1_
transformation_top_block port input_data[60][0] input_data_60__0_
transformation_top_block port input_data[61][4] input_data_61__4_
transformation_top_block port input_data[61][3] input_data_61__3_
transformation_top_block port input_data[61][2] input_data_61__2_
transformation_top_block port input_data[61][1] input_data_61__1_
transformation_top_block port input_data[61][0] input_data_61__0_
transformation_top_block port input_data[62][4] input_data_62__4_
transformation_top_block port input_data[62][3] input_data_62__3_
transformation_top_block port input_data[62][2] input_data_62__2_
transformation_top_block port input_data[62][1] input_data_62__1_
transformation_top_block port input_data[62][0] input_data_62__0_
transformation_top_block port input_data[63][4] input_data_63__4_
transformation_top_block port input_data[63][3] input_data_63__3_
transformation_top_block port input_data[63][2] input_data_63__2_
transformation_top_block port input_data[63][1] input_data_63__1_
transformation_top_block port input_data[63][0] input_data_63__0_
transformation_top_block port input_data[64][4] input_data_64__4_
transformation_top_block port input_data[64][3] input_data_64__3_
transformation_top_block port input_data[64][2] input_data_64__2_
transformation_top_block port input_data[64][1] input_data_64__1_
transformation_top_block port input_data[64][0] input_data_64__0_
transformation_top_block port input_data[65][4] input_data_65__4_
transformation_top_block port input_data[65][3] input_data_65__3_
transformation_top_block port input_data[65][2] input_data_65__2_
transformation_top_block port input_data[65][1] input_data_65__1_
transformation_top_block port input_data[65][0] input_data_65__0_
transformation_top_block port input_data[66][4] input_data_66__4_
transformation_top_block port input_data[66][3] input_data_66__3_
transformation_top_block port input_data[66][2] input_data_66__2_
transformation_top_block port input_data[66][1] input_data_66__1_
transformation_top_block port input_data[66][0] input_data_66__0_
transformation_top_block port input_data[67][4] input_data_67__4_
transformation_top_block port input_data[67][3] input_data_67__3_
transformation_top_block port input_data[67][2] input_data_67__2_
transformation_top_block port input_data[67][1] input_data_67__1_
transformation_top_block port input_data[67][0] input_data_67__0_
transformation_top_block port input_data[68][4] input_data_68__4_
transformation_top_block port input_data[68][3] input_data_68__3_
transformation_top_block port input_data[68][2] input_data_68__2_
transformation_top_block port input_data[68][1] input_data_68__1_
transformation_top_block port input_data[68][0] input_data_68__0_
transformation_top_block port input_data[69][4] input_data_69__4_
transformation_top_block port input_data[69][3] input_data_69__3_
transformation_top_block port input_data[69][2] input_data_69__2_
transformation_top_block port input_data[69][1] input_data_69__1_
transformation_top_block port input_data[69][0] input_data_69__0_
transformation_top_block port input_data[70][4] input_data_70__4_
transformation_top_block port input_data[70][3] input_data_70__3_
transformation_top_block port input_data[70][2] input_data_70__2_
transformation_top_block port input_data[70][1] input_data_70__1_
transformation_top_block port input_data[70][0] input_data_70__0_
transformation_top_block port input_data[71][4] input_data_71__4_
transformation_top_block port input_data[71][3] input_data_71__3_
transformation_top_block port input_data[71][2] input_data_71__2_
transformation_top_block port input_data[71][1] input_data_71__1_
transformation_top_block port input_data[71][0] input_data_71__0_
transformation_top_block port input_data[72][4] input_data_72__4_
transformation_top_block port input_data[72][3] input_data_72__3_
transformation_top_block port input_data[72][2] input_data_72__2_
transformation_top_block port input_data[72][1] input_data_72__1_
transformation_top_block port input_data[72][0] input_data_72__0_
transformation_top_block port input_data[73][4] input_data_73__4_
transformation_top_block port input_data[73][3] input_data_73__3_
transformation_top_block port input_data[73][2] input_data_73__2_
transformation_top_block port input_data[73][1] input_data_73__1_
transformation_top_block port input_data[73][0] input_data_73__0_
transformation_top_block port input_data[74][4] input_data_74__4_
transformation_top_block port input_data[74][3] input_data_74__3_
transformation_top_block port input_data[74][2] input_data_74__2_
transformation_top_block port input_data[74][1] input_data_74__1_
transformation_top_block port input_data[74][0] input_data_74__0_
transformation_top_block port input_data[75][4] input_data_75__4_
transformation_top_block port input_data[75][3] input_data_75__3_
transformation_top_block port input_data[75][2] input_data_75__2_
transformation_top_block port input_data[75][1] input_data_75__1_
transformation_top_block port input_data[75][0] input_data_75__0_
transformation_top_block port input_data[76][4] input_data_76__4_
transformation_top_block port input_data[76][3] input_data_76__3_
transformation_top_block port input_data[76][2] input_data_76__2_
transformation_top_block port input_data[76][1] input_data_76__1_
transformation_top_block port input_data[76][0] input_data_76__0_
transformation_top_block port input_data[77][4] input_data_77__4_
transformation_top_block port input_data[77][3] input_data_77__3_
transformation_top_block port input_data[77][2] input_data_77__2_
transformation_top_block port input_data[77][1] input_data_77__1_
transformation_top_block port input_data[77][0] input_data_77__0_
transformation_top_block port input_data[78][4] input_data_78__4_
transformation_top_block port input_data[78][3] input_data_78__3_
transformation_top_block port input_data[78][2] input_data_78__2_
transformation_top_block port input_data[78][1] input_data_78__1_
transformation_top_block port input_data[78][0] input_data_78__0_
transformation_top_block port input_data[79][4] input_data_79__4_
transformation_top_block port input_data[79][3] input_data_79__3_
transformation_top_block port input_data[79][2] input_data_79__2_
transformation_top_block port input_data[79][1] input_data_79__1_
transformation_top_block port input_data[79][0] input_data_79__0_
transformation_top_block port input_data[80][4] input_data_80__4_
transformation_top_block port input_data[80][3] input_data_80__3_
transformation_top_block port input_data[80][2] input_data_80__2_
transformation_top_block port input_data[80][1] input_data_80__1_
transformation_top_block port input_data[80][0] input_data_80__0_
transformation_top_block port input_data[81][4] input_data_81__4_
transformation_top_block port input_data[81][3] input_data_81__3_
transformation_top_block port input_data[81][2] input_data_81__2_
transformation_top_block port input_data[81][1] input_data_81__1_
transformation_top_block port input_data[81][0] input_data_81__0_
transformation_top_block port input_data[82][4] input_data_82__4_
transformation_top_block port input_data[82][3] input_data_82__3_
transformation_top_block port input_data[82][2] input_data_82__2_
transformation_top_block port input_data[82][1] input_data_82__1_
transformation_top_block port input_data[82][0] input_data_82__0_
transformation_top_block port input_data[83][4] input_data_83__4_
transformation_top_block port input_data[83][3] input_data_83__3_
transformation_top_block port input_data[83][2] input_data_83__2_
transformation_top_block port input_data[83][1] input_data_83__1_
transformation_top_block port input_data[83][0] input_data_83__0_
transformation_top_block port input_data[84][4] input_data_84__4_
transformation_top_block port input_data[84][3] input_data_84__3_
transformation_top_block port input_data[84][2] input_data_84__2_
transformation_top_block port input_data[84][1] input_data_84__1_
transformation_top_block port input_data[84][0] input_data_84__0_
transformation_top_block port input_data[85][4] input_data_85__4_
transformation_top_block port input_data[85][3] input_data_85__3_
transformation_top_block port input_data[85][2] input_data_85__2_
transformation_top_block port input_data[85][1] input_data_85__1_
transformation_top_block port input_data[85][0] input_data_85__0_
transformation_top_block port input_data[86][4] input_data_86__4_
transformation_top_block port input_data[86][3] input_data_86__3_
transformation_top_block port input_data[86][2] input_data_86__2_
transformation_top_block port input_data[86][1] input_data_86__1_
transformation_top_block port input_data[86][0] input_data_86__0_
transformation_top_block port input_data[87][4] input_data_87__4_
transformation_top_block port input_data[87][3] input_data_87__3_
transformation_top_block port input_data[87][2] input_data_87__2_
transformation_top_block port input_data[87][1] input_data_87__1_
transformation_top_block port input_data[87][0] input_data_87__0_
transformation_top_block port input_data[88][4] input_data_88__4_
transformation_top_block port input_data[88][3] input_data_88__3_
transformation_top_block port input_data[88][2] input_data_88__2_
transformation_top_block port input_data[88][1] input_data_88__1_
transformation_top_block port input_data[88][0] input_data_88__0_
transformation_top_block port input_data[89][4] input_data_89__4_
transformation_top_block port input_data[89][3] input_data_89__3_
transformation_top_block port input_data[89][2] input_data_89__2_
transformation_top_block port input_data[89][1] input_data_89__1_
transformation_top_block port input_data[89][0] input_data_89__0_
transformation_top_block port input_data[90][4] input_data_90__4_
transformation_top_block port input_data[90][3] input_data_90__3_
transformation_top_block port input_data[90][2] input_data_90__2_
transformation_top_block port input_data[90][1] input_data_90__1_
transformation_top_block port input_data[90][0] input_data_90__0_
transformation_top_block port input_data[91][4] input_data_91__4_
transformation_top_block port input_data[91][3] input_data_91__3_
transformation_top_block port input_data[91][2] input_data_91__2_
transformation_top_block port input_data[91][1] input_data_91__1_
transformation_top_block port input_data[91][0] input_data_91__0_
transformation_top_block port input_data[92][4] input_data_92__4_
transformation_top_block port input_data[92][3] input_data_92__3_
transformation_top_block port input_data[92][2] input_data_92__2_
transformation_top_block port input_data[92][1] input_data_92__1_
transformation_top_block port input_data[92][0] input_data_92__0_
transformation_top_block port input_data[93][4] input_data_93__4_
transformation_top_block port input_data[93][3] input_data_93__3_
transformation_top_block port input_data[93][2] input_data_93__2_
transformation_top_block port input_data[93][1] input_data_93__1_
transformation_top_block port input_data[93][0] input_data_93__0_
transformation_top_block port input_data[94][4] input_data_94__4_
transformation_top_block port input_data[94][3] input_data_94__3_
transformation_top_block port input_data[94][2] input_data_94__2_
transformation_top_block port input_data[94][1] input_data_94__1_
transformation_top_block port input_data[94][0] input_data_94__0_
transformation_top_block port input_data[95][4] input_data_95__4_
transformation_top_block port input_data[95][3] input_data_95__3_
transformation_top_block port input_data[95][2] input_data_95__2_
transformation_top_block port input_data[95][1] input_data_95__1_
transformation_top_block port input_data[95][0] input_data_95__0_
transformation_top_block port fm_wm_row_out[0][15] fm_wm_row_out_0__15_
transformation_top_block port fm_wm_row_out[0][14] fm_wm_row_out_0__14_
transformation_top_block port fm_wm_row_out[0][13] fm_wm_row_out_0__13_
transformation_top_block port fm_wm_row_out[0][12] fm_wm_row_out_0__12_
transformation_top_block port fm_wm_row_out[0][11] fm_wm_row_out_0__11_
transformation_top_block port fm_wm_row_out[0][10] fm_wm_row_out_0__10_
transformation_top_block port fm_wm_row_out[0][9] fm_wm_row_out_0__9_
transformation_top_block port fm_wm_row_out[0][8] fm_wm_row_out_0__8_
transformation_top_block port fm_wm_row_out[0][7] fm_wm_row_out_0__7_
transformation_top_block port fm_wm_row_out[0][6] fm_wm_row_out_0__6_
transformation_top_block port fm_wm_row_out[0][5] fm_wm_row_out_0__5_
transformation_top_block port fm_wm_row_out[0][4] fm_wm_row_out_0__4_
transformation_top_block port fm_wm_row_out[0][3] fm_wm_row_out_0__3_
transformation_top_block port fm_wm_row_out[0][2] fm_wm_row_out_0__2_
transformation_top_block port fm_wm_row_out[0][1] fm_wm_row_out_0__1_
transformation_top_block port fm_wm_row_out[0][0] fm_wm_row_out_0__0_
transformation_top_block port fm_wm_row_out[1][15] fm_wm_row_out_1__15_
transformation_top_block port fm_wm_row_out[1][14] fm_wm_row_out_1__14_
transformation_top_block port fm_wm_row_out[1][13] fm_wm_row_out_1__13_
transformation_top_block port fm_wm_row_out[1][12] fm_wm_row_out_1__12_
transformation_top_block port fm_wm_row_out[1][11] fm_wm_row_out_1__11_
transformation_top_block port fm_wm_row_out[1][10] fm_wm_row_out_1__10_
transformation_top_block port fm_wm_row_out[1][9] fm_wm_row_out_1__9_
transformation_top_block port fm_wm_row_out[1][8] fm_wm_row_out_1__8_
transformation_top_block port fm_wm_row_out[1][7] fm_wm_row_out_1__7_
transformation_top_block port fm_wm_row_out[1][6] fm_wm_row_out_1__6_
transformation_top_block port fm_wm_row_out[1][5] fm_wm_row_out_1__5_
transformation_top_block port fm_wm_row_out[1][4] fm_wm_row_out_1__4_
transformation_top_block port fm_wm_row_out[1][3] fm_wm_row_out_1__3_
transformation_top_block port fm_wm_row_out[1][2] fm_wm_row_out_1__2_
transformation_top_block port fm_wm_row_out[1][1] fm_wm_row_out_1__1_
transformation_top_block port fm_wm_row_out[1][0] fm_wm_row_out_1__0_
transformation_top_block port fm_wm_row_out[2][15] fm_wm_row_out_2__15_
transformation_top_block port fm_wm_row_out[2][14] fm_wm_row_out_2__14_
transformation_top_block port fm_wm_row_out[2][13] fm_wm_row_out_2__13_
transformation_top_block port fm_wm_row_out[2][12] fm_wm_row_out_2__12_
transformation_top_block port fm_wm_row_out[2][11] fm_wm_row_out_2__11_
transformation_top_block port fm_wm_row_out[2][10] fm_wm_row_out_2__10_
transformation_top_block port fm_wm_row_out[2][9] fm_wm_row_out_2__9_
transformation_top_block port fm_wm_row_out[2][8] fm_wm_row_out_2__8_
transformation_top_block port fm_wm_row_out[2][7] fm_wm_row_out_2__7_
transformation_top_block port fm_wm_row_out[2][6] fm_wm_row_out_2__6_
transformation_top_block port fm_wm_row_out[2][5] fm_wm_row_out_2__5_
transformation_top_block port fm_wm_row_out[2][4] fm_wm_row_out_2__4_
transformation_top_block port fm_wm_row_out[2][3] fm_wm_row_out_2__3_
transformation_top_block port fm_wm_row_out[2][2] fm_wm_row_out_2__2_
transformation_top_block port fm_wm_row_out[2][1] fm_wm_row_out_2__1_
transformation_top_block port fm_wm_row_out[2][0] fm_wm_row_out_2__0_
transformation_top_block port fm_wm_row_out[3][15] fm_wm_row_out_3__15_
transformation_top_block port fm_wm_row_out[3][14] fm_wm_row_out_3__14_
transformation_top_block port fm_wm_row_out[3][13] fm_wm_row_out_3__13_
transformation_top_block port fm_wm_row_out[3][12] fm_wm_row_out_3__12_
transformation_top_block port fm_wm_row_out[3][11] fm_wm_row_out_3__11_
transformation_top_block port fm_wm_row_out[3][10] fm_wm_row_out_3__10_
transformation_top_block port fm_wm_row_out[3][9] fm_wm_row_out_3__9_
transformation_top_block port fm_wm_row_out[3][8] fm_wm_row_out_3__8_
transformation_top_block port fm_wm_row_out[3][7] fm_wm_row_out_3__7_
transformation_top_block port fm_wm_row_out[3][6] fm_wm_row_out_3__6_
transformation_top_block port fm_wm_row_out[3][5] fm_wm_row_out_3__5_
transformation_top_block port fm_wm_row_out[3][4] fm_wm_row_out_3__4_
transformation_top_block port fm_wm_row_out[3][3] fm_wm_row_out_3__3_
transformation_top_block port fm_wm_row_out[3][2] fm_wm_row_out_3__2_
transformation_top_block port fm_wm_row_out[3][1] fm_wm_row_out_3__1_
transformation_top_block port fm_wm_row_out[3][0] fm_wm_row_out_3__0_
transformation_top_block port fm_wm_row_out[4][15] fm_wm_row_out_4__15_
transformation_top_block port fm_wm_row_out[4][14] fm_wm_row_out_4__14_
transformation_top_block port fm_wm_row_out[4][13] fm_wm_row_out_4__13_
transformation_top_block port fm_wm_row_out[4][12] fm_wm_row_out_4__12_
transformation_top_block port fm_wm_row_out[4][11] fm_wm_row_out_4__11_
transformation_top_block port fm_wm_row_out[4][10] fm_wm_row_out_4__10_
transformation_top_block port fm_wm_row_out[4][9] fm_wm_row_out_4__9_
transformation_top_block port fm_wm_row_out[4][8] fm_wm_row_out_4__8_
transformation_top_block port fm_wm_row_out[4][7] fm_wm_row_out_4__7_
transformation_top_block port fm_wm_row_out[4][6] fm_wm_row_out_4__6_
transformation_top_block port fm_wm_row_out[4][5] fm_wm_row_out_4__5_
transformation_top_block port fm_wm_row_out[4][4] fm_wm_row_out_4__4_
transformation_top_block port fm_wm_row_out[4][3] fm_wm_row_out_4__3_
transformation_top_block port fm_wm_row_out[4][2] fm_wm_row_out_4__2_
transformation_top_block port fm_wm_row_out[4][1] fm_wm_row_out_4__1_
transformation_top_block port fm_wm_row_out[4][0] fm_wm_row_out_4__0_
transformation_top_block port fm_wm_row_out[5][15] fm_wm_row_out_5__15_
transformation_top_block port fm_wm_row_out[5][14] fm_wm_row_out_5__14_
transformation_top_block port fm_wm_row_out[5][13] fm_wm_row_out_5__13_
transformation_top_block port fm_wm_row_out[5][12] fm_wm_row_out_5__12_
transformation_top_block port fm_wm_row_out[5][11] fm_wm_row_out_5__11_
transformation_top_block port fm_wm_row_out[5][10] fm_wm_row_out_5__10_
transformation_top_block port fm_wm_row_out[5][9] fm_wm_row_out_5__9_
transformation_top_block port fm_wm_row_out[5][8] fm_wm_row_out_5__8_
transformation_top_block port fm_wm_row_out[5][7] fm_wm_row_out_5__7_
transformation_top_block port fm_wm_row_out[5][6] fm_wm_row_out_5__6_
transformation_top_block port fm_wm_row_out[5][5] fm_wm_row_out_5__5_
transformation_top_block port fm_wm_row_out[5][4] fm_wm_row_out_5__4_
transformation_top_block port fm_wm_row_out[5][3] fm_wm_row_out_5__3_
transformation_top_block port fm_wm_row_out[5][2] fm_wm_row_out_5__2_
transformation_top_block port fm_wm_row_out[5][1] fm_wm_row_out_5__1_
transformation_top_block port fm_wm_row_out[5][0] fm_wm_row_out_5__0_
transformation_top_block net fm_wm_row_out[95]  fm_wm_row_out_0__15_
transformation_top_block net fm_wm_row_out[94]  fm_wm_row_out_0__14_
transformation_top_block net fm_wm_row_out[93]  fm_wm_row_out_0__13_
transformation_top_block net fm_wm_row_out[92]  fm_wm_row_out_0__12_
transformation_top_block net fm_wm_row_out[91]  fm_wm_row_out_0__11_
transformation_top_block net fm_wm_row_out[90]  fm_wm_row_out_0__10_
transformation_top_block net fm_wm_row_out[89]  fm_wm_row_out_0__9_
transformation_top_block net fm_wm_row_out[88]  fm_wm_row_out_0__8_
transformation_top_block net fm_wm_row_out[87]  fm_wm_row_out_0__7_
transformation_top_block net fm_wm_row_out[86]  fm_wm_row_out_0__6_
transformation_top_block net fm_wm_row_out[85]  fm_wm_row_out_0__5_
transformation_top_block net fm_wm_row_out[84]  fm_wm_row_out_0__4_
transformation_top_block net fm_wm_row_out[83]  fm_wm_row_out_0__3_
transformation_top_block net fm_wm_row_out[82]  fm_wm_row_out_0__2_
transformation_top_block net fm_wm_row_out[81]  fm_wm_row_out_0__1_
transformation_top_block net fm_wm_row_out[80]  fm_wm_row_out_0__0_
transformation_top_block net fm_wm_row_out[79]  fm_wm_row_out_1__15_
transformation_top_block net fm_wm_row_out[78]  fm_wm_row_out_1__14_
transformation_top_block net fm_wm_row_out[77]  fm_wm_row_out_1__13_
transformation_top_block net fm_wm_row_out[76]  fm_wm_row_out_1__12_
transformation_top_block net fm_wm_row_out[75]  fm_wm_row_out_1__11_
transformation_top_block net fm_wm_row_out[74]  fm_wm_row_out_1__10_
transformation_top_block net fm_wm_row_out[73]  fm_wm_row_out_1__9_
transformation_top_block net fm_wm_row_out[72]  fm_wm_row_out_1__8_
transformation_top_block net fm_wm_row_out[71]  fm_wm_row_out_1__7_
transformation_top_block net fm_wm_row_out[70]  fm_wm_row_out_1__6_
transformation_top_block net fm_wm_row_out[69]  fm_wm_row_out_1__5_
transformation_top_block net fm_wm_row_out[68]  fm_wm_row_out_1__4_
transformation_top_block net fm_wm_row_out[67]  fm_wm_row_out_1__3_
transformation_top_block net fm_wm_row_out[66]  fm_wm_row_out_1__2_
transformation_top_block net fm_wm_row_out[65]  fm_wm_row_out_1__1_
transformation_top_block net fm_wm_row_out[64]  fm_wm_row_out_1__0_
transformation_top_block net fm_wm_row_out[63]  fm_wm_row_out_2__15_
transformation_top_block net fm_wm_row_out[62]  fm_wm_row_out_2__14_
transformation_top_block net fm_wm_row_out[61]  fm_wm_row_out_2__13_
transformation_top_block net fm_wm_row_out[60]  fm_wm_row_out_2__12_
transformation_top_block net fm_wm_row_out[59]  fm_wm_row_out_2__11_
transformation_top_block net fm_wm_row_out[58]  fm_wm_row_out_2__10_
transformation_top_block net fm_wm_row_out[57]  fm_wm_row_out_2__9_
transformation_top_block net fm_wm_row_out[56]  fm_wm_row_out_2__8_
transformation_top_block net fm_wm_row_out[55]  fm_wm_row_out_2__7_
transformation_top_block net fm_wm_row_out[54]  fm_wm_row_out_2__6_
transformation_top_block net fm_wm_row_out[53]  fm_wm_row_out_2__5_
transformation_top_block net fm_wm_row_out[52]  fm_wm_row_out_2__4_
transformation_top_block net fm_wm_row_out[51]  fm_wm_row_out_2__3_
transformation_top_block net fm_wm_row_out[50]  fm_wm_row_out_2__2_
transformation_top_block net fm_wm_row_out[49]  fm_wm_row_out_2__1_
transformation_top_block net fm_wm_row_out[48]  fm_wm_row_out_2__0_
transformation_top_block net fm_wm_row_out[47]  fm_wm_row_out_3__15_
transformation_top_block net fm_wm_row_out[46]  fm_wm_row_out_3__14_
transformation_top_block net fm_wm_row_out[45]  fm_wm_row_out_3__13_
transformation_top_block net fm_wm_row_out[44]  fm_wm_row_out_3__12_
transformation_top_block net fm_wm_row_out[43]  fm_wm_row_out_3__11_
transformation_top_block net fm_wm_row_out[42]  fm_wm_row_out_3__10_
transformation_top_block net fm_wm_row_out[41]  fm_wm_row_out_3__9_
transformation_top_block net fm_wm_row_out[40]  fm_wm_row_out_3__8_
transformation_top_block net fm_wm_row_out[39]  fm_wm_row_out_3__7_
transformation_top_block net fm_wm_row_out[38]  fm_wm_row_out_3__6_
transformation_top_block net fm_wm_row_out[37]  fm_wm_row_out_3__5_
transformation_top_block net fm_wm_row_out[36]  fm_wm_row_out_3__4_
transformation_top_block net fm_wm_row_out[35]  fm_wm_row_out_3__3_
transformation_top_block net fm_wm_row_out[34]  fm_wm_row_out_3__2_
transformation_top_block net fm_wm_row_out[33]  fm_wm_row_out_3__1_
transformation_top_block net fm_wm_row_out[32]  fm_wm_row_out_3__0_
transformation_top_block net fm_wm_row_out[31]  fm_wm_row_out_4__15_
transformation_top_block net fm_wm_row_out[30]  fm_wm_row_out_4__14_
transformation_top_block net fm_wm_row_out[29]  fm_wm_row_out_4__13_
transformation_top_block net fm_wm_row_out[28]  fm_wm_row_out_4__12_
transformation_top_block net fm_wm_row_out[27]  fm_wm_row_out_4__11_
transformation_top_block net fm_wm_row_out[26]  fm_wm_row_out_4__10_
transformation_top_block net fm_wm_row_out[25]  fm_wm_row_out_4__9_
transformation_top_block net fm_wm_row_out[24]  fm_wm_row_out_4__8_
transformation_top_block net fm_wm_row_out[23]  fm_wm_row_out_4__7_
transformation_top_block net fm_wm_row_out[22]  fm_wm_row_out_4__6_
transformation_top_block net fm_wm_row_out[21]  fm_wm_row_out_4__5_
transformation_top_block net fm_wm_row_out[20]  fm_wm_row_out_4__4_
transformation_top_block net fm_wm_row_out[19]  fm_wm_row_out_4__3_
transformation_top_block net fm_wm_row_out[18]  fm_wm_row_out_4__2_
transformation_top_block net fm_wm_row_out[17]  fm_wm_row_out_4__1_
transformation_top_block net fm_wm_row_out[16]  fm_wm_row_out_4__0_
transformation_top_block net fm_wm_row_out[15]  fm_wm_row_out_5__15_
transformation_top_block net fm_wm_row_out[14]  fm_wm_row_out_5__14_
transformation_top_block net fm_wm_row_out[13]  fm_wm_row_out_5__13_
transformation_top_block net fm_wm_row_out[12]  fm_wm_row_out_5__12_
transformation_top_block net fm_wm_row_out[11]  fm_wm_row_out_5__11_
transformation_top_block net fm_wm_row_out[10]  fm_wm_row_out_5__10_
transformation_top_block net fm_wm_row_out[9]   fm_wm_row_out_5__9_
transformation_top_block net fm_wm_row_out[8]   fm_wm_row_out_5__8_
transformation_top_block net fm_wm_row_out[7]   fm_wm_row_out_5__7_
transformation_top_block net fm_wm_row_out[6]   fm_wm_row_out_5__6_
transformation_top_block net fm_wm_row_out[5]   fm_wm_row_out_5__5_
transformation_top_block net fm_wm_row_out[4]   fm_wm_row_out_5__4_
transformation_top_block net fm_wm_row_out[3]   fm_wm_row_out_5__3_
transformation_top_block net fm_wm_row_out[2]   fm_wm_row_out_5__2_
transformation_top_block net fm_wm_row_out[1]   fm_wm_row_out_5__1_
transformation_top_block net fm_wm_row_out[0]   fm_wm_row_out_5__0_
transformation_top_block net input_data[479]    input_data_0__4_
transformation_top_block net input_data[478]    input_data_0__3_
transformation_top_block net input_data[477]    input_data_0__2_
transformation_top_block net input_data[476]    input_data_0__1_
transformation_top_block net input_data[475]    input_data_0__0_
transformation_top_block net input_data[474]    input_data_1__4_
transformation_top_block net input_data[473]    input_data_1__3_
transformation_top_block net input_data[472]    input_data_1__2_
transformation_top_block net input_data[471]    input_data_1__1_
transformation_top_block net input_data[470]    input_data_1__0_
transformation_top_block net input_data[469]    input_data_2__4_
transformation_top_block net input_data[468]    input_data_2__3_
transformation_top_block net input_data[467]    input_data_2__2_
transformation_top_block net input_data[466]    input_data_2__1_
transformation_top_block net input_data[465]    input_data_2__0_
transformation_top_block net input_data[464]    input_data_3__4_
transformation_top_block net input_data[463]    input_data_3__3_
transformation_top_block net input_data[462]    input_data_3__2_
transformation_top_block net input_data[461]    input_data_3__1_
transformation_top_block net input_data[460]    input_data_3__0_
transformation_top_block net input_data[459]    input_data_4__4_
transformation_top_block net input_data[458]    input_data_4__3_
transformation_top_block net input_data[457]    input_data_4__2_
transformation_top_block net input_data[456]    input_data_4__1_
transformation_top_block net input_data[455]    input_data_4__0_
transformation_top_block net input_data[454]    input_data_5__4_
transformation_top_block net input_data[453]    input_data_5__3_
transformation_top_block net input_data[452]    input_data_5__2_
transformation_top_block net input_data[451]    input_data_5__1_
transformation_top_block net input_data[450]    input_data_5__0_
transformation_top_block net input_data[449]    input_data_6__4_
transformation_top_block net input_data[448]    input_data_6__3_
transformation_top_block net input_data[447]    input_data_6__2_
transformation_top_block net input_data[446]    input_data_6__1_
transformation_top_block net input_data[445]    input_data_6__0_
transformation_top_block net input_data[444]    input_data_7__4_
transformation_top_block net input_data[443]    input_data_7__3_
transformation_top_block net input_data[442]    input_data_7__2_
transformation_top_block net input_data[441]    input_data_7__1_
transformation_top_block net input_data[440]    input_data_7__0_
transformation_top_block net input_data[439]    input_data_8__4_
transformation_top_block net input_data[438]    input_data_8__3_
transformation_top_block net input_data[437]    input_data_8__2_
transformation_top_block net input_data[436]    input_data_8__1_
transformation_top_block net input_data[435]    input_data_8__0_
transformation_top_block net input_data[434]    input_data_9__4_
transformation_top_block net input_data[433]    input_data_9__3_
transformation_top_block net input_data[432]    input_data_9__2_
transformation_top_block net input_data[431]    input_data_9__1_
transformation_top_block net input_data[430]    input_data_9__0_
transformation_top_block net input_data[429]    input_data_10__4_
transformation_top_block net input_data[428]    input_data_10__3_
transformation_top_block net input_data[427]    input_data_10__2_
transformation_top_block net input_data[426]    input_data_10__1_
transformation_top_block net input_data[425]    input_data_10__0_
transformation_top_block net input_data[424]    input_data_11__4_
transformation_top_block net input_data[423]    input_data_11__3_
transformation_top_block net input_data[422]    input_data_11__2_
transformation_top_block net input_data[421]    input_data_11__1_
transformation_top_block net input_data[420]    input_data_11__0_
transformation_top_block net input_data[419]    input_data_12__4_
transformation_top_block net input_data[418]    input_data_12__3_
transformation_top_block net input_data[417]    input_data_12__2_
transformation_top_block net input_data[416]    input_data_12__1_
transformation_top_block net input_data[415]    input_data_12__0_
transformation_top_block net input_data[414]    input_data_13__4_
transformation_top_block net input_data[413]    input_data_13__3_
transformation_top_block net input_data[412]    input_data_13__2_
transformation_top_block net input_data[411]    input_data_13__1_
transformation_top_block net input_data[410]    input_data_13__0_
transformation_top_block net input_data[409]    input_data_14__4_
transformation_top_block net input_data[408]    input_data_14__3_
transformation_top_block net input_data[407]    input_data_14__2_
transformation_top_block net input_data[406]    input_data_14__1_
transformation_top_block net input_data[405]    input_data_14__0_
transformation_top_block net input_data[404]    input_data_15__4_
transformation_top_block net input_data[403]    input_data_15__3_
transformation_top_block net input_data[402]    input_data_15__2_
transformation_top_block net input_data[401]    input_data_15__1_
transformation_top_block net input_data[400]    input_data_15__0_
transformation_top_block net input_data[399]    input_data_16__4_
transformation_top_block net input_data[398]    input_data_16__3_
transformation_top_block net input_data[397]    input_data_16__2_
transformation_top_block net input_data[396]    input_data_16__1_
transformation_top_block net input_data[395]    input_data_16__0_
transformation_top_block net input_data[394]    input_data_17__4_
transformation_top_block net input_data[393]    input_data_17__3_
transformation_top_block net input_data[392]    input_data_17__2_
transformation_top_block net input_data[391]    input_data_17__1_
transformation_top_block net input_data[390]    input_data_17__0_
transformation_top_block net input_data[389]    input_data_18__4_
transformation_top_block net input_data[388]    input_data_18__3_
transformation_top_block net input_data[387]    input_data_18__2_
transformation_top_block net input_data[386]    input_data_18__1_
transformation_top_block net input_data[385]    input_data_18__0_
transformation_top_block net input_data[384]    input_data_19__4_
transformation_top_block net input_data[383]    input_data_19__3_
transformation_top_block net input_data[382]    input_data_19__2_
transformation_top_block net input_data[381]    input_data_19__1_
transformation_top_block net input_data[380]    input_data_19__0_
transformation_top_block net input_data[379]    input_data_20__4_
transformation_top_block net input_data[378]    input_data_20__3_
transformation_top_block net input_data[377]    input_data_20__2_
transformation_top_block net input_data[376]    input_data_20__1_
transformation_top_block net input_data[375]    input_data_20__0_
transformation_top_block net input_data[374]    input_data_21__4_
transformation_top_block net input_data[373]    input_data_21__3_
transformation_top_block net input_data[372]    input_data_21__2_
transformation_top_block net input_data[371]    input_data_21__1_
transformation_top_block net input_data[370]    input_data_21__0_
transformation_top_block net input_data[369]    input_data_22__4_
transformation_top_block net input_data[368]    input_data_22__3_
transformation_top_block net input_data[367]    input_data_22__2_
transformation_top_block net input_data[366]    input_data_22__1_
transformation_top_block net input_data[365]    input_data_22__0_
transformation_top_block net input_data[364]    input_data_23__4_
transformation_top_block net input_data[363]    input_data_23__3_
transformation_top_block net input_data[362]    input_data_23__2_
transformation_top_block net input_data[361]    input_data_23__1_
transformation_top_block net input_data[360]    input_data_23__0_
transformation_top_block net input_data[359]    input_data_24__4_
transformation_top_block net input_data[358]    input_data_24__3_
transformation_top_block net input_data[357]    input_data_24__2_
transformation_top_block net input_data[356]    input_data_24__1_
transformation_top_block net input_data[355]    input_data_24__0_
transformation_top_block net input_data[354]    input_data_25__4_
transformation_top_block net input_data[353]    input_data_25__3_
transformation_top_block net input_data[352]    input_data_25__2_
transformation_top_block net input_data[351]    input_data_25__1_
transformation_top_block net input_data[350]    input_data_25__0_
transformation_top_block net input_data[349]    input_data_26__4_
transformation_top_block net input_data[348]    input_data_26__3_
transformation_top_block net input_data[347]    input_data_26__2_
transformation_top_block net input_data[346]    input_data_26__1_
transformation_top_block net input_data[345]    input_data_26__0_
transformation_top_block net input_data[344]    input_data_27__4_
transformation_top_block net input_data[343]    input_data_27__3_
transformation_top_block net input_data[342]    input_data_27__2_
transformation_top_block net input_data[341]    input_data_27__1_
transformation_top_block net input_data[340]    input_data_27__0_
transformation_top_block net input_data[339]    input_data_28__4_
transformation_top_block net input_data[338]    input_data_28__3_
transformation_top_block net input_data[337]    input_data_28__2_
transformation_top_block net input_data[336]    input_data_28__1_
transformation_top_block net input_data[335]    input_data_28__0_
transformation_top_block net input_data[334]    input_data_29__4_
transformation_top_block net input_data[333]    input_data_29__3_
transformation_top_block net input_data[332]    input_data_29__2_
transformation_top_block net input_data[331]    input_data_29__1_
transformation_top_block net input_data[330]    input_data_29__0_
transformation_top_block net input_data[329]    input_data_30__4_
transformation_top_block net input_data[328]    input_data_30__3_
transformation_top_block net input_data[327]    input_data_30__2_
transformation_top_block net input_data[326]    input_data_30__1_
transformation_top_block net input_data[325]    input_data_30__0_
transformation_top_block net input_data[324]    input_data_31__4_
transformation_top_block net input_data[323]    input_data_31__3_
transformation_top_block net input_data[322]    input_data_31__2_
transformation_top_block net input_data[321]    input_data_31__1_
transformation_top_block net input_data[320]    input_data_31__0_
transformation_top_block net input_data[319]    input_data_32__4_
transformation_top_block net input_data[318]    input_data_32__3_
transformation_top_block net input_data[317]    input_data_32__2_
transformation_top_block net input_data[316]    input_data_32__1_
transformation_top_block net input_data[315]    input_data_32__0_
transformation_top_block net input_data[314]    input_data_33__4_
transformation_top_block net input_data[313]    input_data_33__3_
transformation_top_block net input_data[312]    input_data_33__2_
transformation_top_block net input_data[311]    input_data_33__1_
transformation_top_block net input_data[310]    input_data_33__0_
transformation_top_block net input_data[309]    input_data_34__4_
transformation_top_block net input_data[308]    input_data_34__3_
transformation_top_block net input_data[307]    input_data_34__2_
transformation_top_block net input_data[306]    input_data_34__1_
transformation_top_block net input_data[305]    input_data_34__0_
transformation_top_block net input_data[304]    input_data_35__4_
transformation_top_block net input_data[303]    input_data_35__3_
transformation_top_block net input_data[302]    input_data_35__2_
transformation_top_block net input_data[301]    input_data_35__1_
transformation_top_block net input_data[300]    input_data_35__0_
transformation_top_block net input_data[299]    input_data_36__4_
transformation_top_block net input_data[298]    input_data_36__3_
transformation_top_block net input_data[297]    input_data_36__2_
transformation_top_block net input_data[296]    input_data_36__1_
transformation_top_block net input_data[295]    input_data_36__0_
transformation_top_block net input_data[294]    input_data_37__4_
transformation_top_block net input_data[293]    input_data_37__3_
transformation_top_block net input_data[292]    input_data_37__2_
transformation_top_block net input_data[291]    input_data_37__1_
transformation_top_block net input_data[290]    input_data_37__0_
transformation_top_block net input_data[289]    input_data_38__4_
transformation_top_block net input_data[288]    input_data_38__3_
transformation_top_block net input_data[287]    input_data_38__2_
transformation_top_block net input_data[286]    input_data_38__1_
transformation_top_block net input_data[285]    input_data_38__0_
transformation_top_block net input_data[284]    input_data_39__4_
transformation_top_block net input_data[283]    input_data_39__3_
transformation_top_block net input_data[282]    input_data_39__2_
transformation_top_block net input_data[281]    input_data_39__1_
transformation_top_block net input_data[280]    input_data_39__0_
transformation_top_block net input_data[279]    input_data_40__4_
transformation_top_block net input_data[278]    input_data_40__3_
transformation_top_block net input_data[277]    input_data_40__2_
transformation_top_block net input_data[276]    input_data_40__1_
transformation_top_block net input_data[275]    input_data_40__0_
transformation_top_block net input_data[274]    input_data_41__4_
transformation_top_block net input_data[273]    input_data_41__3_
transformation_top_block net input_data[272]    input_data_41__2_
transformation_top_block net input_data[271]    input_data_41__1_
transformation_top_block net input_data[270]    input_data_41__0_
transformation_top_block net input_data[269]    input_data_42__4_
transformation_top_block net input_data[268]    input_data_42__3_
transformation_top_block net input_data[267]    input_data_42__2_
transformation_top_block net input_data[266]    input_data_42__1_
transformation_top_block net input_data[265]    input_data_42__0_
transformation_top_block net input_data[264]    input_data_43__4_
transformation_top_block net input_data[263]    input_data_43__3_
transformation_top_block net input_data[262]    input_data_43__2_
transformation_top_block net input_data[261]    input_data_43__1_
transformation_top_block net input_data[260]    input_data_43__0_
transformation_top_block net input_data[259]    input_data_44__4_
transformation_top_block net input_data[258]    input_data_44__3_
transformation_top_block net input_data[257]    input_data_44__2_
transformation_top_block net input_data[256]    input_data_44__1_
transformation_top_block net input_data[255]    input_data_44__0_
transformation_top_block net input_data[254]    input_data_45__4_
transformation_top_block net input_data[253]    input_data_45__3_
transformation_top_block net input_data[252]    input_data_45__2_
transformation_top_block net input_data[251]    input_data_45__1_
transformation_top_block net input_data[250]    input_data_45__0_
transformation_top_block net input_data[249]    input_data_46__4_
transformation_top_block net input_data[248]    input_data_46__3_
transformation_top_block net input_data[247]    input_data_46__2_
transformation_top_block net input_data[246]    input_data_46__1_
transformation_top_block net input_data[245]    input_data_46__0_
transformation_top_block net input_data[244]    input_data_47__4_
transformation_top_block net input_data[243]    input_data_47__3_
transformation_top_block net input_data[242]    input_data_47__2_
transformation_top_block net input_data[241]    input_data_47__1_
transformation_top_block net input_data[240]    input_data_47__0_
transformation_top_block net input_data[239]    input_data_48__4_
transformation_top_block net input_data[238]    input_data_48__3_
transformation_top_block net input_data[237]    input_data_48__2_
transformation_top_block net input_data[236]    input_data_48__1_
transformation_top_block net input_data[235]    input_data_48__0_
transformation_top_block net input_data[234]    input_data_49__4_
transformation_top_block net input_data[233]    input_data_49__3_
transformation_top_block net input_data[232]    input_data_49__2_
transformation_top_block net input_data[231]    input_data_49__1_
transformation_top_block net input_data[230]    input_data_49__0_
transformation_top_block net input_data[229]    input_data_50__4_
transformation_top_block net input_data[228]    input_data_50__3_
transformation_top_block net input_data[227]    input_data_50__2_
transformation_top_block net input_data[226]    input_data_50__1_
transformation_top_block net input_data[225]    input_data_50__0_
transformation_top_block net input_data[224]    input_data_51__4_
transformation_top_block net input_data[223]    input_data_51__3_
transformation_top_block net input_data[222]    input_data_51__2_
transformation_top_block net input_data[221]    input_data_51__1_
transformation_top_block net input_data[220]    input_data_51__0_
transformation_top_block net input_data[219]    input_data_52__4_
transformation_top_block net input_data[218]    input_data_52__3_
transformation_top_block net input_data[217]    input_data_52__2_
transformation_top_block net input_data[216]    input_data_52__1_
transformation_top_block net input_data[215]    input_data_52__0_
transformation_top_block net input_data[214]    input_data_53__4_
transformation_top_block net input_data[213]    input_data_53__3_
transformation_top_block net input_data[212]    input_data_53__2_
transformation_top_block net input_data[211]    input_data_53__1_
transformation_top_block net input_data[210]    input_data_53__0_
transformation_top_block net input_data[209]    input_data_54__4_
transformation_top_block net input_data[208]    input_data_54__3_
transformation_top_block net input_data[207]    input_data_54__2_
transformation_top_block net input_data[206]    input_data_54__1_
transformation_top_block net input_data[205]    input_data_54__0_
transformation_top_block net input_data[204]    input_data_55__4_
transformation_top_block net input_data[203]    input_data_55__3_
transformation_top_block net input_data[202]    input_data_55__2_
transformation_top_block net input_data[201]    input_data_55__1_
transformation_top_block net input_data[200]    input_data_55__0_
transformation_top_block net input_data[199]    input_data_56__4_
transformation_top_block net input_data[198]    input_data_56__3_
transformation_top_block net input_data[197]    input_data_56__2_
transformation_top_block net input_data[196]    input_data_56__1_
transformation_top_block net input_data[195]    input_data_56__0_
transformation_top_block net input_data[194]    input_data_57__4_
transformation_top_block net input_data[193]    input_data_57__3_
transformation_top_block net input_data[192]    input_data_57__2_
transformation_top_block net input_data[191]    input_data_57__1_
transformation_top_block net input_data[190]    input_data_57__0_
transformation_top_block net input_data[189]    input_data_58__4_
transformation_top_block net input_data[188]    input_data_58__3_
transformation_top_block net input_data[187]    input_data_58__2_
transformation_top_block net input_data[186]    input_data_58__1_
transformation_top_block net input_data[185]    input_data_58__0_
transformation_top_block net input_data[184]    input_data_59__4_
transformation_top_block net input_data[183]    input_data_59__3_
transformation_top_block net input_data[182]    input_data_59__2_
transformation_top_block net input_data[181]    input_data_59__1_
transformation_top_block net input_data[180]    input_data_59__0_
transformation_top_block net input_data[179]    input_data_60__4_
transformation_top_block net input_data[178]    input_data_60__3_
transformation_top_block net input_data[177]    input_data_60__2_
transformation_top_block net input_data[176]    input_data_60__1_
transformation_top_block net input_data[175]    input_data_60__0_
transformation_top_block net input_data[174]    input_data_61__4_
transformation_top_block net input_data[173]    input_data_61__3_
transformation_top_block net input_data[172]    input_data_61__2_
transformation_top_block net input_data[171]    input_data_61__1_
transformation_top_block net input_data[170]    input_data_61__0_
transformation_top_block net input_data[169]    input_data_62__4_
transformation_top_block net input_data[168]    input_data_62__3_
transformation_top_block net input_data[167]    input_data_62__2_
transformation_top_block net input_data[166]    input_data_62__1_
transformation_top_block net input_data[165]    input_data_62__0_
transformation_top_block net input_data[164]    input_data_63__4_
transformation_top_block net input_data[163]    input_data_63__3_
transformation_top_block net input_data[162]    input_data_63__2_
transformation_top_block net input_data[161]    input_data_63__1_
transformation_top_block net input_data[160]    input_data_63__0_
transformation_top_block net input_data[159]    input_data_64__4_
transformation_top_block net input_data[158]    input_data_64__3_
transformation_top_block net input_data[157]    input_data_64__2_
transformation_top_block net input_data[156]    input_data_64__1_
transformation_top_block net input_data[155]    input_data_64__0_
transformation_top_block net input_data[154]    input_data_65__4_
transformation_top_block net input_data[153]    input_data_65__3_
transformation_top_block net input_data[152]    input_data_65__2_
transformation_top_block net input_data[151]    input_data_65__1_
transformation_top_block net input_data[150]    input_data_65__0_
transformation_top_block net input_data[149]    input_data_66__4_
transformation_top_block net input_data[148]    input_data_66__3_
transformation_top_block net input_data[147]    input_data_66__2_
transformation_top_block net input_data[146]    input_data_66__1_
transformation_top_block net input_data[145]    input_data_66__0_
transformation_top_block net input_data[144]    input_data_67__4_
transformation_top_block net input_data[143]    input_data_67__3_
transformation_top_block net input_data[142]    input_data_67__2_
transformation_top_block net input_data[141]    input_data_67__1_
transformation_top_block net input_data[140]    input_data_67__0_
transformation_top_block net input_data[139]    input_data_68__4_
transformation_top_block net input_data[138]    input_data_68__3_
transformation_top_block net input_data[137]    input_data_68__2_
transformation_top_block net input_data[136]    input_data_68__1_
transformation_top_block net input_data[135]    input_data_68__0_
transformation_top_block net input_data[134]    input_data_69__4_
transformation_top_block net input_data[133]    input_data_69__3_
transformation_top_block net input_data[132]    input_data_69__2_
transformation_top_block net input_data[131]    input_data_69__1_
transformation_top_block net input_data[130]    input_data_69__0_
transformation_top_block net input_data[129]    input_data_70__4_
transformation_top_block net input_data[128]    input_data_70__3_
transformation_top_block net input_data[127]    input_data_70__2_
transformation_top_block net input_data[126]    input_data_70__1_
transformation_top_block net input_data[125]    input_data_70__0_
transformation_top_block net input_data[124]    input_data_71__4_
transformation_top_block net input_data[123]    input_data_71__3_
transformation_top_block net input_data[122]    input_data_71__2_
transformation_top_block net input_data[121]    input_data_71__1_
transformation_top_block net input_data[120]    input_data_71__0_
transformation_top_block net input_data[119]    input_data_72__4_
transformation_top_block net input_data[118]    input_data_72__3_
transformation_top_block net input_data[117]    input_data_72__2_
transformation_top_block net input_data[116]    input_data_72__1_
transformation_top_block net input_data[115]    input_data_72__0_
transformation_top_block net input_data[114]    input_data_73__4_
transformation_top_block net input_data[113]    input_data_73__3_
transformation_top_block net input_data[112]    input_data_73__2_
transformation_top_block net input_data[111]    input_data_73__1_
transformation_top_block net input_data[110]    input_data_73__0_
transformation_top_block net input_data[109]    input_data_74__4_
transformation_top_block net input_data[108]    input_data_74__3_
transformation_top_block net input_data[107]    input_data_74__2_
transformation_top_block net input_data[106]    input_data_74__1_
transformation_top_block net input_data[105]    input_data_74__0_
transformation_top_block net input_data[104]    input_data_75__4_
transformation_top_block net input_data[103]    input_data_75__3_
transformation_top_block net input_data[102]    input_data_75__2_
transformation_top_block net input_data[101]    input_data_75__1_
transformation_top_block net input_data[100]    input_data_75__0_
transformation_top_block net input_data[99]     input_data_76__4_
transformation_top_block net input_data[98]     input_data_76__3_
transformation_top_block net input_data[97]     input_data_76__2_
transformation_top_block net input_data[96]     input_data_76__1_
transformation_top_block net input_data[95]     input_data_76__0_
transformation_top_block net input_data[94]     input_data_77__4_
transformation_top_block net input_data[93]     input_data_77__3_
transformation_top_block net input_data[92]     input_data_77__2_
transformation_top_block net input_data[91]     input_data_77__1_
transformation_top_block net input_data[90]     input_data_77__0_
transformation_top_block net input_data[89]     input_data_78__4_
transformation_top_block net input_data[88]     input_data_78__3_
transformation_top_block net input_data[87]     input_data_78__2_
transformation_top_block net input_data[86]     input_data_78__1_
transformation_top_block net input_data[85]     input_data_78__0_
transformation_top_block net input_data[84]     input_data_79__4_
transformation_top_block net input_data[83]     input_data_79__3_
transformation_top_block net input_data[82]     input_data_79__2_
transformation_top_block net input_data[81]     input_data_79__1_
transformation_top_block net input_data[80]     input_data_79__0_
transformation_top_block net input_data[79]     input_data_80__4_
transformation_top_block net input_data[78]     input_data_80__3_
transformation_top_block net input_data[77]     input_data_80__2_
transformation_top_block net input_data[76]     input_data_80__1_
transformation_top_block net input_data[75]     input_data_80__0_
transformation_top_block net input_data[74]     input_data_81__4_
transformation_top_block net input_data[73]     input_data_81__3_
transformation_top_block net input_data[72]     input_data_81__2_
transformation_top_block net input_data[71]     input_data_81__1_
transformation_top_block net input_data[70]     input_data_81__0_
transformation_top_block net input_data[69]     input_data_82__4_
transformation_top_block net input_data[68]     input_data_82__3_
transformation_top_block net input_data[67]     input_data_82__2_
transformation_top_block net input_data[66]     input_data_82__1_
transformation_top_block net input_data[65]     input_data_82__0_
transformation_top_block net input_data[64]     input_data_83__4_
transformation_top_block net input_data[63]     input_data_83__3_
transformation_top_block net input_data[62]     input_data_83__2_
transformation_top_block net input_data[61]     input_data_83__1_
transformation_top_block net input_data[60]     input_data_83__0_
transformation_top_block net input_data[59]     input_data_84__4_
transformation_top_block net input_data[58]     input_data_84__3_
transformation_top_block net input_data[57]     input_data_84__2_
transformation_top_block net input_data[56]     input_data_84__1_
transformation_top_block net input_data[55]     input_data_84__0_
transformation_top_block net input_data[54]     input_data_85__4_
transformation_top_block net input_data[53]     input_data_85__3_
transformation_top_block net input_data[52]     input_data_85__2_
transformation_top_block net input_data[51]     input_data_85__1_
transformation_top_block net input_data[50]     input_data_85__0_
transformation_top_block net input_data[49]     input_data_86__4_
transformation_top_block net input_data[48]     input_data_86__3_
transformation_top_block net input_data[47]     input_data_86__2_
transformation_top_block net input_data[46]     input_data_86__1_
transformation_top_block net input_data[45]     input_data_86__0_
transformation_top_block net input_data[44]     input_data_87__4_
transformation_top_block net input_data[43]     input_data_87__3_
transformation_top_block net input_data[42]     input_data_87__2_
transformation_top_block net input_data[41]     input_data_87__1_
transformation_top_block net input_data[40]     input_data_87__0_
transformation_top_block net input_data[39]     input_data_88__4_
transformation_top_block net input_data[38]     input_data_88__3_
transformation_top_block net input_data[37]     input_data_88__2_
transformation_top_block net input_data[36]     input_data_88__1_
transformation_top_block net input_data[35]     input_data_88__0_
transformation_top_block net input_data[34]     input_data_89__4_
transformation_top_block net input_data[33]     input_data_89__3_
transformation_top_block net input_data[32]     input_data_89__2_
transformation_top_block net input_data[31]     input_data_89__1_
transformation_top_block net input_data[30]     input_data_89__0_
transformation_top_block net input_data[29]     input_data_90__4_
transformation_top_block net input_data[28]     input_data_90__3_
transformation_top_block net input_data[27]     input_data_90__2_
transformation_top_block net input_data[26]     input_data_90__1_
transformation_top_block net input_data[25]     input_data_90__0_
transformation_top_block net input_data[24]     input_data_91__4_
transformation_top_block net input_data[23]     input_data_91__3_
transformation_top_block net input_data[22]     input_data_91__2_
transformation_top_block net input_data[21]     input_data_91__1_
transformation_top_block net input_data[20]     input_data_91__0_
transformation_top_block net input_data[19]     input_data_92__4_
transformation_top_block net input_data[18]     input_data_92__3_
transformation_top_block net input_data[17]     input_data_92__2_
transformation_top_block net input_data[16]     input_data_92__1_
transformation_top_block net input_data[15]     input_data_92__0_
transformation_top_block net input_data[14]     input_data_93__4_
transformation_top_block net input_data[13]     input_data_93__3_
transformation_top_block net input_data[12]     input_data_93__2_
transformation_top_block net input_data[11]     input_data_93__1_
transformation_top_block net input_data[10]     input_data_93__0_
transformation_top_block net input_data[9]      input_data_94__4_
transformation_top_block net input_data[8]      input_data_94__3_
transformation_top_block net input_data[7]      input_data_94__2_
transformation_top_block net input_data[6]      input_data_94__1_
transformation_top_block net input_data[5]      input_data_94__0_
transformation_top_block net input_data[4]      input_data_95__4_
transformation_top_block net input_data[3]      input_data_95__3_
transformation_top_block net input_data[2]      input_data_95__2_
transformation_top_block net input_data[1]      input_data_95__1_
transformation_top_block net input_data[0]      input_data_95__0_
Transformation_FSM cell weight_count_reg[0]     weight_count_reg_0_
Transformation_FSM cell feature_count_reg[12]   feature_count_reg_12_
Transformation_FSM cell weight_count_reg[1]     weight_count_reg_1_
Transformation_FSM cell weight_count_reg[2]     weight_count_reg_2_
Transformation_FSM cell weight_count_reg[3]     weight_count_reg_3_
Transformation_FSM cell weight_count_reg[4]     weight_count_reg_4_
Transformation_FSM cell weight_count_reg[5]     weight_count_reg_5_
Transformation_FSM cell weight_count_reg[6]     weight_count_reg_6_
Transformation_FSM cell weight_count_reg[7]     weight_count_reg_7_
Transformation_FSM cell weight_count_reg[8]     weight_count_reg_8_
Transformation_FSM cell weight_count_reg[9]     weight_count_reg_9_
Transformation_FSM cell weight_count_reg[10]    weight_count_reg_10_
Transformation_FSM cell weight_count_reg[11]    weight_count_reg_11_
Transformation_FSM cell weight_count_reg[12]    weight_count_reg_12_
Transformation_FSM cell feature_count_reg[0]    feature_count_reg_0_
Transformation_FSM cell feature_count_reg[11]   feature_count_reg_11_
Transformation_FSM cell feature_count_reg[10]   feature_count_reg_10_
Transformation_FSM cell feature_count_reg[9]    feature_count_reg_9_
Transformation_FSM cell feature_count_reg[8]    feature_count_reg_8_
Transformation_FSM cell feature_count_reg[7]    feature_count_reg_7_
Transformation_FSM cell feature_count_reg[6]    feature_count_reg_6_
Transformation_FSM cell feature_count_reg[5]    feature_count_reg_5_
Transformation_FSM cell feature_count_reg[4]    feature_count_reg_4_
Transformation_FSM cell feature_count_reg[3]    feature_count_reg_3_
Transformation_FSM cell feature_count_reg[2]    feature_count_reg_2_
Transformation_FSM cell feature_count_reg[1]    feature_count_reg_1_
Transformation_FSM cell current_state_reg[2]    current_state_reg_2_
Transformation_FSM cell current_state_reg[1]    current_state_reg_1_
Transformation_FSM cell current_state_reg[0]    current_state_reg_0_
Transformation_FSM net  next_state[0]           next_state_0_
Transformation_FSM net  n58                     n580
Transformation_FSM net  n59                     n590
Transformation_FSM net  n60                     n600
Transformation_FSM net  n61                     n610
Transformation_FSM net  n62                     n620
Transformation_FSM net  n64                     n640
Transformation_FSM net  n65                     n650
Transformation_FSM net  n55                     n550
Transformation_FSM net  n56                     n560
Transformation_FSM net  n57                     n570
Transformation_FSM net  n63                     n630
Transformation_FSM net  n66                     n660
Transformation_FSM net  n67                     n670
Transformation_FSM net  n69                     n690
Transformation_FSM net  n70                     n700
Transformation_FSM net  n71                     n710
Transformation_FSM net  n72                     n720
Transformation_FSM net  n73                     n730
Transformation_FSM net  n74                     n740
Transformation_FSM net  n75                     n750
Transformation_FSM net  n76                     n760
Transformation_FSM net  n77                     n770
Transformation_FSM net  n78                     n780
Transformation_FSM net  n79                     n790
Transformation_FSM net  n80                     n800
Transformation_FSM net  n81                     n810
Feature_Weight_Address_Generator net N15        read_address_f[8]
Feature_Weight_Address_Generator net N14        read_address_f[7]
Feature_Weight_Address_Generator net N13        read_address_f[6]
Feature_Weight_Address_Generator net N12        read_address_f[5]
Feature_Weight_Address_Generator net N11        read_address_f[4]
Feature_Weight_Address_Generator net N10        read_address_f[3]
Feature_Weight_Address_Generator net N9         read_address_f[2]
Feature_Weight_Address_Generator net N8         read_address_f[1]
Feature_Weight_Address_Generator net N7         read_address_f[0]
Scratch_Pad     port    weight_col_in[0][4]     weight_col_in_0__4_
Scratch_Pad     port    weight_col_in[0][3]     weight_col_in_0__3_
Scratch_Pad     port    weight_col_in[0][2]     weight_col_in_0__2_
Scratch_Pad     port    weight_col_in[0][1]     weight_col_in_0__1_
Scratch_Pad     port    weight_col_in[0][0]     weight_col_in_0__0_
Scratch_Pad     port    weight_col_in[1][4]     weight_col_in_1__4_
Scratch_Pad     port    weight_col_in[1][3]     weight_col_in_1__3_
Scratch_Pad     port    weight_col_in[1][2]     weight_col_in_1__2_
Scratch_Pad     port    weight_col_in[1][1]     weight_col_in_1__1_
Scratch_Pad     port    weight_col_in[1][0]     weight_col_in_1__0_
Scratch_Pad     port    weight_col_in[2][4]     weight_col_in_2__4_
Scratch_Pad     port    weight_col_in[2][3]     weight_col_in_2__3_
Scratch_Pad     port    weight_col_in[2][2]     weight_col_in_2__2_
Scratch_Pad     port    weight_col_in[2][1]     weight_col_in_2__1_
Scratch_Pad     port    weight_col_in[2][0]     weight_col_in_2__0_
Scratch_Pad     port    weight_col_in[3][4]     weight_col_in_3__4_
Scratch_Pad     port    weight_col_in[3][3]     weight_col_in_3__3_
Scratch_Pad     port    weight_col_in[3][2]     weight_col_in_3__2_
Scratch_Pad     port    weight_col_in[3][1]     weight_col_in_3__1_
Scratch_Pad     port    weight_col_in[3][0]     weight_col_in_3__0_
Scratch_Pad     port    weight_col_in[4][4]     weight_col_in_4__4_
Scratch_Pad     port    weight_col_in[4][3]     weight_col_in_4__3_
Scratch_Pad     port    weight_col_in[4][2]     weight_col_in_4__2_
Scratch_Pad     port    weight_col_in[4][1]     weight_col_in_4__1_
Scratch_Pad     port    weight_col_in[4][0]     weight_col_in_4__0_
Scratch_Pad     port    weight_col_in[5][4]     weight_col_in_5__4_
Scratch_Pad     port    weight_col_in[5][3]     weight_col_in_5__3_
Scratch_Pad     port    weight_col_in[5][2]     weight_col_in_5__2_
Scratch_Pad     port    weight_col_in[5][1]     weight_col_in_5__1_
Scratch_Pad     port    weight_col_in[5][0]     weight_col_in_5__0_
Scratch_Pad     port    weight_col_in[6][4]     weight_col_in_6__4_
Scratch_Pad     port    weight_col_in[6][3]     weight_col_in_6__3_
Scratch_Pad     port    weight_col_in[6][2]     weight_col_in_6__2_
Scratch_Pad     port    weight_col_in[6][1]     weight_col_in_6__1_
Scratch_Pad     port    weight_col_in[6][0]     weight_col_in_6__0_
Scratch_Pad     port    weight_col_in[7][4]     weight_col_in_7__4_
Scratch_Pad     port    weight_col_in[7][3]     weight_col_in_7__3_
Scratch_Pad     port    weight_col_in[7][2]     weight_col_in_7__2_
Scratch_Pad     port    weight_col_in[7][1]     weight_col_in_7__1_
Scratch_Pad     port    weight_col_in[7][0]     weight_col_in_7__0_
Scratch_Pad     port    weight_col_in[8][4]     weight_col_in_8__4_
Scratch_Pad     port    weight_col_in[8][3]     weight_col_in_8__3_
Scratch_Pad     port    weight_col_in[8][2]     weight_col_in_8__2_
Scratch_Pad     port    weight_col_in[8][1]     weight_col_in_8__1_
Scratch_Pad     port    weight_col_in[8][0]     weight_col_in_8__0_
Scratch_Pad     port    weight_col_in[9][4]     weight_col_in_9__4_
Scratch_Pad     port    weight_col_in[9][3]     weight_col_in_9__3_
Scratch_Pad     port    weight_col_in[9][2]     weight_col_in_9__2_
Scratch_Pad     port    weight_col_in[9][1]     weight_col_in_9__1_
Scratch_Pad     port    weight_col_in[9][0]     weight_col_in_9__0_
Scratch_Pad     port    weight_col_in[10][4]    weight_col_in_10__4_
Scratch_Pad     port    weight_col_in[10][3]    weight_col_in_10__3_
Scratch_Pad     port    weight_col_in[10][2]    weight_col_in_10__2_
Scratch_Pad     port    weight_col_in[10][1]    weight_col_in_10__1_
Scratch_Pad     port    weight_col_in[10][0]    weight_col_in_10__0_
Scratch_Pad     port    weight_col_in[11][4]    weight_col_in_11__4_
Scratch_Pad     port    weight_col_in[11][3]    weight_col_in_11__3_
Scratch_Pad     port    weight_col_in[11][2]    weight_col_in_11__2_
Scratch_Pad     port    weight_col_in[11][1]    weight_col_in_11__1_
Scratch_Pad     port    weight_col_in[11][0]    weight_col_in_11__0_
Scratch_Pad     port    weight_col_in[12][4]    weight_col_in_12__4_
Scratch_Pad     port    weight_col_in[12][3]    weight_col_in_12__3_
Scratch_Pad     port    weight_col_in[12][2]    weight_col_in_12__2_
Scratch_Pad     port    weight_col_in[12][1]    weight_col_in_12__1_
Scratch_Pad     port    weight_col_in[12][0]    weight_col_in_12__0_
Scratch_Pad     port    weight_col_in[13][4]    weight_col_in_13__4_
Scratch_Pad     port    weight_col_in[13][3]    weight_col_in_13__3_
Scratch_Pad     port    weight_col_in[13][2]    weight_col_in_13__2_
Scratch_Pad     port    weight_col_in[13][1]    weight_col_in_13__1_
Scratch_Pad     port    weight_col_in[13][0]    weight_col_in_13__0_
Scratch_Pad     port    weight_col_in[14][4]    weight_col_in_14__4_
Scratch_Pad     port    weight_col_in[14][3]    weight_col_in_14__3_
Scratch_Pad     port    weight_col_in[14][2]    weight_col_in_14__2_
Scratch_Pad     port    weight_col_in[14][1]    weight_col_in_14__1_
Scratch_Pad     port    weight_col_in[14][0]    weight_col_in_14__0_
Scratch_Pad     port    weight_col_in[15][4]    weight_col_in_15__4_
Scratch_Pad     port    weight_col_in[15][3]    weight_col_in_15__3_
Scratch_Pad     port    weight_col_in[15][2]    weight_col_in_15__2_
Scratch_Pad     port    weight_col_in[15][1]    weight_col_in_15__1_
Scratch_Pad     port    weight_col_in[15][0]    weight_col_in_15__0_
Scratch_Pad     port    weight_col_in[16][4]    weight_col_in_16__4_
Scratch_Pad     port    weight_col_in[16][3]    weight_col_in_16__3_
Scratch_Pad     port    weight_col_in[16][2]    weight_col_in_16__2_
Scratch_Pad     port    weight_col_in[16][1]    weight_col_in_16__1_
Scratch_Pad     port    weight_col_in[16][0]    weight_col_in_16__0_
Scratch_Pad     port    weight_col_in[17][4]    weight_col_in_17__4_
Scratch_Pad     port    weight_col_in[17][3]    weight_col_in_17__3_
Scratch_Pad     port    weight_col_in[17][2]    weight_col_in_17__2_
Scratch_Pad     port    weight_col_in[17][1]    weight_col_in_17__1_
Scratch_Pad     port    weight_col_in[17][0]    weight_col_in_17__0_
Scratch_Pad     port    weight_col_in[18][4]    weight_col_in_18__4_
Scratch_Pad     port    weight_col_in[18][3]    weight_col_in_18__3_
Scratch_Pad     port    weight_col_in[18][2]    weight_col_in_18__2_
Scratch_Pad     port    weight_col_in[18][1]    weight_col_in_18__1_
Scratch_Pad     port    weight_col_in[18][0]    weight_col_in_18__0_
Scratch_Pad     port    weight_col_in[19][4]    weight_col_in_19__4_
Scratch_Pad     port    weight_col_in[19][3]    weight_col_in_19__3_
Scratch_Pad     port    weight_col_in[19][2]    weight_col_in_19__2_
Scratch_Pad     port    weight_col_in[19][1]    weight_col_in_19__1_
Scratch_Pad     port    weight_col_in[19][0]    weight_col_in_19__0_
Scratch_Pad     port    weight_col_in[20][4]    weight_col_in_20__4_
Scratch_Pad     port    weight_col_in[20][3]    weight_col_in_20__3_
Scratch_Pad     port    weight_col_in[20][2]    weight_col_in_20__2_
Scratch_Pad     port    weight_col_in[20][1]    weight_col_in_20__1_
Scratch_Pad     port    weight_col_in[20][0]    weight_col_in_20__0_
Scratch_Pad     port    weight_col_in[21][4]    weight_col_in_21__4_
Scratch_Pad     port    weight_col_in[21][3]    weight_col_in_21__3_
Scratch_Pad     port    weight_col_in[21][2]    weight_col_in_21__2_
Scratch_Pad     port    weight_col_in[21][1]    weight_col_in_21__1_
Scratch_Pad     port    weight_col_in[21][0]    weight_col_in_21__0_
Scratch_Pad     port    weight_col_in[22][4]    weight_col_in_22__4_
Scratch_Pad     port    weight_col_in[22][3]    weight_col_in_22__3_
Scratch_Pad     port    weight_col_in[22][2]    weight_col_in_22__2_
Scratch_Pad     port    weight_col_in[22][1]    weight_col_in_22__1_
Scratch_Pad     port    weight_col_in[22][0]    weight_col_in_22__0_
Scratch_Pad     port    weight_col_in[23][4]    weight_col_in_23__4_
Scratch_Pad     port    weight_col_in[23][3]    weight_col_in_23__3_
Scratch_Pad     port    weight_col_in[23][2]    weight_col_in_23__2_
Scratch_Pad     port    weight_col_in[23][1]    weight_col_in_23__1_
Scratch_Pad     port    weight_col_in[23][0]    weight_col_in_23__0_
Scratch_Pad     port    weight_col_in[24][4]    weight_col_in_24__4_
Scratch_Pad     port    weight_col_in[24][3]    weight_col_in_24__3_
Scratch_Pad     port    weight_col_in[24][2]    weight_col_in_24__2_
Scratch_Pad     port    weight_col_in[24][1]    weight_col_in_24__1_
Scratch_Pad     port    weight_col_in[24][0]    weight_col_in_24__0_
Scratch_Pad     port    weight_col_in[25][4]    weight_col_in_25__4_
Scratch_Pad     port    weight_col_in[25][3]    weight_col_in_25__3_
Scratch_Pad     port    weight_col_in[25][2]    weight_col_in_25__2_
Scratch_Pad     port    weight_col_in[25][1]    weight_col_in_25__1_
Scratch_Pad     port    weight_col_in[25][0]    weight_col_in_25__0_
Scratch_Pad     port    weight_col_in[26][4]    weight_col_in_26__4_
Scratch_Pad     port    weight_col_in[26][3]    weight_col_in_26__3_
Scratch_Pad     port    weight_col_in[26][2]    weight_col_in_26__2_
Scratch_Pad     port    weight_col_in[26][1]    weight_col_in_26__1_
Scratch_Pad     port    weight_col_in[26][0]    weight_col_in_26__0_
Scratch_Pad     port    weight_col_in[27][4]    weight_col_in_27__4_
Scratch_Pad     port    weight_col_in[27][3]    weight_col_in_27__3_
Scratch_Pad     port    weight_col_in[27][2]    weight_col_in_27__2_
Scratch_Pad     port    weight_col_in[27][1]    weight_col_in_27__1_
Scratch_Pad     port    weight_col_in[27][0]    weight_col_in_27__0_
Scratch_Pad     port    weight_col_in[28][4]    weight_col_in_28__4_
Scratch_Pad     port    weight_col_in[28][3]    weight_col_in_28__3_
Scratch_Pad     port    weight_col_in[28][2]    weight_col_in_28__2_
Scratch_Pad     port    weight_col_in[28][1]    weight_col_in_28__1_
Scratch_Pad     port    weight_col_in[28][0]    weight_col_in_28__0_
Scratch_Pad     port    weight_col_in[29][4]    weight_col_in_29__4_
Scratch_Pad     port    weight_col_in[29][3]    weight_col_in_29__3_
Scratch_Pad     port    weight_col_in[29][2]    weight_col_in_29__2_
Scratch_Pad     port    weight_col_in[29][1]    weight_col_in_29__1_
Scratch_Pad     port    weight_col_in[29][0]    weight_col_in_29__0_
Scratch_Pad     port    weight_col_in[30][4]    weight_col_in_30__4_
Scratch_Pad     port    weight_col_in[30][3]    weight_col_in_30__3_
Scratch_Pad     port    weight_col_in[30][2]    weight_col_in_30__2_
Scratch_Pad     port    weight_col_in[30][1]    weight_col_in_30__1_
Scratch_Pad     port    weight_col_in[30][0]    weight_col_in_30__0_
Scratch_Pad     port    weight_col_in[31][4]    weight_col_in_31__4_
Scratch_Pad     port    weight_col_in[31][3]    weight_col_in_31__3_
Scratch_Pad     port    weight_col_in[31][2]    weight_col_in_31__2_
Scratch_Pad     port    weight_col_in[31][1]    weight_col_in_31__1_
Scratch_Pad     port    weight_col_in[31][0]    weight_col_in_31__0_
Scratch_Pad     port    weight_col_in[32][4]    weight_col_in_32__4_
Scratch_Pad     port    weight_col_in[32][3]    weight_col_in_32__3_
Scratch_Pad     port    weight_col_in[32][2]    weight_col_in_32__2_
Scratch_Pad     port    weight_col_in[32][1]    weight_col_in_32__1_
Scratch_Pad     port    weight_col_in[32][0]    weight_col_in_32__0_
Scratch_Pad     port    weight_col_in[33][4]    weight_col_in_33__4_
Scratch_Pad     port    weight_col_in[33][3]    weight_col_in_33__3_
Scratch_Pad     port    weight_col_in[33][2]    weight_col_in_33__2_
Scratch_Pad     port    weight_col_in[33][1]    weight_col_in_33__1_
Scratch_Pad     port    weight_col_in[33][0]    weight_col_in_33__0_
Scratch_Pad     port    weight_col_in[34][4]    weight_col_in_34__4_
Scratch_Pad     port    weight_col_in[34][3]    weight_col_in_34__3_
Scratch_Pad     port    weight_col_in[34][2]    weight_col_in_34__2_
Scratch_Pad     port    weight_col_in[34][1]    weight_col_in_34__1_
Scratch_Pad     port    weight_col_in[34][0]    weight_col_in_34__0_
Scratch_Pad     port    weight_col_in[35][4]    weight_col_in_35__4_
Scratch_Pad     port    weight_col_in[35][3]    weight_col_in_35__3_
Scratch_Pad     port    weight_col_in[35][2]    weight_col_in_35__2_
Scratch_Pad     port    weight_col_in[35][1]    weight_col_in_35__1_
Scratch_Pad     port    weight_col_in[35][0]    weight_col_in_35__0_
Scratch_Pad     port    weight_col_in[36][4]    weight_col_in_36__4_
Scratch_Pad     port    weight_col_in[36][3]    weight_col_in_36__3_
Scratch_Pad     port    weight_col_in[36][2]    weight_col_in_36__2_
Scratch_Pad     port    weight_col_in[36][1]    weight_col_in_36__1_
Scratch_Pad     port    weight_col_in[36][0]    weight_col_in_36__0_
Scratch_Pad     port    weight_col_in[37][4]    weight_col_in_37__4_
Scratch_Pad     port    weight_col_in[37][3]    weight_col_in_37__3_
Scratch_Pad     port    weight_col_in[37][2]    weight_col_in_37__2_
Scratch_Pad     port    weight_col_in[37][1]    weight_col_in_37__1_
Scratch_Pad     port    weight_col_in[37][0]    weight_col_in_37__0_
Scratch_Pad     port    weight_col_in[38][4]    weight_col_in_38__4_
Scratch_Pad     port    weight_col_in[38][3]    weight_col_in_38__3_
Scratch_Pad     port    weight_col_in[38][2]    weight_col_in_38__2_
Scratch_Pad     port    weight_col_in[38][1]    weight_col_in_38__1_
Scratch_Pad     port    weight_col_in[38][0]    weight_col_in_38__0_
Scratch_Pad     port    weight_col_in[39][4]    weight_col_in_39__4_
Scratch_Pad     port    weight_col_in[39][3]    weight_col_in_39__3_
Scratch_Pad     port    weight_col_in[39][2]    weight_col_in_39__2_
Scratch_Pad     port    weight_col_in[39][1]    weight_col_in_39__1_
Scratch_Pad     port    weight_col_in[39][0]    weight_col_in_39__0_
Scratch_Pad     port    weight_col_in[40][4]    weight_col_in_40__4_
Scratch_Pad     port    weight_col_in[40][3]    weight_col_in_40__3_
Scratch_Pad     port    weight_col_in[40][2]    weight_col_in_40__2_
Scratch_Pad     port    weight_col_in[40][1]    weight_col_in_40__1_
Scratch_Pad     port    weight_col_in[40][0]    weight_col_in_40__0_
Scratch_Pad     port    weight_col_in[41][4]    weight_col_in_41__4_
Scratch_Pad     port    weight_col_in[41][3]    weight_col_in_41__3_
Scratch_Pad     port    weight_col_in[41][2]    weight_col_in_41__2_
Scratch_Pad     port    weight_col_in[41][1]    weight_col_in_41__1_
Scratch_Pad     port    weight_col_in[41][0]    weight_col_in_41__0_
Scratch_Pad     port    weight_col_in[42][4]    weight_col_in_42__4_
Scratch_Pad     port    weight_col_in[42][3]    weight_col_in_42__3_
Scratch_Pad     port    weight_col_in[42][2]    weight_col_in_42__2_
Scratch_Pad     port    weight_col_in[42][1]    weight_col_in_42__1_
Scratch_Pad     port    weight_col_in[42][0]    weight_col_in_42__0_
Scratch_Pad     port    weight_col_in[43][4]    weight_col_in_43__4_
Scratch_Pad     port    weight_col_in[43][3]    weight_col_in_43__3_
Scratch_Pad     port    weight_col_in[43][2]    weight_col_in_43__2_
Scratch_Pad     port    weight_col_in[43][1]    weight_col_in_43__1_
Scratch_Pad     port    weight_col_in[43][0]    weight_col_in_43__0_
Scratch_Pad     port    weight_col_in[44][4]    weight_col_in_44__4_
Scratch_Pad     port    weight_col_in[44][3]    weight_col_in_44__3_
Scratch_Pad     port    weight_col_in[44][2]    weight_col_in_44__2_
Scratch_Pad     port    weight_col_in[44][1]    weight_col_in_44__1_
Scratch_Pad     port    weight_col_in[44][0]    weight_col_in_44__0_
Scratch_Pad     port    weight_col_in[45][4]    weight_col_in_45__4_
Scratch_Pad     port    weight_col_in[45][3]    weight_col_in_45__3_
Scratch_Pad     port    weight_col_in[45][2]    weight_col_in_45__2_
Scratch_Pad     port    weight_col_in[45][1]    weight_col_in_45__1_
Scratch_Pad     port    weight_col_in[45][0]    weight_col_in_45__0_
Scratch_Pad     port    weight_col_in[46][4]    weight_col_in_46__4_
Scratch_Pad     port    weight_col_in[46][3]    weight_col_in_46__3_
Scratch_Pad     port    weight_col_in[46][2]    weight_col_in_46__2_
Scratch_Pad     port    weight_col_in[46][1]    weight_col_in_46__1_
Scratch_Pad     port    weight_col_in[46][0]    weight_col_in_46__0_
Scratch_Pad     port    weight_col_in[47][4]    weight_col_in_47__4_
Scratch_Pad     port    weight_col_in[47][3]    weight_col_in_47__3_
Scratch_Pad     port    weight_col_in[47][2]    weight_col_in_47__2_
Scratch_Pad     port    weight_col_in[47][1]    weight_col_in_47__1_
Scratch_Pad     port    weight_col_in[47][0]    weight_col_in_47__0_
Scratch_Pad     port    weight_col_in[48][4]    weight_col_in_48__4_
Scratch_Pad     port    weight_col_in[48][3]    weight_col_in_48__3_
Scratch_Pad     port    weight_col_in[48][2]    weight_col_in_48__2_
Scratch_Pad     port    weight_col_in[48][1]    weight_col_in_48__1_
Scratch_Pad     port    weight_col_in[48][0]    weight_col_in_48__0_
Scratch_Pad     port    weight_col_in[49][4]    weight_col_in_49__4_
Scratch_Pad     port    weight_col_in[49][3]    weight_col_in_49__3_
Scratch_Pad     port    weight_col_in[49][2]    weight_col_in_49__2_
Scratch_Pad     port    weight_col_in[49][1]    weight_col_in_49__1_
Scratch_Pad     port    weight_col_in[49][0]    weight_col_in_49__0_
Scratch_Pad     port    weight_col_in[50][4]    weight_col_in_50__4_
Scratch_Pad     port    weight_col_in[50][3]    weight_col_in_50__3_
Scratch_Pad     port    weight_col_in[50][2]    weight_col_in_50__2_
Scratch_Pad     port    weight_col_in[50][1]    weight_col_in_50__1_
Scratch_Pad     port    weight_col_in[50][0]    weight_col_in_50__0_
Scratch_Pad     port    weight_col_in[51][4]    weight_col_in_51__4_
Scratch_Pad     port    weight_col_in[51][3]    weight_col_in_51__3_
Scratch_Pad     port    weight_col_in[51][2]    weight_col_in_51__2_
Scratch_Pad     port    weight_col_in[51][1]    weight_col_in_51__1_
Scratch_Pad     port    weight_col_in[51][0]    weight_col_in_51__0_
Scratch_Pad     port    weight_col_in[52][4]    weight_col_in_52__4_
Scratch_Pad     port    weight_col_in[52][3]    weight_col_in_52__3_
Scratch_Pad     port    weight_col_in[52][2]    weight_col_in_52__2_
Scratch_Pad     port    weight_col_in[52][1]    weight_col_in_52__1_
Scratch_Pad     port    weight_col_in[52][0]    weight_col_in_52__0_
Scratch_Pad     port    weight_col_in[53][4]    weight_col_in_53__4_
Scratch_Pad     port    weight_col_in[53][3]    weight_col_in_53__3_
Scratch_Pad     port    weight_col_in[53][2]    weight_col_in_53__2_
Scratch_Pad     port    weight_col_in[53][1]    weight_col_in_53__1_
Scratch_Pad     port    weight_col_in[53][0]    weight_col_in_53__0_
Scratch_Pad     port    weight_col_in[54][4]    weight_col_in_54__4_
Scratch_Pad     port    weight_col_in[54][3]    weight_col_in_54__3_
Scratch_Pad     port    weight_col_in[54][2]    weight_col_in_54__2_
Scratch_Pad     port    weight_col_in[54][1]    weight_col_in_54__1_
Scratch_Pad     port    weight_col_in[54][0]    weight_col_in_54__0_
Scratch_Pad     port    weight_col_in[55][4]    weight_col_in_55__4_
Scratch_Pad     port    weight_col_in[55][3]    weight_col_in_55__3_
Scratch_Pad     port    weight_col_in[55][2]    weight_col_in_55__2_
Scratch_Pad     port    weight_col_in[55][1]    weight_col_in_55__1_
Scratch_Pad     port    weight_col_in[55][0]    weight_col_in_55__0_
Scratch_Pad     port    weight_col_in[56][4]    weight_col_in_56__4_
Scratch_Pad     port    weight_col_in[56][3]    weight_col_in_56__3_
Scratch_Pad     port    weight_col_in[56][2]    weight_col_in_56__2_
Scratch_Pad     port    weight_col_in[56][1]    weight_col_in_56__1_
Scratch_Pad     port    weight_col_in[56][0]    weight_col_in_56__0_
Scratch_Pad     port    weight_col_in[57][4]    weight_col_in_57__4_
Scratch_Pad     port    weight_col_in[57][3]    weight_col_in_57__3_
Scratch_Pad     port    weight_col_in[57][2]    weight_col_in_57__2_
Scratch_Pad     port    weight_col_in[57][1]    weight_col_in_57__1_
Scratch_Pad     port    weight_col_in[57][0]    weight_col_in_57__0_
Scratch_Pad     port    weight_col_in[58][4]    weight_col_in_58__4_
Scratch_Pad     port    weight_col_in[58][3]    weight_col_in_58__3_
Scratch_Pad     port    weight_col_in[58][2]    weight_col_in_58__2_
Scratch_Pad     port    weight_col_in[58][1]    weight_col_in_58__1_
Scratch_Pad     port    weight_col_in[58][0]    weight_col_in_58__0_
Scratch_Pad     port    weight_col_in[59][4]    weight_col_in_59__4_
Scratch_Pad     port    weight_col_in[59][3]    weight_col_in_59__3_
Scratch_Pad     port    weight_col_in[59][2]    weight_col_in_59__2_
Scratch_Pad     port    weight_col_in[59][1]    weight_col_in_59__1_
Scratch_Pad     port    weight_col_in[59][0]    weight_col_in_59__0_
Scratch_Pad     port    weight_col_in[60][4]    weight_col_in_60__4_
Scratch_Pad     port    weight_col_in[60][3]    weight_col_in_60__3_
Scratch_Pad     port    weight_col_in[60][2]    weight_col_in_60__2_
Scratch_Pad     port    weight_col_in[60][1]    weight_col_in_60__1_
Scratch_Pad     port    weight_col_in[60][0]    weight_col_in_60__0_
Scratch_Pad     port    weight_col_in[61][4]    weight_col_in_61__4_
Scratch_Pad     port    weight_col_in[61][3]    weight_col_in_61__3_
Scratch_Pad     port    weight_col_in[61][2]    weight_col_in_61__2_
Scratch_Pad     port    weight_col_in[61][1]    weight_col_in_61__1_
Scratch_Pad     port    weight_col_in[61][0]    weight_col_in_61__0_
Scratch_Pad     port    weight_col_in[62][4]    weight_col_in_62__4_
Scratch_Pad     port    weight_col_in[62][3]    weight_col_in_62__3_
Scratch_Pad     port    weight_col_in[62][2]    weight_col_in_62__2_
Scratch_Pad     port    weight_col_in[62][1]    weight_col_in_62__1_
Scratch_Pad     port    weight_col_in[62][0]    weight_col_in_62__0_
Scratch_Pad     port    weight_col_in[63][4]    weight_col_in_63__4_
Scratch_Pad     port    weight_col_in[63][3]    weight_col_in_63__3_
Scratch_Pad     port    weight_col_in[63][2]    weight_col_in_63__2_
Scratch_Pad     port    weight_col_in[63][1]    weight_col_in_63__1_
Scratch_Pad     port    weight_col_in[63][0]    weight_col_in_63__0_
Scratch_Pad     port    weight_col_in[64][4]    weight_col_in_64__4_
Scratch_Pad     port    weight_col_in[64][3]    weight_col_in_64__3_
Scratch_Pad     port    weight_col_in[64][2]    weight_col_in_64__2_
Scratch_Pad     port    weight_col_in[64][1]    weight_col_in_64__1_
Scratch_Pad     port    weight_col_in[64][0]    weight_col_in_64__0_
Scratch_Pad     port    weight_col_in[65][4]    weight_col_in_65__4_
Scratch_Pad     port    weight_col_in[65][3]    weight_col_in_65__3_
Scratch_Pad     port    weight_col_in[65][2]    weight_col_in_65__2_
Scratch_Pad     port    weight_col_in[65][1]    weight_col_in_65__1_
Scratch_Pad     port    weight_col_in[65][0]    weight_col_in_65__0_
Scratch_Pad     port    weight_col_in[66][4]    weight_col_in_66__4_
Scratch_Pad     port    weight_col_in[66][3]    weight_col_in_66__3_
Scratch_Pad     port    weight_col_in[66][2]    weight_col_in_66__2_
Scratch_Pad     port    weight_col_in[66][1]    weight_col_in_66__1_
Scratch_Pad     port    weight_col_in[66][0]    weight_col_in_66__0_
Scratch_Pad     port    weight_col_in[67][4]    weight_col_in_67__4_
Scratch_Pad     port    weight_col_in[67][3]    weight_col_in_67__3_
Scratch_Pad     port    weight_col_in[67][2]    weight_col_in_67__2_
Scratch_Pad     port    weight_col_in[67][1]    weight_col_in_67__1_
Scratch_Pad     port    weight_col_in[67][0]    weight_col_in_67__0_
Scratch_Pad     port    weight_col_in[68][4]    weight_col_in_68__4_
Scratch_Pad     port    weight_col_in[68][3]    weight_col_in_68__3_
Scratch_Pad     port    weight_col_in[68][2]    weight_col_in_68__2_
Scratch_Pad     port    weight_col_in[68][1]    weight_col_in_68__1_
Scratch_Pad     port    weight_col_in[68][0]    weight_col_in_68__0_
Scratch_Pad     port    weight_col_in[69][4]    weight_col_in_69__4_
Scratch_Pad     port    weight_col_in[69][3]    weight_col_in_69__3_
Scratch_Pad     port    weight_col_in[69][2]    weight_col_in_69__2_
Scratch_Pad     port    weight_col_in[69][1]    weight_col_in_69__1_
Scratch_Pad     port    weight_col_in[69][0]    weight_col_in_69__0_
Scratch_Pad     port    weight_col_in[70][4]    weight_col_in_70__4_
Scratch_Pad     port    weight_col_in[70][3]    weight_col_in_70__3_
Scratch_Pad     port    weight_col_in[70][2]    weight_col_in_70__2_
Scratch_Pad     port    weight_col_in[70][1]    weight_col_in_70__1_
Scratch_Pad     port    weight_col_in[70][0]    weight_col_in_70__0_
Scratch_Pad     port    weight_col_in[71][4]    weight_col_in_71__4_
Scratch_Pad     port    weight_col_in[71][3]    weight_col_in_71__3_
Scratch_Pad     port    weight_col_in[71][2]    weight_col_in_71__2_
Scratch_Pad     port    weight_col_in[71][1]    weight_col_in_71__1_
Scratch_Pad     port    weight_col_in[71][0]    weight_col_in_71__0_
Scratch_Pad     port    weight_col_in[72][4]    weight_col_in_72__4_
Scratch_Pad     port    weight_col_in[72][3]    weight_col_in_72__3_
Scratch_Pad     port    weight_col_in[72][2]    weight_col_in_72__2_
Scratch_Pad     port    weight_col_in[72][1]    weight_col_in_72__1_
Scratch_Pad     port    weight_col_in[72][0]    weight_col_in_72__0_
Scratch_Pad     port    weight_col_in[73][4]    weight_col_in_73__4_
Scratch_Pad     port    weight_col_in[73][3]    weight_col_in_73__3_
Scratch_Pad     port    weight_col_in[73][2]    weight_col_in_73__2_
Scratch_Pad     port    weight_col_in[73][1]    weight_col_in_73__1_
Scratch_Pad     port    weight_col_in[73][0]    weight_col_in_73__0_
Scratch_Pad     port    weight_col_in[74][4]    weight_col_in_74__4_
Scratch_Pad     port    weight_col_in[74][3]    weight_col_in_74__3_
Scratch_Pad     port    weight_col_in[74][2]    weight_col_in_74__2_
Scratch_Pad     port    weight_col_in[74][1]    weight_col_in_74__1_
Scratch_Pad     port    weight_col_in[74][0]    weight_col_in_74__0_
Scratch_Pad     port    weight_col_in[75][4]    weight_col_in_75__4_
Scratch_Pad     port    weight_col_in[75][3]    weight_col_in_75__3_
Scratch_Pad     port    weight_col_in[75][2]    weight_col_in_75__2_
Scratch_Pad     port    weight_col_in[75][1]    weight_col_in_75__1_
Scratch_Pad     port    weight_col_in[75][0]    weight_col_in_75__0_
Scratch_Pad     port    weight_col_in[76][4]    weight_col_in_76__4_
Scratch_Pad     port    weight_col_in[76][3]    weight_col_in_76__3_
Scratch_Pad     port    weight_col_in[76][2]    weight_col_in_76__2_
Scratch_Pad     port    weight_col_in[76][1]    weight_col_in_76__1_
Scratch_Pad     port    weight_col_in[76][0]    weight_col_in_76__0_
Scratch_Pad     port    weight_col_in[77][4]    weight_col_in_77__4_
Scratch_Pad     port    weight_col_in[77][3]    weight_col_in_77__3_
Scratch_Pad     port    weight_col_in[77][2]    weight_col_in_77__2_
Scratch_Pad     port    weight_col_in[77][1]    weight_col_in_77__1_
Scratch_Pad     port    weight_col_in[77][0]    weight_col_in_77__0_
Scratch_Pad     port    weight_col_in[78][4]    weight_col_in_78__4_
Scratch_Pad     port    weight_col_in[78][3]    weight_col_in_78__3_
Scratch_Pad     port    weight_col_in[78][2]    weight_col_in_78__2_
Scratch_Pad     port    weight_col_in[78][1]    weight_col_in_78__1_
Scratch_Pad     port    weight_col_in[78][0]    weight_col_in_78__0_
Scratch_Pad     port    weight_col_in[79][4]    weight_col_in_79__4_
Scratch_Pad     port    weight_col_in[79][3]    weight_col_in_79__3_
Scratch_Pad     port    weight_col_in[79][2]    weight_col_in_79__2_
Scratch_Pad     port    weight_col_in[79][1]    weight_col_in_79__1_
Scratch_Pad     port    weight_col_in[79][0]    weight_col_in_79__0_
Scratch_Pad     port    weight_col_in[80][4]    weight_col_in_80__4_
Scratch_Pad     port    weight_col_in[80][3]    weight_col_in_80__3_
Scratch_Pad     port    weight_col_in[80][2]    weight_col_in_80__2_
Scratch_Pad     port    weight_col_in[80][1]    weight_col_in_80__1_
Scratch_Pad     port    weight_col_in[80][0]    weight_col_in_80__0_
Scratch_Pad     port    weight_col_in[81][4]    weight_col_in_81__4_
Scratch_Pad     port    weight_col_in[81][3]    weight_col_in_81__3_
Scratch_Pad     port    weight_col_in[81][2]    weight_col_in_81__2_
Scratch_Pad     port    weight_col_in[81][1]    weight_col_in_81__1_
Scratch_Pad     port    weight_col_in[81][0]    weight_col_in_81__0_
Scratch_Pad     port    weight_col_in[82][4]    weight_col_in_82__4_
Scratch_Pad     port    weight_col_in[82][3]    weight_col_in_82__3_
Scratch_Pad     port    weight_col_in[82][2]    weight_col_in_82__2_
Scratch_Pad     port    weight_col_in[82][1]    weight_col_in_82__1_
Scratch_Pad     port    weight_col_in[82][0]    weight_col_in_82__0_
Scratch_Pad     port    weight_col_in[83][4]    weight_col_in_83__4_
Scratch_Pad     port    weight_col_in[83][3]    weight_col_in_83__3_
Scratch_Pad     port    weight_col_in[83][2]    weight_col_in_83__2_
Scratch_Pad     port    weight_col_in[83][1]    weight_col_in_83__1_
Scratch_Pad     port    weight_col_in[83][0]    weight_col_in_83__0_
Scratch_Pad     port    weight_col_in[84][4]    weight_col_in_84__4_
Scratch_Pad     port    weight_col_in[84][3]    weight_col_in_84__3_
Scratch_Pad     port    weight_col_in[84][2]    weight_col_in_84__2_
Scratch_Pad     port    weight_col_in[84][1]    weight_col_in_84__1_
Scratch_Pad     port    weight_col_in[84][0]    weight_col_in_84__0_
Scratch_Pad     port    weight_col_in[85][4]    weight_col_in_85__4_
Scratch_Pad     port    weight_col_in[85][3]    weight_col_in_85__3_
Scratch_Pad     port    weight_col_in[85][2]    weight_col_in_85__2_
Scratch_Pad     port    weight_col_in[85][1]    weight_col_in_85__1_
Scratch_Pad     port    weight_col_in[85][0]    weight_col_in_85__0_
Scratch_Pad     port    weight_col_in[86][4]    weight_col_in_86__4_
Scratch_Pad     port    weight_col_in[86][3]    weight_col_in_86__3_
Scratch_Pad     port    weight_col_in[86][2]    weight_col_in_86__2_
Scratch_Pad     port    weight_col_in[86][1]    weight_col_in_86__1_
Scratch_Pad     port    weight_col_in[86][0]    weight_col_in_86__0_
Scratch_Pad     port    weight_col_in[87][4]    weight_col_in_87__4_
Scratch_Pad     port    weight_col_in[87][3]    weight_col_in_87__3_
Scratch_Pad     port    weight_col_in[87][2]    weight_col_in_87__2_
Scratch_Pad     port    weight_col_in[87][1]    weight_col_in_87__1_
Scratch_Pad     port    weight_col_in[87][0]    weight_col_in_87__0_
Scratch_Pad     port    weight_col_in[88][4]    weight_col_in_88__4_
Scratch_Pad     port    weight_col_in[88][3]    weight_col_in_88__3_
Scratch_Pad     port    weight_col_in[88][2]    weight_col_in_88__2_
Scratch_Pad     port    weight_col_in[88][1]    weight_col_in_88__1_
Scratch_Pad     port    weight_col_in[88][0]    weight_col_in_88__0_
Scratch_Pad     port    weight_col_in[89][4]    weight_col_in_89__4_
Scratch_Pad     port    weight_col_in[89][3]    weight_col_in_89__3_
Scratch_Pad     port    weight_col_in[89][2]    weight_col_in_89__2_
Scratch_Pad     port    weight_col_in[89][1]    weight_col_in_89__1_
Scratch_Pad     port    weight_col_in[89][0]    weight_col_in_89__0_
Scratch_Pad     port    weight_col_in[90][4]    weight_col_in_90__4_
Scratch_Pad     port    weight_col_in[90][3]    weight_col_in_90__3_
Scratch_Pad     port    weight_col_in[90][2]    weight_col_in_90__2_
Scratch_Pad     port    weight_col_in[90][1]    weight_col_in_90__1_
Scratch_Pad     port    weight_col_in[90][0]    weight_col_in_90__0_
Scratch_Pad     port    weight_col_in[91][4]    weight_col_in_91__4_
Scratch_Pad     port    weight_col_in[91][3]    weight_col_in_91__3_
Scratch_Pad     port    weight_col_in[91][2]    weight_col_in_91__2_
Scratch_Pad     port    weight_col_in[91][1]    weight_col_in_91__1_
Scratch_Pad     port    weight_col_in[91][0]    weight_col_in_91__0_
Scratch_Pad     port    weight_col_in[92][4]    weight_col_in_92__4_
Scratch_Pad     port    weight_col_in[92][3]    weight_col_in_92__3_
Scratch_Pad     port    weight_col_in[92][2]    weight_col_in_92__2_
Scratch_Pad     port    weight_col_in[92][1]    weight_col_in_92__1_
Scratch_Pad     port    weight_col_in[92][0]    weight_col_in_92__0_
Scratch_Pad     port    weight_col_in[93][4]    weight_col_in_93__4_
Scratch_Pad     port    weight_col_in[93][3]    weight_col_in_93__3_
Scratch_Pad     port    weight_col_in[93][2]    weight_col_in_93__2_
Scratch_Pad     port    weight_col_in[93][1]    weight_col_in_93__1_
Scratch_Pad     port    weight_col_in[93][0]    weight_col_in_93__0_
Scratch_Pad     port    weight_col_in[94][4]    weight_col_in_94__4_
Scratch_Pad     port    weight_col_in[94][3]    weight_col_in_94__3_
Scratch_Pad     port    weight_col_in[94][2]    weight_col_in_94__2_
Scratch_Pad     port    weight_col_in[94][1]    weight_col_in_94__1_
Scratch_Pad     port    weight_col_in[94][0]    weight_col_in_94__0_
Scratch_Pad     port    weight_col_in[95][4]    weight_col_in_95__4_
Scratch_Pad     port    weight_col_in[95][3]    weight_col_in_95__3_
Scratch_Pad     port    weight_col_in[95][2]    weight_col_in_95__2_
Scratch_Pad     port    weight_col_in[95][1]    weight_col_in_95__1_
Scratch_Pad     port    weight_col_in[95][0]    weight_col_in_95__0_
Scratch_Pad     port    weight_col_out[0][4]    weight_col_out_0__4_
Scratch_Pad     port    weight_col_out[0][3]    weight_col_out_0__3_
Scratch_Pad     port    weight_col_out[0][2]    weight_col_out_0__2_
Scratch_Pad     port    weight_col_out[0][1]    weight_col_out_0__1_
Scratch_Pad     port    weight_col_out[0][0]    weight_col_out_0__0_
Scratch_Pad     port    weight_col_out[1][4]    weight_col_out_1__4_
Scratch_Pad     port    weight_col_out[1][3]    weight_col_out_1__3_
Scratch_Pad     port    weight_col_out[1][2]    weight_col_out_1__2_
Scratch_Pad     port    weight_col_out[1][1]    weight_col_out_1__1_
Scratch_Pad     port    weight_col_out[1][0]    weight_col_out_1__0_
Scratch_Pad     port    weight_col_out[2][4]    weight_col_out_2__4_
Scratch_Pad     port    weight_col_out[2][3]    weight_col_out_2__3_
Scratch_Pad     port    weight_col_out[2][2]    weight_col_out_2__2_
Scratch_Pad     port    weight_col_out[2][1]    weight_col_out_2__1_
Scratch_Pad     port    weight_col_out[2][0]    weight_col_out_2__0_
Scratch_Pad     port    weight_col_out[3][4]    weight_col_out_3__4_
Scratch_Pad     port    weight_col_out[3][3]    weight_col_out_3__3_
Scratch_Pad     port    weight_col_out[3][2]    weight_col_out_3__2_
Scratch_Pad     port    weight_col_out[3][1]    weight_col_out_3__1_
Scratch_Pad     port    weight_col_out[3][0]    weight_col_out_3__0_
Scratch_Pad     port    weight_col_out[4][4]    weight_col_out_4__4_
Scratch_Pad     port    weight_col_out[4][3]    weight_col_out_4__3_
Scratch_Pad     port    weight_col_out[4][2]    weight_col_out_4__2_
Scratch_Pad     port    weight_col_out[4][1]    weight_col_out_4__1_
Scratch_Pad     port    weight_col_out[4][0]    weight_col_out_4__0_
Scratch_Pad     port    weight_col_out[5][4]    weight_col_out_5__4_
Scratch_Pad     port    weight_col_out[5][3]    weight_col_out_5__3_
Scratch_Pad     port    weight_col_out[5][2]    weight_col_out_5__2_
Scratch_Pad     port    weight_col_out[5][1]    weight_col_out_5__1_
Scratch_Pad     port    weight_col_out[5][0]    weight_col_out_5__0_
Scratch_Pad     port    weight_col_out[6][4]    weight_col_out_6__4_
Scratch_Pad     port    weight_col_out[6][3]    weight_col_out_6__3_
Scratch_Pad     port    weight_col_out[6][2]    weight_col_out_6__2_
Scratch_Pad     port    weight_col_out[6][1]    weight_col_out_6__1_
Scratch_Pad     port    weight_col_out[6][0]    weight_col_out_6__0_
Scratch_Pad     port    weight_col_out[7][4]    weight_col_out_7__4_
Scratch_Pad     port    weight_col_out[7][3]    weight_col_out_7__3_
Scratch_Pad     port    weight_col_out[7][2]    weight_col_out_7__2_
Scratch_Pad     port    weight_col_out[7][1]    weight_col_out_7__1_
Scratch_Pad     port    weight_col_out[7][0]    weight_col_out_7__0_
Scratch_Pad     port    weight_col_out[8][4]    weight_col_out_8__4_
Scratch_Pad     port    weight_col_out[8][3]    weight_col_out_8__3_
Scratch_Pad     port    weight_col_out[8][2]    weight_col_out_8__2_
Scratch_Pad     port    weight_col_out[8][1]    weight_col_out_8__1_
Scratch_Pad     port    weight_col_out[8][0]    weight_col_out_8__0_
Scratch_Pad     port    weight_col_out[9][4]    weight_col_out_9__4_
Scratch_Pad     port    weight_col_out[9][3]    weight_col_out_9__3_
Scratch_Pad     port    weight_col_out[9][2]    weight_col_out_9__2_
Scratch_Pad     port    weight_col_out[9][1]    weight_col_out_9__1_
Scratch_Pad     port    weight_col_out[9][0]    weight_col_out_9__0_
Scratch_Pad     port    weight_col_out[10][4]   weight_col_out_10__4_
Scratch_Pad     port    weight_col_out[10][3]   weight_col_out_10__3_
Scratch_Pad     port    weight_col_out[10][2]   weight_col_out_10__2_
Scratch_Pad     port    weight_col_out[10][1]   weight_col_out_10__1_
Scratch_Pad     port    weight_col_out[10][0]   weight_col_out_10__0_
Scratch_Pad     port    weight_col_out[11][4]   weight_col_out_11__4_
Scratch_Pad     port    weight_col_out[11][3]   weight_col_out_11__3_
Scratch_Pad     port    weight_col_out[11][2]   weight_col_out_11__2_
Scratch_Pad     port    weight_col_out[11][1]   weight_col_out_11__1_
Scratch_Pad     port    weight_col_out[11][0]   weight_col_out_11__0_
Scratch_Pad     port    weight_col_out[12][4]   weight_col_out_12__4_
Scratch_Pad     port    weight_col_out[12][3]   weight_col_out_12__3_
Scratch_Pad     port    weight_col_out[12][2]   weight_col_out_12__2_
Scratch_Pad     port    weight_col_out[12][1]   weight_col_out_12__1_
Scratch_Pad     port    weight_col_out[12][0]   weight_col_out_12__0_
Scratch_Pad     port    weight_col_out[13][4]   weight_col_out_13__4_
Scratch_Pad     port    weight_col_out[13][3]   weight_col_out_13__3_
Scratch_Pad     port    weight_col_out[13][2]   weight_col_out_13__2_
Scratch_Pad     port    weight_col_out[13][1]   weight_col_out_13__1_
Scratch_Pad     port    weight_col_out[13][0]   weight_col_out_13__0_
Scratch_Pad     port    weight_col_out[14][4]   weight_col_out_14__4_
Scratch_Pad     port    weight_col_out[14][3]   weight_col_out_14__3_
Scratch_Pad     port    weight_col_out[14][2]   weight_col_out_14__2_
Scratch_Pad     port    weight_col_out[14][1]   weight_col_out_14__1_
Scratch_Pad     port    weight_col_out[14][0]   weight_col_out_14__0_
Scratch_Pad     port    weight_col_out[15][4]   weight_col_out_15__4_
Scratch_Pad     port    weight_col_out[15][3]   weight_col_out_15__3_
Scratch_Pad     port    weight_col_out[15][2]   weight_col_out_15__2_
Scratch_Pad     port    weight_col_out[15][1]   weight_col_out_15__1_
Scratch_Pad     port    weight_col_out[15][0]   weight_col_out_15__0_
Scratch_Pad     port    weight_col_out[16][4]   weight_col_out_16__4_
Scratch_Pad     port    weight_col_out[16][3]   weight_col_out_16__3_
Scratch_Pad     port    weight_col_out[16][2]   weight_col_out_16__2_
Scratch_Pad     port    weight_col_out[16][1]   weight_col_out_16__1_
Scratch_Pad     port    weight_col_out[16][0]   weight_col_out_16__0_
Scratch_Pad     port    weight_col_out[17][4]   weight_col_out_17__4_
Scratch_Pad     port    weight_col_out[17][3]   weight_col_out_17__3_
Scratch_Pad     port    weight_col_out[17][2]   weight_col_out_17__2_
Scratch_Pad     port    weight_col_out[17][1]   weight_col_out_17__1_
Scratch_Pad     port    weight_col_out[17][0]   weight_col_out_17__0_
Scratch_Pad     port    weight_col_out[18][4]   weight_col_out_18__4_
Scratch_Pad     port    weight_col_out[18][3]   weight_col_out_18__3_
Scratch_Pad     port    weight_col_out[18][2]   weight_col_out_18__2_
Scratch_Pad     port    weight_col_out[18][1]   weight_col_out_18__1_
Scratch_Pad     port    weight_col_out[18][0]   weight_col_out_18__0_
Scratch_Pad     port    weight_col_out[19][4]   weight_col_out_19__4_
Scratch_Pad     port    weight_col_out[19][3]   weight_col_out_19__3_
Scratch_Pad     port    weight_col_out[19][2]   weight_col_out_19__2_
Scratch_Pad     port    weight_col_out[19][1]   weight_col_out_19__1_
Scratch_Pad     port    weight_col_out[19][0]   weight_col_out_19__0_
Scratch_Pad     port    weight_col_out[20][4]   weight_col_out_20__4_
Scratch_Pad     port    weight_col_out[20][3]   weight_col_out_20__3_
Scratch_Pad     port    weight_col_out[20][2]   weight_col_out_20__2_
Scratch_Pad     port    weight_col_out[20][1]   weight_col_out_20__1_
Scratch_Pad     port    weight_col_out[20][0]   weight_col_out_20__0_
Scratch_Pad     port    weight_col_out[21][4]   weight_col_out_21__4_
Scratch_Pad     port    weight_col_out[21][3]   weight_col_out_21__3_
Scratch_Pad     port    weight_col_out[21][2]   weight_col_out_21__2_
Scratch_Pad     port    weight_col_out[21][1]   weight_col_out_21__1_
Scratch_Pad     port    weight_col_out[21][0]   weight_col_out_21__0_
Scratch_Pad     port    weight_col_out[22][4]   weight_col_out_22__4_
Scratch_Pad     port    weight_col_out[22][3]   weight_col_out_22__3_
Scratch_Pad     port    weight_col_out[22][2]   weight_col_out_22__2_
Scratch_Pad     port    weight_col_out[22][1]   weight_col_out_22__1_
Scratch_Pad     port    weight_col_out[22][0]   weight_col_out_22__0_
Scratch_Pad     port    weight_col_out[23][4]   weight_col_out_23__4_
Scratch_Pad     port    weight_col_out[23][3]   weight_col_out_23__3_
Scratch_Pad     port    weight_col_out[23][2]   weight_col_out_23__2_
Scratch_Pad     port    weight_col_out[23][1]   weight_col_out_23__1_
Scratch_Pad     port    weight_col_out[23][0]   weight_col_out_23__0_
Scratch_Pad     port    weight_col_out[24][4]   weight_col_out_24__4_
Scratch_Pad     port    weight_col_out[24][3]   weight_col_out_24__3_
Scratch_Pad     port    weight_col_out[24][2]   weight_col_out_24__2_
Scratch_Pad     port    weight_col_out[24][1]   weight_col_out_24__1_
Scratch_Pad     port    weight_col_out[24][0]   weight_col_out_24__0_
Scratch_Pad     port    weight_col_out[25][4]   weight_col_out_25__4_
Scratch_Pad     port    weight_col_out[25][3]   weight_col_out_25__3_
Scratch_Pad     port    weight_col_out[25][2]   weight_col_out_25__2_
Scratch_Pad     port    weight_col_out[25][1]   weight_col_out_25__1_
Scratch_Pad     port    weight_col_out[25][0]   weight_col_out_25__0_
Scratch_Pad     port    weight_col_out[26][4]   weight_col_out_26__4_
Scratch_Pad     port    weight_col_out[26][3]   weight_col_out_26__3_
Scratch_Pad     port    weight_col_out[26][2]   weight_col_out_26__2_
Scratch_Pad     port    weight_col_out[26][1]   weight_col_out_26__1_
Scratch_Pad     port    weight_col_out[26][0]   weight_col_out_26__0_
Scratch_Pad     port    weight_col_out[27][4]   weight_col_out_27__4_
Scratch_Pad     port    weight_col_out[27][3]   weight_col_out_27__3_
Scratch_Pad     port    weight_col_out[27][2]   weight_col_out_27__2_
Scratch_Pad     port    weight_col_out[27][1]   weight_col_out_27__1_
Scratch_Pad     port    weight_col_out[27][0]   weight_col_out_27__0_
Scratch_Pad     port    weight_col_out[28][4]   weight_col_out_28__4_
Scratch_Pad     port    weight_col_out[28][3]   weight_col_out_28__3_
Scratch_Pad     port    weight_col_out[28][2]   weight_col_out_28__2_
Scratch_Pad     port    weight_col_out[28][1]   weight_col_out_28__1_
Scratch_Pad     port    weight_col_out[28][0]   weight_col_out_28__0_
Scratch_Pad     port    weight_col_out[29][4]   weight_col_out_29__4_
Scratch_Pad     port    weight_col_out[29][3]   weight_col_out_29__3_
Scratch_Pad     port    weight_col_out[29][2]   weight_col_out_29__2_
Scratch_Pad     port    weight_col_out[29][1]   weight_col_out_29__1_
Scratch_Pad     port    weight_col_out[29][0]   weight_col_out_29__0_
Scratch_Pad     port    weight_col_out[30][4]   weight_col_out_30__4_
Scratch_Pad     port    weight_col_out[30][3]   weight_col_out_30__3_
Scratch_Pad     port    weight_col_out[30][2]   weight_col_out_30__2_
Scratch_Pad     port    weight_col_out[30][1]   weight_col_out_30__1_
Scratch_Pad     port    weight_col_out[30][0]   weight_col_out_30__0_
Scratch_Pad     port    weight_col_out[31][4]   weight_col_out_31__4_
Scratch_Pad     port    weight_col_out[31][3]   weight_col_out_31__3_
Scratch_Pad     port    weight_col_out[31][2]   weight_col_out_31__2_
Scratch_Pad     port    weight_col_out[31][1]   weight_col_out_31__1_
Scratch_Pad     port    weight_col_out[31][0]   weight_col_out_31__0_
Scratch_Pad     port    weight_col_out[32][4]   weight_col_out_32__4_
Scratch_Pad     port    weight_col_out[32][3]   weight_col_out_32__3_
Scratch_Pad     port    weight_col_out[32][2]   weight_col_out_32__2_
Scratch_Pad     port    weight_col_out[32][1]   weight_col_out_32__1_
Scratch_Pad     port    weight_col_out[32][0]   weight_col_out_32__0_
Scratch_Pad     port    weight_col_out[33][4]   weight_col_out_33__4_
Scratch_Pad     port    weight_col_out[33][3]   weight_col_out_33__3_
Scratch_Pad     port    weight_col_out[33][2]   weight_col_out_33__2_
Scratch_Pad     port    weight_col_out[33][1]   weight_col_out_33__1_
Scratch_Pad     port    weight_col_out[33][0]   weight_col_out_33__0_
Scratch_Pad     port    weight_col_out[34][4]   weight_col_out_34__4_
Scratch_Pad     port    weight_col_out[34][3]   weight_col_out_34__3_
Scratch_Pad     port    weight_col_out[34][2]   weight_col_out_34__2_
Scratch_Pad     port    weight_col_out[34][1]   weight_col_out_34__1_
Scratch_Pad     port    weight_col_out[34][0]   weight_col_out_34__0_
Scratch_Pad     port    weight_col_out[35][4]   weight_col_out_35__4_
Scratch_Pad     port    weight_col_out[35][3]   weight_col_out_35__3_
Scratch_Pad     port    weight_col_out[35][2]   weight_col_out_35__2_
Scratch_Pad     port    weight_col_out[35][1]   weight_col_out_35__1_
Scratch_Pad     port    weight_col_out[35][0]   weight_col_out_35__0_
Scratch_Pad     port    weight_col_out[36][4]   weight_col_out_36__4_
Scratch_Pad     port    weight_col_out[36][3]   weight_col_out_36__3_
Scratch_Pad     port    weight_col_out[36][2]   weight_col_out_36__2_
Scratch_Pad     port    weight_col_out[36][1]   weight_col_out_36__1_
Scratch_Pad     port    weight_col_out[36][0]   weight_col_out_36__0_
Scratch_Pad     port    weight_col_out[37][4]   weight_col_out_37__4_
Scratch_Pad     port    weight_col_out[37][3]   weight_col_out_37__3_
Scratch_Pad     port    weight_col_out[37][2]   weight_col_out_37__2_
Scratch_Pad     port    weight_col_out[37][1]   weight_col_out_37__1_
Scratch_Pad     port    weight_col_out[37][0]   weight_col_out_37__0_
Scratch_Pad     port    weight_col_out[38][4]   weight_col_out_38__4_
Scratch_Pad     port    weight_col_out[38][3]   weight_col_out_38__3_
Scratch_Pad     port    weight_col_out[38][2]   weight_col_out_38__2_
Scratch_Pad     port    weight_col_out[38][1]   weight_col_out_38__1_
Scratch_Pad     port    weight_col_out[38][0]   weight_col_out_38__0_
Scratch_Pad     port    weight_col_out[39][4]   weight_col_out_39__4_
Scratch_Pad     port    weight_col_out[39][3]   weight_col_out_39__3_
Scratch_Pad     port    weight_col_out[39][2]   weight_col_out_39__2_
Scratch_Pad     port    weight_col_out[39][1]   weight_col_out_39__1_
Scratch_Pad     port    weight_col_out[39][0]   weight_col_out_39__0_
Scratch_Pad     port    weight_col_out[40][4]   weight_col_out_40__4_
Scratch_Pad     port    weight_col_out[40][3]   weight_col_out_40__3_
Scratch_Pad     port    weight_col_out[40][2]   weight_col_out_40__2_
Scratch_Pad     port    weight_col_out[40][1]   weight_col_out_40__1_
Scratch_Pad     port    weight_col_out[40][0]   weight_col_out_40__0_
Scratch_Pad     port    weight_col_out[41][4]   weight_col_out_41__4_
Scratch_Pad     port    weight_col_out[41][3]   weight_col_out_41__3_
Scratch_Pad     port    weight_col_out[41][2]   weight_col_out_41__2_
Scratch_Pad     port    weight_col_out[41][1]   weight_col_out_41__1_
Scratch_Pad     port    weight_col_out[41][0]   weight_col_out_41__0_
Scratch_Pad     port    weight_col_out[42][4]   weight_col_out_42__4_
Scratch_Pad     port    weight_col_out[42][3]   weight_col_out_42__3_
Scratch_Pad     port    weight_col_out[42][2]   weight_col_out_42__2_
Scratch_Pad     port    weight_col_out[42][1]   weight_col_out_42__1_
Scratch_Pad     port    weight_col_out[42][0]   weight_col_out_42__0_
Scratch_Pad     port    weight_col_out[43][4]   weight_col_out_43__4_
Scratch_Pad     port    weight_col_out[43][3]   weight_col_out_43__3_
Scratch_Pad     port    weight_col_out[43][2]   weight_col_out_43__2_
Scratch_Pad     port    weight_col_out[43][1]   weight_col_out_43__1_
Scratch_Pad     port    weight_col_out[43][0]   weight_col_out_43__0_
Scratch_Pad     port    weight_col_out[44][4]   weight_col_out_44__4_
Scratch_Pad     port    weight_col_out[44][3]   weight_col_out_44__3_
Scratch_Pad     port    weight_col_out[44][2]   weight_col_out_44__2_
Scratch_Pad     port    weight_col_out[44][1]   weight_col_out_44__1_
Scratch_Pad     port    weight_col_out[44][0]   weight_col_out_44__0_
Scratch_Pad     port    weight_col_out[45][4]   weight_col_out_45__4_
Scratch_Pad     port    weight_col_out[45][3]   weight_col_out_45__3_
Scratch_Pad     port    weight_col_out[45][2]   weight_col_out_45__2_
Scratch_Pad     port    weight_col_out[45][1]   weight_col_out_45__1_
Scratch_Pad     port    weight_col_out[45][0]   weight_col_out_45__0_
Scratch_Pad     port    weight_col_out[46][4]   weight_col_out_46__4_
Scratch_Pad     port    weight_col_out[46][3]   weight_col_out_46__3_
Scratch_Pad     port    weight_col_out[46][2]   weight_col_out_46__2_
Scratch_Pad     port    weight_col_out[46][1]   weight_col_out_46__1_
Scratch_Pad     port    weight_col_out[46][0]   weight_col_out_46__0_
Scratch_Pad     port    weight_col_out[47][4]   weight_col_out_47__4_
Scratch_Pad     port    weight_col_out[47][3]   weight_col_out_47__3_
Scratch_Pad     port    weight_col_out[47][2]   weight_col_out_47__2_
Scratch_Pad     port    weight_col_out[47][1]   weight_col_out_47__1_
Scratch_Pad     port    weight_col_out[47][0]   weight_col_out_47__0_
Scratch_Pad     port    weight_col_out[48][4]   weight_col_out_48__4_
Scratch_Pad     port    weight_col_out[48][3]   weight_col_out_48__3_
Scratch_Pad     port    weight_col_out[48][2]   weight_col_out_48__2_
Scratch_Pad     port    weight_col_out[48][1]   weight_col_out_48__1_
Scratch_Pad     port    weight_col_out[48][0]   weight_col_out_48__0_
Scratch_Pad     port    weight_col_out[49][4]   weight_col_out_49__4_
Scratch_Pad     port    weight_col_out[49][3]   weight_col_out_49__3_
Scratch_Pad     port    weight_col_out[49][2]   weight_col_out_49__2_
Scratch_Pad     port    weight_col_out[49][1]   weight_col_out_49__1_
Scratch_Pad     port    weight_col_out[49][0]   weight_col_out_49__0_
Scratch_Pad     port    weight_col_out[50][4]   weight_col_out_50__4_
Scratch_Pad     port    weight_col_out[50][3]   weight_col_out_50__3_
Scratch_Pad     port    weight_col_out[50][2]   weight_col_out_50__2_
Scratch_Pad     port    weight_col_out[50][1]   weight_col_out_50__1_
Scratch_Pad     port    weight_col_out[50][0]   weight_col_out_50__0_
Scratch_Pad     port    weight_col_out[51][4]   weight_col_out_51__4_
Scratch_Pad     port    weight_col_out[51][3]   weight_col_out_51__3_
Scratch_Pad     port    weight_col_out[51][2]   weight_col_out_51__2_
Scratch_Pad     port    weight_col_out[51][1]   weight_col_out_51__1_
Scratch_Pad     port    weight_col_out[51][0]   weight_col_out_51__0_
Scratch_Pad     port    weight_col_out[52][4]   weight_col_out_52__4_
Scratch_Pad     port    weight_col_out[52][3]   weight_col_out_52__3_
Scratch_Pad     port    weight_col_out[52][2]   weight_col_out_52__2_
Scratch_Pad     port    weight_col_out[52][1]   weight_col_out_52__1_
Scratch_Pad     port    weight_col_out[52][0]   weight_col_out_52__0_
Scratch_Pad     port    weight_col_out[53][4]   weight_col_out_53__4_
Scratch_Pad     port    weight_col_out[53][3]   weight_col_out_53__3_
Scratch_Pad     port    weight_col_out[53][2]   weight_col_out_53__2_
Scratch_Pad     port    weight_col_out[53][1]   weight_col_out_53__1_
Scratch_Pad     port    weight_col_out[53][0]   weight_col_out_53__0_
Scratch_Pad     port    weight_col_out[54][4]   weight_col_out_54__4_
Scratch_Pad     port    weight_col_out[54][3]   weight_col_out_54__3_
Scratch_Pad     port    weight_col_out[54][2]   weight_col_out_54__2_
Scratch_Pad     port    weight_col_out[54][1]   weight_col_out_54__1_
Scratch_Pad     port    weight_col_out[54][0]   weight_col_out_54__0_
Scratch_Pad     port    weight_col_out[55][4]   weight_col_out_55__4_
Scratch_Pad     port    weight_col_out[55][3]   weight_col_out_55__3_
Scratch_Pad     port    weight_col_out[55][2]   weight_col_out_55__2_
Scratch_Pad     port    weight_col_out[55][1]   weight_col_out_55__1_
Scratch_Pad     port    weight_col_out[55][0]   weight_col_out_55__0_
Scratch_Pad     port    weight_col_out[56][4]   weight_col_out_56__4_
Scratch_Pad     port    weight_col_out[56][3]   weight_col_out_56__3_
Scratch_Pad     port    weight_col_out[56][2]   weight_col_out_56__2_
Scratch_Pad     port    weight_col_out[56][1]   weight_col_out_56__1_
Scratch_Pad     port    weight_col_out[56][0]   weight_col_out_56__0_
Scratch_Pad     port    weight_col_out[57][4]   weight_col_out_57__4_
Scratch_Pad     port    weight_col_out[57][3]   weight_col_out_57__3_
Scratch_Pad     port    weight_col_out[57][2]   weight_col_out_57__2_
Scratch_Pad     port    weight_col_out[57][1]   weight_col_out_57__1_
Scratch_Pad     port    weight_col_out[57][0]   weight_col_out_57__0_
Scratch_Pad     port    weight_col_out[58][4]   weight_col_out_58__4_
Scratch_Pad     port    weight_col_out[58][3]   weight_col_out_58__3_
Scratch_Pad     port    weight_col_out[58][2]   weight_col_out_58__2_
Scratch_Pad     port    weight_col_out[58][1]   weight_col_out_58__1_
Scratch_Pad     port    weight_col_out[58][0]   weight_col_out_58__0_
Scratch_Pad     port    weight_col_out[59][4]   weight_col_out_59__4_
Scratch_Pad     port    weight_col_out[59][3]   weight_col_out_59__3_
Scratch_Pad     port    weight_col_out[59][2]   weight_col_out_59__2_
Scratch_Pad     port    weight_col_out[59][1]   weight_col_out_59__1_
Scratch_Pad     port    weight_col_out[59][0]   weight_col_out_59__0_
Scratch_Pad     port    weight_col_out[60][4]   weight_col_out_60__4_
Scratch_Pad     port    weight_col_out[60][3]   weight_col_out_60__3_
Scratch_Pad     port    weight_col_out[60][2]   weight_col_out_60__2_
Scratch_Pad     port    weight_col_out[60][1]   weight_col_out_60__1_
Scratch_Pad     port    weight_col_out[60][0]   weight_col_out_60__0_
Scratch_Pad     port    weight_col_out[61][4]   weight_col_out_61__4_
Scratch_Pad     port    weight_col_out[61][3]   weight_col_out_61__3_
Scratch_Pad     port    weight_col_out[61][2]   weight_col_out_61__2_
Scratch_Pad     port    weight_col_out[61][1]   weight_col_out_61__1_
Scratch_Pad     port    weight_col_out[61][0]   weight_col_out_61__0_
Scratch_Pad     port    weight_col_out[62][4]   weight_col_out_62__4_
Scratch_Pad     port    weight_col_out[62][3]   weight_col_out_62__3_
Scratch_Pad     port    weight_col_out[62][2]   weight_col_out_62__2_
Scratch_Pad     port    weight_col_out[62][1]   weight_col_out_62__1_
Scratch_Pad     port    weight_col_out[62][0]   weight_col_out_62__0_
Scratch_Pad     port    weight_col_out[63][4]   weight_col_out_63__4_
Scratch_Pad     port    weight_col_out[63][3]   weight_col_out_63__3_
Scratch_Pad     port    weight_col_out[63][2]   weight_col_out_63__2_
Scratch_Pad     port    weight_col_out[63][1]   weight_col_out_63__1_
Scratch_Pad     port    weight_col_out[63][0]   weight_col_out_63__0_
Scratch_Pad     port    weight_col_out[64][4]   weight_col_out_64__4_
Scratch_Pad     port    weight_col_out[64][3]   weight_col_out_64__3_
Scratch_Pad     port    weight_col_out[64][2]   weight_col_out_64__2_
Scratch_Pad     port    weight_col_out[64][1]   weight_col_out_64__1_
Scratch_Pad     port    weight_col_out[64][0]   weight_col_out_64__0_
Scratch_Pad     port    weight_col_out[65][4]   weight_col_out_65__4_
Scratch_Pad     port    weight_col_out[65][3]   weight_col_out_65__3_
Scratch_Pad     port    weight_col_out[65][2]   weight_col_out_65__2_
Scratch_Pad     port    weight_col_out[65][1]   weight_col_out_65__1_
Scratch_Pad     port    weight_col_out[65][0]   weight_col_out_65__0_
Scratch_Pad     port    weight_col_out[66][4]   weight_col_out_66__4_
Scratch_Pad     port    weight_col_out[66][3]   weight_col_out_66__3_
Scratch_Pad     port    weight_col_out[66][2]   weight_col_out_66__2_
Scratch_Pad     port    weight_col_out[66][1]   weight_col_out_66__1_
Scratch_Pad     port    weight_col_out[66][0]   weight_col_out_66__0_
Scratch_Pad     port    weight_col_out[67][4]   weight_col_out_67__4_
Scratch_Pad     port    weight_col_out[67][3]   weight_col_out_67__3_
Scratch_Pad     port    weight_col_out[67][2]   weight_col_out_67__2_
Scratch_Pad     port    weight_col_out[67][1]   weight_col_out_67__1_
Scratch_Pad     port    weight_col_out[67][0]   weight_col_out_67__0_
Scratch_Pad     port    weight_col_out[68][4]   weight_col_out_68__4_
Scratch_Pad     port    weight_col_out[68][3]   weight_col_out_68__3_
Scratch_Pad     port    weight_col_out[68][2]   weight_col_out_68__2_
Scratch_Pad     port    weight_col_out[68][1]   weight_col_out_68__1_
Scratch_Pad     port    weight_col_out[68][0]   weight_col_out_68__0_
Scratch_Pad     port    weight_col_out[69][4]   weight_col_out_69__4_
Scratch_Pad     port    weight_col_out[69][3]   weight_col_out_69__3_
Scratch_Pad     port    weight_col_out[69][2]   weight_col_out_69__2_
Scratch_Pad     port    weight_col_out[69][1]   weight_col_out_69__1_
Scratch_Pad     port    weight_col_out[69][0]   weight_col_out_69__0_
Scratch_Pad     port    weight_col_out[70][4]   weight_col_out_70__4_
Scratch_Pad     port    weight_col_out[70][3]   weight_col_out_70__3_
Scratch_Pad     port    weight_col_out[70][2]   weight_col_out_70__2_
Scratch_Pad     port    weight_col_out[70][1]   weight_col_out_70__1_
Scratch_Pad     port    weight_col_out[70][0]   weight_col_out_70__0_
Scratch_Pad     port    weight_col_out[71][4]   weight_col_out_71__4_
Scratch_Pad     port    weight_col_out[71][3]   weight_col_out_71__3_
Scratch_Pad     port    weight_col_out[71][2]   weight_col_out_71__2_
Scratch_Pad     port    weight_col_out[71][1]   weight_col_out_71__1_
Scratch_Pad     port    weight_col_out[71][0]   weight_col_out_71__0_
Scratch_Pad     port    weight_col_out[72][4]   weight_col_out_72__4_
Scratch_Pad     port    weight_col_out[72][3]   weight_col_out_72__3_
Scratch_Pad     port    weight_col_out[72][2]   weight_col_out_72__2_
Scratch_Pad     port    weight_col_out[72][1]   weight_col_out_72__1_
Scratch_Pad     port    weight_col_out[72][0]   weight_col_out_72__0_
Scratch_Pad     port    weight_col_out[73][4]   weight_col_out_73__4_
Scratch_Pad     port    weight_col_out[73][3]   weight_col_out_73__3_
Scratch_Pad     port    weight_col_out[73][2]   weight_col_out_73__2_
Scratch_Pad     port    weight_col_out[73][1]   weight_col_out_73__1_
Scratch_Pad     port    weight_col_out[73][0]   weight_col_out_73__0_
Scratch_Pad     port    weight_col_out[74][4]   weight_col_out_74__4_
Scratch_Pad     port    weight_col_out[74][3]   weight_col_out_74__3_
Scratch_Pad     port    weight_col_out[74][2]   weight_col_out_74__2_
Scratch_Pad     port    weight_col_out[74][1]   weight_col_out_74__1_
Scratch_Pad     port    weight_col_out[74][0]   weight_col_out_74__0_
Scratch_Pad     port    weight_col_out[75][4]   weight_col_out_75__4_
Scratch_Pad     port    weight_col_out[75][3]   weight_col_out_75__3_
Scratch_Pad     port    weight_col_out[75][2]   weight_col_out_75__2_
Scratch_Pad     port    weight_col_out[75][1]   weight_col_out_75__1_
Scratch_Pad     port    weight_col_out[75][0]   weight_col_out_75__0_
Scratch_Pad     port    weight_col_out[76][4]   weight_col_out_76__4_
Scratch_Pad     port    weight_col_out[76][3]   weight_col_out_76__3_
Scratch_Pad     port    weight_col_out[76][2]   weight_col_out_76__2_
Scratch_Pad     port    weight_col_out[76][1]   weight_col_out_76__1_
Scratch_Pad     port    weight_col_out[76][0]   weight_col_out_76__0_
Scratch_Pad     port    weight_col_out[77][4]   weight_col_out_77__4_
Scratch_Pad     port    weight_col_out[77][3]   weight_col_out_77__3_
Scratch_Pad     port    weight_col_out[77][2]   weight_col_out_77__2_
Scratch_Pad     port    weight_col_out[77][1]   weight_col_out_77__1_
Scratch_Pad     port    weight_col_out[77][0]   weight_col_out_77__0_
Scratch_Pad     port    weight_col_out[78][4]   weight_col_out_78__4_
Scratch_Pad     port    weight_col_out[78][3]   weight_col_out_78__3_
Scratch_Pad     port    weight_col_out[78][2]   weight_col_out_78__2_
Scratch_Pad     port    weight_col_out[78][1]   weight_col_out_78__1_
Scratch_Pad     port    weight_col_out[78][0]   weight_col_out_78__0_
Scratch_Pad     port    weight_col_out[79][4]   weight_col_out_79__4_
Scratch_Pad     port    weight_col_out[79][3]   weight_col_out_79__3_
Scratch_Pad     port    weight_col_out[79][2]   weight_col_out_79__2_
Scratch_Pad     port    weight_col_out[79][1]   weight_col_out_79__1_
Scratch_Pad     port    weight_col_out[79][0]   weight_col_out_79__0_
Scratch_Pad     port    weight_col_out[80][4]   weight_col_out_80__4_
Scratch_Pad     port    weight_col_out[80][3]   weight_col_out_80__3_
Scratch_Pad     port    weight_col_out[80][2]   weight_col_out_80__2_
Scratch_Pad     port    weight_col_out[80][1]   weight_col_out_80__1_
Scratch_Pad     port    weight_col_out[80][0]   weight_col_out_80__0_
Scratch_Pad     port    weight_col_out[81][4]   weight_col_out_81__4_
Scratch_Pad     port    weight_col_out[81][3]   weight_col_out_81__3_
Scratch_Pad     port    weight_col_out[81][2]   weight_col_out_81__2_
Scratch_Pad     port    weight_col_out[81][1]   weight_col_out_81__1_
Scratch_Pad     port    weight_col_out[81][0]   weight_col_out_81__0_
Scratch_Pad     port    weight_col_out[82][4]   weight_col_out_82__4_
Scratch_Pad     port    weight_col_out[82][3]   weight_col_out_82__3_
Scratch_Pad     port    weight_col_out[82][2]   weight_col_out_82__2_
Scratch_Pad     port    weight_col_out[82][1]   weight_col_out_82__1_
Scratch_Pad     port    weight_col_out[82][0]   weight_col_out_82__0_
Scratch_Pad     port    weight_col_out[83][4]   weight_col_out_83__4_
Scratch_Pad     port    weight_col_out[83][3]   weight_col_out_83__3_
Scratch_Pad     port    weight_col_out[83][2]   weight_col_out_83__2_
Scratch_Pad     port    weight_col_out[83][1]   weight_col_out_83__1_
Scratch_Pad     port    weight_col_out[83][0]   weight_col_out_83__0_
Scratch_Pad     port    weight_col_out[84][4]   weight_col_out_84__4_
Scratch_Pad     port    weight_col_out[84][3]   weight_col_out_84__3_
Scratch_Pad     port    weight_col_out[84][2]   weight_col_out_84__2_
Scratch_Pad     port    weight_col_out[84][1]   weight_col_out_84__1_
Scratch_Pad     port    weight_col_out[84][0]   weight_col_out_84__0_
Scratch_Pad     port    weight_col_out[85][4]   weight_col_out_85__4_
Scratch_Pad     port    weight_col_out[85][3]   weight_col_out_85__3_
Scratch_Pad     port    weight_col_out[85][2]   weight_col_out_85__2_
Scratch_Pad     port    weight_col_out[85][1]   weight_col_out_85__1_
Scratch_Pad     port    weight_col_out[85][0]   weight_col_out_85__0_
Scratch_Pad     port    weight_col_out[86][4]   weight_col_out_86__4_
Scratch_Pad     port    weight_col_out[86][3]   weight_col_out_86__3_
Scratch_Pad     port    weight_col_out[86][2]   weight_col_out_86__2_
Scratch_Pad     port    weight_col_out[86][1]   weight_col_out_86__1_
Scratch_Pad     port    weight_col_out[86][0]   weight_col_out_86__0_
Scratch_Pad     port    weight_col_out[87][4]   weight_col_out_87__4_
Scratch_Pad     port    weight_col_out[87][3]   weight_col_out_87__3_
Scratch_Pad     port    weight_col_out[87][2]   weight_col_out_87__2_
Scratch_Pad     port    weight_col_out[87][1]   weight_col_out_87__1_
Scratch_Pad     port    weight_col_out[87][0]   weight_col_out_87__0_
Scratch_Pad     port    weight_col_out[88][4]   weight_col_out_88__4_
Scratch_Pad     port    weight_col_out[88][3]   weight_col_out_88__3_
Scratch_Pad     port    weight_col_out[88][2]   weight_col_out_88__2_
Scratch_Pad     port    weight_col_out[88][1]   weight_col_out_88__1_
Scratch_Pad     port    weight_col_out[88][0]   weight_col_out_88__0_
Scratch_Pad     port    weight_col_out[89][4]   weight_col_out_89__4_
Scratch_Pad     port    weight_col_out[89][3]   weight_col_out_89__3_
Scratch_Pad     port    weight_col_out[89][2]   weight_col_out_89__2_
Scratch_Pad     port    weight_col_out[89][1]   weight_col_out_89__1_
Scratch_Pad     port    weight_col_out[89][0]   weight_col_out_89__0_
Scratch_Pad     port    weight_col_out[90][4]   weight_col_out_90__4_
Scratch_Pad     port    weight_col_out[90][3]   weight_col_out_90__3_
Scratch_Pad     port    weight_col_out[90][2]   weight_col_out_90__2_
Scratch_Pad     port    weight_col_out[90][1]   weight_col_out_90__1_
Scratch_Pad     port    weight_col_out[90][0]   weight_col_out_90__0_
Scratch_Pad     port    weight_col_out[91][4]   weight_col_out_91__4_
Scratch_Pad     port    weight_col_out[91][3]   weight_col_out_91__3_
Scratch_Pad     port    weight_col_out[91][2]   weight_col_out_91__2_
Scratch_Pad     port    weight_col_out[91][1]   weight_col_out_91__1_
Scratch_Pad     port    weight_col_out[91][0]   weight_col_out_91__0_
Scratch_Pad     port    weight_col_out[92][4]   weight_col_out_92__4_
Scratch_Pad     port    weight_col_out[92][3]   weight_col_out_92__3_
Scratch_Pad     port    weight_col_out[92][2]   weight_col_out_92__2_
Scratch_Pad     port    weight_col_out[92][1]   weight_col_out_92__1_
Scratch_Pad     port    weight_col_out[92][0]   weight_col_out_92__0_
Scratch_Pad     port    weight_col_out[93][4]   weight_col_out_93__4_
Scratch_Pad     port    weight_col_out[93][3]   weight_col_out_93__3_
Scratch_Pad     port    weight_col_out[93][2]   weight_col_out_93__2_
Scratch_Pad     port    weight_col_out[93][1]   weight_col_out_93__1_
Scratch_Pad     port    weight_col_out[93][0]   weight_col_out_93__0_
Scratch_Pad     port    weight_col_out[94][4]   weight_col_out_94__4_
Scratch_Pad     port    weight_col_out[94][3]   weight_col_out_94__3_
Scratch_Pad     port    weight_col_out[94][2]   weight_col_out_94__2_
Scratch_Pad     port    weight_col_out[94][1]   weight_col_out_94__1_
Scratch_Pad     port    weight_col_out[94][0]   weight_col_out_94__0_
Scratch_Pad     port    weight_col_out[95][4]   weight_col_out_95__4_
Scratch_Pad     port    weight_col_out[95][3]   weight_col_out_95__3_
Scratch_Pad     port    weight_col_out[95][2]   weight_col_out_95__2_
Scratch_Pad     port    weight_col_out[95][1]   weight_col_out_95__1_
Scratch_Pad     port    weight_col_out[95][0]   weight_col_out_95__0_
Scratch_Pad     cell    memory_reg[0][4]        memory_reg_0__4_
Scratch_Pad     cell    memory_reg[0][3]        memory_reg_0__3_
Scratch_Pad     cell    memory_reg[0][2]        memory_reg_0__2_
Scratch_Pad     cell    memory_reg[0][1]        memory_reg_0__1_
Scratch_Pad     cell    memory_reg[0][0]        memory_reg_0__0_
Scratch_Pad     cell    memory_reg[1][4]        memory_reg_1__4_
Scratch_Pad     cell    memory_reg[1][3]        memory_reg_1__3_
Scratch_Pad     cell    memory_reg[1][2]        memory_reg_1__2_
Scratch_Pad     cell    memory_reg[1][1]        memory_reg_1__1_
Scratch_Pad     cell    memory_reg[1][0]        memory_reg_1__0_
Scratch_Pad     cell    memory_reg[2][4]        memory_reg_2__4_
Scratch_Pad     cell    memory_reg[2][3]        memory_reg_2__3_
Scratch_Pad     cell    memory_reg[2][2]        memory_reg_2__2_
Scratch_Pad     cell    memory_reg[2][1]        memory_reg_2__1_
Scratch_Pad     cell    memory_reg[2][0]        memory_reg_2__0_
Scratch_Pad     cell    memory_reg[3][4]        memory_reg_3__4_
Scratch_Pad     cell    memory_reg[3][3]        memory_reg_3__3_
Scratch_Pad     cell    memory_reg[3][2]        memory_reg_3__2_
Scratch_Pad     cell    memory_reg[3][1]        memory_reg_3__1_
Scratch_Pad     cell    memory_reg[3][0]        memory_reg_3__0_
Scratch_Pad     cell    memory_reg[4][4]        memory_reg_4__4_
Scratch_Pad     cell    memory_reg[4][3]        memory_reg_4__3_
Scratch_Pad     cell    memory_reg[4][2]        memory_reg_4__2_
Scratch_Pad     cell    memory_reg[4][1]        memory_reg_4__1_
Scratch_Pad     cell    memory_reg[4][0]        memory_reg_4__0_
Scratch_Pad     cell    memory_reg[5][4]        memory_reg_5__4_
Scratch_Pad     cell    memory_reg[5][3]        memory_reg_5__3_
Scratch_Pad     cell    memory_reg[5][2]        memory_reg_5__2_
Scratch_Pad     cell    memory_reg[5][1]        memory_reg_5__1_
Scratch_Pad     cell    memory_reg[5][0]        memory_reg_5__0_
Scratch_Pad     cell    memory_reg[6][4]        memory_reg_6__4_
Scratch_Pad     cell    memory_reg[6][3]        memory_reg_6__3_
Scratch_Pad     cell    memory_reg[6][2]        memory_reg_6__2_
Scratch_Pad     cell    memory_reg[6][1]        memory_reg_6__1_
Scratch_Pad     cell    memory_reg[6][0]        memory_reg_6__0_
Scratch_Pad     cell    memory_reg[7][4]        memory_reg_7__4_
Scratch_Pad     cell    memory_reg[7][3]        memory_reg_7__3_
Scratch_Pad     cell    memory_reg[7][2]        memory_reg_7__2_
Scratch_Pad     cell    memory_reg[7][1]        memory_reg_7__1_
Scratch_Pad     cell    memory_reg[7][0]        memory_reg_7__0_
Scratch_Pad     cell    memory_reg[8][4]        memory_reg_8__4_
Scratch_Pad     cell    memory_reg[8][3]        memory_reg_8__3_
Scratch_Pad     cell    memory_reg[8][2]        memory_reg_8__2_
Scratch_Pad     cell    memory_reg[8][1]        memory_reg_8__1_
Scratch_Pad     cell    memory_reg[8][0]        memory_reg_8__0_
Scratch_Pad     cell    memory_reg[9][4]        memory_reg_9__4_
Scratch_Pad     cell    memory_reg[9][3]        memory_reg_9__3_
Scratch_Pad     cell    memory_reg[9][2]        memory_reg_9__2_
Scratch_Pad     cell    memory_reg[9][1]        memory_reg_9__1_
Scratch_Pad     cell    memory_reg[9][0]        memory_reg_9__0_
Scratch_Pad     cell    memory_reg[10][4]       memory_reg_10__4_
Scratch_Pad     cell    memory_reg[10][3]       memory_reg_10__3_
Scratch_Pad     cell    memory_reg[10][2]       memory_reg_10__2_
Scratch_Pad     cell    memory_reg[10][1]       memory_reg_10__1_
Scratch_Pad     cell    memory_reg[10][0]       memory_reg_10__0_
Scratch_Pad     cell    memory_reg[11][4]       memory_reg_11__4_
Scratch_Pad     cell    memory_reg[11][3]       memory_reg_11__3_
Scratch_Pad     cell    memory_reg[11][2]       memory_reg_11__2_
Scratch_Pad     cell    memory_reg[11][1]       memory_reg_11__1_
Scratch_Pad     cell    memory_reg[11][0]       memory_reg_11__0_
Scratch_Pad     cell    memory_reg[12][4]       memory_reg_12__4_
Scratch_Pad     cell    memory_reg[12][3]       memory_reg_12__3_
Scratch_Pad     cell    memory_reg[12][2]       memory_reg_12__2_
Scratch_Pad     cell    memory_reg[12][1]       memory_reg_12__1_
Scratch_Pad     cell    memory_reg[12][0]       memory_reg_12__0_
Scratch_Pad     cell    memory_reg[13][4]       memory_reg_13__4_
Scratch_Pad     cell    memory_reg[13][3]       memory_reg_13__3_
Scratch_Pad     cell    memory_reg[13][2]       memory_reg_13__2_
Scratch_Pad     cell    memory_reg[13][1]       memory_reg_13__1_
Scratch_Pad     cell    memory_reg[13][0]       memory_reg_13__0_
Scratch_Pad     cell    memory_reg[14][4]       memory_reg_14__4_
Scratch_Pad     cell    memory_reg[14][3]       memory_reg_14__3_
Scratch_Pad     cell    memory_reg[14][2]       memory_reg_14__2_
Scratch_Pad     cell    memory_reg[14][1]       memory_reg_14__1_
Scratch_Pad     cell    memory_reg[14][0]       memory_reg_14__0_
Scratch_Pad     cell    memory_reg[15][4]       memory_reg_15__4_
Scratch_Pad     cell    memory_reg[15][3]       memory_reg_15__3_
Scratch_Pad     cell    memory_reg[15][2]       memory_reg_15__2_
Scratch_Pad     cell    memory_reg[15][1]       memory_reg_15__1_
Scratch_Pad     cell    memory_reg[15][0]       memory_reg_15__0_
Scratch_Pad     cell    memory_reg[16][4]       memory_reg_16__4_
Scratch_Pad     cell    memory_reg[16][3]       memory_reg_16__3_
Scratch_Pad     cell    memory_reg[16][2]       memory_reg_16__2_
Scratch_Pad     cell    memory_reg[16][1]       memory_reg_16__1_
Scratch_Pad     cell    memory_reg[16][0]       memory_reg_16__0_
Scratch_Pad     cell    memory_reg[17][4]       memory_reg_17__4_
Scratch_Pad     cell    memory_reg[17][3]       memory_reg_17__3_
Scratch_Pad     cell    memory_reg[17][2]       memory_reg_17__2_
Scratch_Pad     cell    memory_reg[17][1]       memory_reg_17__1_
Scratch_Pad     cell    memory_reg[17][0]       memory_reg_17__0_
Scratch_Pad     cell    memory_reg[18][4]       memory_reg_18__4_
Scratch_Pad     cell    memory_reg[18][3]       memory_reg_18__3_
Scratch_Pad     cell    memory_reg[18][2]       memory_reg_18__2_
Scratch_Pad     cell    memory_reg[18][1]       memory_reg_18__1_
Scratch_Pad     cell    memory_reg[18][0]       memory_reg_18__0_
Scratch_Pad     cell    memory_reg[19][4]       memory_reg_19__4_
Scratch_Pad     cell    memory_reg[19][3]       memory_reg_19__3_
Scratch_Pad     cell    memory_reg[19][2]       memory_reg_19__2_
Scratch_Pad     cell    memory_reg[19][1]       memory_reg_19__1_
Scratch_Pad     cell    memory_reg[19][0]       memory_reg_19__0_
Scratch_Pad     cell    memory_reg[20][4]       memory_reg_20__4_
Scratch_Pad     cell    memory_reg[20][3]       memory_reg_20__3_
Scratch_Pad     cell    memory_reg[20][2]       memory_reg_20__2_
Scratch_Pad     cell    memory_reg[20][1]       memory_reg_20__1_
Scratch_Pad     cell    memory_reg[20][0]       memory_reg_20__0_
Scratch_Pad     cell    memory_reg[21][4]       memory_reg_21__4_
Scratch_Pad     cell    memory_reg[21][3]       memory_reg_21__3_
Scratch_Pad     cell    memory_reg[21][2]       memory_reg_21__2_
Scratch_Pad     cell    memory_reg[21][1]       memory_reg_21__1_
Scratch_Pad     cell    memory_reg[21][0]       memory_reg_21__0_
Scratch_Pad     cell    memory_reg[22][4]       memory_reg_22__4_
Scratch_Pad     cell    memory_reg[22][3]       memory_reg_22__3_
Scratch_Pad     cell    memory_reg[22][2]       memory_reg_22__2_
Scratch_Pad     cell    memory_reg[22][1]       memory_reg_22__1_
Scratch_Pad     cell    memory_reg[22][0]       memory_reg_22__0_
Scratch_Pad     cell    memory_reg[23][4]       memory_reg_23__4_
Scratch_Pad     cell    memory_reg[23][3]       memory_reg_23__3_
Scratch_Pad     cell    memory_reg[23][2]       memory_reg_23__2_
Scratch_Pad     cell    memory_reg[23][1]       memory_reg_23__1_
Scratch_Pad     cell    memory_reg[23][0]       memory_reg_23__0_
Scratch_Pad     cell    memory_reg[24][4]       memory_reg_24__4_
Scratch_Pad     cell    memory_reg[24][3]       memory_reg_24__3_
Scratch_Pad     cell    memory_reg[24][2]       memory_reg_24__2_
Scratch_Pad     cell    memory_reg[24][1]       memory_reg_24__1_
Scratch_Pad     cell    memory_reg[24][0]       memory_reg_24__0_
Scratch_Pad     cell    memory_reg[25][4]       memory_reg_25__4_
Scratch_Pad     cell    memory_reg[25][3]       memory_reg_25__3_
Scratch_Pad     cell    memory_reg[25][2]       memory_reg_25__2_
Scratch_Pad     cell    memory_reg[25][1]       memory_reg_25__1_
Scratch_Pad     cell    memory_reg[25][0]       memory_reg_25__0_
Scratch_Pad     cell    memory_reg[26][4]       memory_reg_26__4_
Scratch_Pad     cell    memory_reg[26][3]       memory_reg_26__3_
Scratch_Pad     cell    memory_reg[26][2]       memory_reg_26__2_
Scratch_Pad     cell    memory_reg[26][1]       memory_reg_26__1_
Scratch_Pad     cell    memory_reg[26][0]       memory_reg_26__0_
Scratch_Pad     cell    memory_reg[27][4]       memory_reg_27__4_
Scratch_Pad     cell    memory_reg[27][3]       memory_reg_27__3_
Scratch_Pad     cell    memory_reg[27][2]       memory_reg_27__2_
Scratch_Pad     cell    memory_reg[27][1]       memory_reg_27__1_
Scratch_Pad     cell    memory_reg[27][0]       memory_reg_27__0_
Scratch_Pad     cell    memory_reg[28][4]       memory_reg_28__4_
Scratch_Pad     cell    memory_reg[28][3]       memory_reg_28__3_
Scratch_Pad     cell    memory_reg[28][2]       memory_reg_28__2_
Scratch_Pad     cell    memory_reg[28][1]       memory_reg_28__1_
Scratch_Pad     cell    memory_reg[28][0]       memory_reg_28__0_
Scratch_Pad     cell    memory_reg[29][4]       memory_reg_29__4_
Scratch_Pad     cell    memory_reg[29][3]       memory_reg_29__3_
Scratch_Pad     cell    memory_reg[29][2]       memory_reg_29__2_
Scratch_Pad     cell    memory_reg[29][1]       memory_reg_29__1_
Scratch_Pad     cell    memory_reg[29][0]       memory_reg_29__0_
Scratch_Pad     cell    memory_reg[30][4]       memory_reg_30__4_
Scratch_Pad     cell    memory_reg[30][3]       memory_reg_30__3_
Scratch_Pad     cell    memory_reg[30][2]       memory_reg_30__2_
Scratch_Pad     cell    memory_reg[30][1]       memory_reg_30__1_
Scratch_Pad     cell    memory_reg[30][0]       memory_reg_30__0_
Scratch_Pad     cell    memory_reg[31][4]       memory_reg_31__4_
Scratch_Pad     cell    memory_reg[31][3]       memory_reg_31__3_
Scratch_Pad     cell    memory_reg[31][2]       memory_reg_31__2_
Scratch_Pad     cell    memory_reg[31][1]       memory_reg_31__1_
Scratch_Pad     cell    memory_reg[31][0]       memory_reg_31__0_
Scratch_Pad     cell    memory_reg[32][4]       memory_reg_32__4_
Scratch_Pad     cell    memory_reg[32][3]       memory_reg_32__3_
Scratch_Pad     cell    memory_reg[32][2]       memory_reg_32__2_
Scratch_Pad     cell    memory_reg[32][1]       memory_reg_32__1_
Scratch_Pad     cell    memory_reg[32][0]       memory_reg_32__0_
Scratch_Pad     cell    memory_reg[33][4]       memory_reg_33__4_
Scratch_Pad     cell    memory_reg[33][3]       memory_reg_33__3_
Scratch_Pad     cell    memory_reg[33][2]       memory_reg_33__2_
Scratch_Pad     cell    memory_reg[33][1]       memory_reg_33__1_
Scratch_Pad     cell    memory_reg[33][0]       memory_reg_33__0_
Scratch_Pad     cell    memory_reg[34][4]       memory_reg_34__4_
Scratch_Pad     cell    memory_reg[34][3]       memory_reg_34__3_
Scratch_Pad     cell    memory_reg[34][2]       memory_reg_34__2_
Scratch_Pad     cell    memory_reg[34][1]       memory_reg_34__1_
Scratch_Pad     cell    memory_reg[34][0]       memory_reg_34__0_
Scratch_Pad     cell    memory_reg[35][4]       memory_reg_35__4_
Scratch_Pad     cell    memory_reg[35][3]       memory_reg_35__3_
Scratch_Pad     cell    memory_reg[35][2]       memory_reg_35__2_
Scratch_Pad     cell    memory_reg[35][1]       memory_reg_35__1_
Scratch_Pad     cell    memory_reg[35][0]       memory_reg_35__0_
Scratch_Pad     cell    memory_reg[36][4]       memory_reg_36__4_
Scratch_Pad     cell    memory_reg[36][3]       memory_reg_36__3_
Scratch_Pad     cell    memory_reg[36][2]       memory_reg_36__2_
Scratch_Pad     cell    memory_reg[36][1]       memory_reg_36__1_
Scratch_Pad     cell    memory_reg[36][0]       memory_reg_36__0_
Scratch_Pad     cell    memory_reg[37][4]       memory_reg_37__4_
Scratch_Pad     cell    memory_reg[37][3]       memory_reg_37__3_
Scratch_Pad     cell    memory_reg[37][2]       memory_reg_37__2_
Scratch_Pad     cell    memory_reg[37][1]       memory_reg_37__1_
Scratch_Pad     cell    memory_reg[37][0]       memory_reg_37__0_
Scratch_Pad     cell    memory_reg[38][4]       memory_reg_38__4_
Scratch_Pad     cell    memory_reg[38][3]       memory_reg_38__3_
Scratch_Pad     cell    memory_reg[38][2]       memory_reg_38__2_
Scratch_Pad     cell    memory_reg[38][1]       memory_reg_38__1_
Scratch_Pad     cell    memory_reg[38][0]       memory_reg_38__0_
Scratch_Pad     cell    memory_reg[39][4]       memory_reg_39__4_
Scratch_Pad     cell    memory_reg[39][3]       memory_reg_39__3_
Scratch_Pad     cell    memory_reg[39][2]       memory_reg_39__2_
Scratch_Pad     cell    memory_reg[39][1]       memory_reg_39__1_
Scratch_Pad     cell    memory_reg[39][0]       memory_reg_39__0_
Scratch_Pad     cell    memory_reg[40][4]       memory_reg_40__4_
Scratch_Pad     cell    memory_reg[40][3]       memory_reg_40__3_
Scratch_Pad     cell    memory_reg[40][2]       memory_reg_40__2_
Scratch_Pad     cell    memory_reg[40][1]       memory_reg_40__1_
Scratch_Pad     cell    memory_reg[40][0]       memory_reg_40__0_
Scratch_Pad     cell    memory_reg[41][4]       memory_reg_41__4_
Scratch_Pad     cell    memory_reg[41][3]       memory_reg_41__3_
Scratch_Pad     cell    memory_reg[41][2]       memory_reg_41__2_
Scratch_Pad     cell    memory_reg[41][1]       memory_reg_41__1_
Scratch_Pad     cell    memory_reg[41][0]       memory_reg_41__0_
Scratch_Pad     cell    memory_reg[42][4]       memory_reg_42__4_
Scratch_Pad     cell    memory_reg[42][3]       memory_reg_42__3_
Scratch_Pad     cell    memory_reg[42][2]       memory_reg_42__2_
Scratch_Pad     cell    memory_reg[42][1]       memory_reg_42__1_
Scratch_Pad     cell    memory_reg[42][0]       memory_reg_42__0_
Scratch_Pad     cell    memory_reg[43][4]       memory_reg_43__4_
Scratch_Pad     cell    memory_reg[43][3]       memory_reg_43__3_
Scratch_Pad     cell    memory_reg[43][2]       memory_reg_43__2_
Scratch_Pad     cell    memory_reg[43][1]       memory_reg_43__1_
Scratch_Pad     cell    memory_reg[43][0]       memory_reg_43__0_
Scratch_Pad     cell    memory_reg[44][4]       memory_reg_44__4_
Scratch_Pad     cell    memory_reg[44][3]       memory_reg_44__3_
Scratch_Pad     cell    memory_reg[44][2]       memory_reg_44__2_
Scratch_Pad     cell    memory_reg[44][1]       memory_reg_44__1_
Scratch_Pad     cell    memory_reg[44][0]       memory_reg_44__0_
Scratch_Pad     cell    memory_reg[45][4]       memory_reg_45__4_
Scratch_Pad     cell    memory_reg[45][3]       memory_reg_45__3_
Scratch_Pad     cell    memory_reg[45][2]       memory_reg_45__2_
Scratch_Pad     cell    memory_reg[45][1]       memory_reg_45__1_
Scratch_Pad     cell    memory_reg[45][0]       memory_reg_45__0_
Scratch_Pad     cell    memory_reg[46][4]       memory_reg_46__4_
Scratch_Pad     cell    memory_reg[46][3]       memory_reg_46__3_
Scratch_Pad     cell    memory_reg[46][2]       memory_reg_46__2_
Scratch_Pad     cell    memory_reg[46][1]       memory_reg_46__1_
Scratch_Pad     cell    memory_reg[46][0]       memory_reg_46__0_
Scratch_Pad     cell    memory_reg[47][4]       memory_reg_47__4_
Scratch_Pad     cell    memory_reg[47][3]       memory_reg_47__3_
Scratch_Pad     cell    memory_reg[47][2]       memory_reg_47__2_
Scratch_Pad     cell    memory_reg[47][1]       memory_reg_47__1_
Scratch_Pad     cell    memory_reg[47][0]       memory_reg_47__0_
Scratch_Pad     cell    memory_reg[48][4]       memory_reg_48__4_
Scratch_Pad     cell    memory_reg[48][3]       memory_reg_48__3_
Scratch_Pad     cell    memory_reg[48][2]       memory_reg_48__2_
Scratch_Pad     cell    memory_reg[48][1]       memory_reg_48__1_
Scratch_Pad     cell    memory_reg[48][0]       memory_reg_48__0_
Scratch_Pad     cell    memory_reg[49][4]       memory_reg_49__4_
Scratch_Pad     cell    memory_reg[49][3]       memory_reg_49__3_
Scratch_Pad     cell    memory_reg[49][2]       memory_reg_49__2_
Scratch_Pad     cell    memory_reg[49][1]       memory_reg_49__1_
Scratch_Pad     cell    memory_reg[49][0]       memory_reg_49__0_
Scratch_Pad     cell    memory_reg[50][4]       memory_reg_50__4_
Scratch_Pad     cell    memory_reg[50][3]       memory_reg_50__3_
Scratch_Pad     cell    memory_reg[50][2]       memory_reg_50__2_
Scratch_Pad     cell    memory_reg[50][1]       memory_reg_50__1_
Scratch_Pad     cell    memory_reg[50][0]       memory_reg_50__0_
Scratch_Pad     cell    memory_reg[51][4]       memory_reg_51__4_
Scratch_Pad     cell    memory_reg[51][3]       memory_reg_51__3_
Scratch_Pad     cell    memory_reg[51][2]       memory_reg_51__2_
Scratch_Pad     cell    memory_reg[51][1]       memory_reg_51__1_
Scratch_Pad     cell    memory_reg[51][0]       memory_reg_51__0_
Scratch_Pad     cell    memory_reg[52][4]       memory_reg_52__4_
Scratch_Pad     cell    memory_reg[52][3]       memory_reg_52__3_
Scratch_Pad     cell    memory_reg[52][2]       memory_reg_52__2_
Scratch_Pad     cell    memory_reg[52][1]       memory_reg_52__1_
Scratch_Pad     cell    memory_reg[52][0]       memory_reg_52__0_
Scratch_Pad     cell    memory_reg[53][4]       memory_reg_53__4_
Scratch_Pad     cell    memory_reg[53][3]       memory_reg_53__3_
Scratch_Pad     cell    memory_reg[53][2]       memory_reg_53__2_
Scratch_Pad     cell    memory_reg[53][1]       memory_reg_53__1_
Scratch_Pad     cell    memory_reg[53][0]       memory_reg_53__0_
Scratch_Pad     cell    memory_reg[54][4]       memory_reg_54__4_
Scratch_Pad     cell    memory_reg[54][3]       memory_reg_54__3_
Scratch_Pad     cell    memory_reg[54][2]       memory_reg_54__2_
Scratch_Pad     cell    memory_reg[54][1]       memory_reg_54__1_
Scratch_Pad     cell    memory_reg[54][0]       memory_reg_54__0_
Scratch_Pad     cell    memory_reg[55][4]       memory_reg_55__4_
Scratch_Pad     cell    memory_reg[55][3]       memory_reg_55__3_
Scratch_Pad     cell    memory_reg[55][2]       memory_reg_55__2_
Scratch_Pad     cell    memory_reg[55][1]       memory_reg_55__1_
Scratch_Pad     cell    memory_reg[55][0]       memory_reg_55__0_
Scratch_Pad     cell    memory_reg[56][4]       memory_reg_56__4_
Scratch_Pad     cell    memory_reg[56][3]       memory_reg_56__3_
Scratch_Pad     cell    memory_reg[56][2]       memory_reg_56__2_
Scratch_Pad     cell    memory_reg[56][1]       memory_reg_56__1_
Scratch_Pad     cell    memory_reg[56][0]       memory_reg_56__0_
Scratch_Pad     cell    memory_reg[57][4]       memory_reg_57__4_
Scratch_Pad     cell    memory_reg[57][3]       memory_reg_57__3_
Scratch_Pad     cell    memory_reg[57][2]       memory_reg_57__2_
Scratch_Pad     cell    memory_reg[57][1]       memory_reg_57__1_
Scratch_Pad     cell    memory_reg[57][0]       memory_reg_57__0_
Scratch_Pad     cell    memory_reg[58][4]       memory_reg_58__4_
Scratch_Pad     cell    memory_reg[58][3]       memory_reg_58__3_
Scratch_Pad     cell    memory_reg[58][2]       memory_reg_58__2_
Scratch_Pad     cell    memory_reg[58][1]       memory_reg_58__1_
Scratch_Pad     cell    memory_reg[58][0]       memory_reg_58__0_
Scratch_Pad     cell    memory_reg[59][4]       memory_reg_59__4_
Scratch_Pad     cell    memory_reg[59][3]       memory_reg_59__3_
Scratch_Pad     cell    memory_reg[59][2]       memory_reg_59__2_
Scratch_Pad     cell    memory_reg[59][1]       memory_reg_59__1_
Scratch_Pad     cell    memory_reg[59][0]       memory_reg_59__0_
Scratch_Pad     cell    memory_reg[60][4]       memory_reg_60__4_
Scratch_Pad     cell    memory_reg[60][3]       memory_reg_60__3_
Scratch_Pad     cell    memory_reg[60][2]       memory_reg_60__2_
Scratch_Pad     cell    memory_reg[60][1]       memory_reg_60__1_
Scratch_Pad     cell    memory_reg[60][0]       memory_reg_60__0_
Scratch_Pad     cell    memory_reg[61][4]       memory_reg_61__4_
Scratch_Pad     cell    memory_reg[61][3]       memory_reg_61__3_
Scratch_Pad     cell    memory_reg[61][2]       memory_reg_61__2_
Scratch_Pad     cell    memory_reg[61][1]       memory_reg_61__1_
Scratch_Pad     cell    memory_reg[61][0]       memory_reg_61__0_
Scratch_Pad     cell    memory_reg[62][4]       memory_reg_62__4_
Scratch_Pad     cell    memory_reg[62][3]       memory_reg_62__3_
Scratch_Pad     cell    memory_reg[62][2]       memory_reg_62__2_
Scratch_Pad     cell    memory_reg[62][1]       memory_reg_62__1_
Scratch_Pad     cell    memory_reg[62][0]       memory_reg_62__0_
Scratch_Pad     cell    memory_reg[63][4]       memory_reg_63__4_
Scratch_Pad     cell    memory_reg[63][3]       memory_reg_63__3_
Scratch_Pad     cell    memory_reg[63][2]       memory_reg_63__2_
Scratch_Pad     cell    memory_reg[63][1]       memory_reg_63__1_
Scratch_Pad     cell    memory_reg[63][0]       memory_reg_63__0_
Scratch_Pad     cell    memory_reg[64][4]       memory_reg_64__4_
Scratch_Pad     cell    memory_reg[64][3]       memory_reg_64__3_
Scratch_Pad     cell    memory_reg[64][2]       memory_reg_64__2_
Scratch_Pad     cell    memory_reg[64][1]       memory_reg_64__1_
Scratch_Pad     cell    memory_reg[64][0]       memory_reg_64__0_
Scratch_Pad     cell    memory_reg[65][4]       memory_reg_65__4_
Scratch_Pad     cell    memory_reg[65][3]       memory_reg_65__3_
Scratch_Pad     cell    memory_reg[65][2]       memory_reg_65__2_
Scratch_Pad     cell    memory_reg[65][1]       memory_reg_65__1_
Scratch_Pad     cell    memory_reg[65][0]       memory_reg_65__0_
Scratch_Pad     cell    memory_reg[66][4]       memory_reg_66__4_
Scratch_Pad     cell    memory_reg[66][3]       memory_reg_66__3_
Scratch_Pad     cell    memory_reg[66][2]       memory_reg_66__2_
Scratch_Pad     cell    memory_reg[66][1]       memory_reg_66__1_
Scratch_Pad     cell    memory_reg[66][0]       memory_reg_66__0_
Scratch_Pad     cell    memory_reg[67][4]       memory_reg_67__4_
Scratch_Pad     cell    memory_reg[67][3]       memory_reg_67__3_
Scratch_Pad     cell    memory_reg[67][2]       memory_reg_67__2_
Scratch_Pad     cell    memory_reg[67][1]       memory_reg_67__1_
Scratch_Pad     cell    memory_reg[67][0]       memory_reg_67__0_
Scratch_Pad     cell    memory_reg[68][4]       memory_reg_68__4_
Scratch_Pad     cell    memory_reg[68][3]       memory_reg_68__3_
Scratch_Pad     cell    memory_reg[68][2]       memory_reg_68__2_
Scratch_Pad     cell    memory_reg[68][1]       memory_reg_68__1_
Scratch_Pad     cell    memory_reg[68][0]       memory_reg_68__0_
Scratch_Pad     cell    memory_reg[69][4]       memory_reg_69__4_
Scratch_Pad     cell    memory_reg[69][3]       memory_reg_69__3_
Scratch_Pad     cell    memory_reg[69][2]       memory_reg_69__2_
Scratch_Pad     cell    memory_reg[69][1]       memory_reg_69__1_
Scratch_Pad     cell    memory_reg[69][0]       memory_reg_69__0_
Scratch_Pad     cell    memory_reg[70][4]       memory_reg_70__4_
Scratch_Pad     cell    memory_reg[70][3]       memory_reg_70__3_
Scratch_Pad     cell    memory_reg[70][2]       memory_reg_70__2_
Scratch_Pad     cell    memory_reg[70][1]       memory_reg_70__1_
Scratch_Pad     cell    memory_reg[70][0]       memory_reg_70__0_
Scratch_Pad     cell    memory_reg[71][4]       memory_reg_71__4_
Scratch_Pad     cell    memory_reg[71][3]       memory_reg_71__3_
Scratch_Pad     cell    memory_reg[71][2]       memory_reg_71__2_
Scratch_Pad     cell    memory_reg[71][1]       memory_reg_71__1_
Scratch_Pad     cell    memory_reg[71][0]       memory_reg_71__0_
Scratch_Pad     cell    memory_reg[72][4]       memory_reg_72__4_
Scratch_Pad     cell    memory_reg[72][3]       memory_reg_72__3_
Scratch_Pad     cell    memory_reg[72][2]       memory_reg_72__2_
Scratch_Pad     cell    memory_reg[72][1]       memory_reg_72__1_
Scratch_Pad     cell    memory_reg[72][0]       memory_reg_72__0_
Scratch_Pad     cell    memory_reg[73][4]       memory_reg_73__4_
Scratch_Pad     cell    memory_reg[73][3]       memory_reg_73__3_
Scratch_Pad     cell    memory_reg[73][2]       memory_reg_73__2_
Scratch_Pad     cell    memory_reg[73][1]       memory_reg_73__1_
Scratch_Pad     cell    memory_reg[73][0]       memory_reg_73__0_
Scratch_Pad     cell    memory_reg[74][4]       memory_reg_74__4_
Scratch_Pad     cell    memory_reg[74][3]       memory_reg_74__3_
Scratch_Pad     cell    memory_reg[74][2]       memory_reg_74__2_
Scratch_Pad     cell    memory_reg[74][1]       memory_reg_74__1_
Scratch_Pad     cell    memory_reg[74][0]       memory_reg_74__0_
Scratch_Pad     cell    memory_reg[75][4]       memory_reg_75__4_
Scratch_Pad     cell    memory_reg[75][3]       memory_reg_75__3_
Scratch_Pad     cell    memory_reg[75][2]       memory_reg_75__2_
Scratch_Pad     cell    memory_reg[75][1]       memory_reg_75__1_
Scratch_Pad     cell    memory_reg[75][0]       memory_reg_75__0_
Scratch_Pad     cell    memory_reg[76][4]       memory_reg_76__4_
Scratch_Pad     cell    memory_reg[76][3]       memory_reg_76__3_
Scratch_Pad     cell    memory_reg[76][2]       memory_reg_76__2_
Scratch_Pad     cell    memory_reg[76][1]       memory_reg_76__1_
Scratch_Pad     cell    memory_reg[76][0]       memory_reg_76__0_
Scratch_Pad     cell    memory_reg[77][4]       memory_reg_77__4_
Scratch_Pad     cell    memory_reg[77][3]       memory_reg_77__3_
Scratch_Pad     cell    memory_reg[77][2]       memory_reg_77__2_
Scratch_Pad     cell    memory_reg[77][1]       memory_reg_77__1_
Scratch_Pad     cell    memory_reg[77][0]       memory_reg_77__0_
Scratch_Pad     cell    memory_reg[78][4]       memory_reg_78__4_
Scratch_Pad     cell    memory_reg[78][3]       memory_reg_78__3_
Scratch_Pad     cell    memory_reg[78][2]       memory_reg_78__2_
Scratch_Pad     cell    memory_reg[78][1]       memory_reg_78__1_
Scratch_Pad     cell    memory_reg[78][0]       memory_reg_78__0_
Scratch_Pad     cell    memory_reg[79][4]       memory_reg_79__4_
Scratch_Pad     cell    memory_reg[79][3]       memory_reg_79__3_
Scratch_Pad     cell    memory_reg[79][2]       memory_reg_79__2_
Scratch_Pad     cell    memory_reg[79][1]       memory_reg_79__1_
Scratch_Pad     cell    memory_reg[79][0]       memory_reg_79__0_
Scratch_Pad     cell    memory_reg[80][4]       memory_reg_80__4_
Scratch_Pad     cell    memory_reg[80][3]       memory_reg_80__3_
Scratch_Pad     cell    memory_reg[80][2]       memory_reg_80__2_
Scratch_Pad     cell    memory_reg[80][1]       memory_reg_80__1_
Scratch_Pad     cell    memory_reg[80][0]       memory_reg_80__0_
Scratch_Pad     cell    memory_reg[81][4]       memory_reg_81__4_
Scratch_Pad     cell    memory_reg[81][3]       memory_reg_81__3_
Scratch_Pad     cell    memory_reg[81][2]       memory_reg_81__2_
Scratch_Pad     cell    memory_reg[81][1]       memory_reg_81__1_
Scratch_Pad     cell    memory_reg[81][0]       memory_reg_81__0_
Scratch_Pad     cell    memory_reg[82][4]       memory_reg_82__4_
Scratch_Pad     cell    memory_reg[82][3]       memory_reg_82__3_
Scratch_Pad     cell    memory_reg[82][2]       memory_reg_82__2_
Scratch_Pad     cell    memory_reg[82][1]       memory_reg_82__1_
Scratch_Pad     cell    memory_reg[82][0]       memory_reg_82__0_
Scratch_Pad     cell    memory_reg[83][4]       memory_reg_83__4_
Scratch_Pad     cell    memory_reg[83][3]       memory_reg_83__3_
Scratch_Pad     cell    memory_reg[83][2]       memory_reg_83__2_
Scratch_Pad     cell    memory_reg[83][1]       memory_reg_83__1_
Scratch_Pad     cell    memory_reg[83][0]       memory_reg_83__0_
Scratch_Pad     cell    memory_reg[84][4]       memory_reg_84__4_
Scratch_Pad     cell    memory_reg[84][3]       memory_reg_84__3_
Scratch_Pad     cell    memory_reg[84][2]       memory_reg_84__2_
Scratch_Pad     cell    memory_reg[84][1]       memory_reg_84__1_
Scratch_Pad     cell    memory_reg[84][0]       memory_reg_84__0_
Scratch_Pad     cell    memory_reg[85][4]       memory_reg_85__4_
Scratch_Pad     cell    memory_reg[85][3]       memory_reg_85__3_
Scratch_Pad     cell    memory_reg[85][2]       memory_reg_85__2_
Scratch_Pad     cell    memory_reg[85][1]       memory_reg_85__1_
Scratch_Pad     cell    memory_reg[85][0]       memory_reg_85__0_
Scratch_Pad     cell    memory_reg[86][4]       memory_reg_86__4_
Scratch_Pad     cell    memory_reg[86][3]       memory_reg_86__3_
Scratch_Pad     cell    memory_reg[86][2]       memory_reg_86__2_
Scratch_Pad     cell    memory_reg[86][1]       memory_reg_86__1_
Scratch_Pad     cell    memory_reg[86][0]       memory_reg_86__0_
Scratch_Pad     cell    memory_reg[87][4]       memory_reg_87__4_
Scratch_Pad     cell    memory_reg[87][3]       memory_reg_87__3_
Scratch_Pad     cell    memory_reg[87][2]       memory_reg_87__2_
Scratch_Pad     cell    memory_reg[87][1]       memory_reg_87__1_
Scratch_Pad     cell    memory_reg[87][0]       memory_reg_87__0_
Scratch_Pad     cell    memory_reg[88][4]       memory_reg_88__4_
Scratch_Pad     cell    memory_reg[88][3]       memory_reg_88__3_
Scratch_Pad     cell    memory_reg[88][2]       memory_reg_88__2_
Scratch_Pad     cell    memory_reg[88][1]       memory_reg_88__1_
Scratch_Pad     cell    memory_reg[88][0]       memory_reg_88__0_
Scratch_Pad     cell    memory_reg[89][4]       memory_reg_89__4_
Scratch_Pad     cell    memory_reg[89][3]       memory_reg_89__3_
Scratch_Pad     cell    memory_reg[89][2]       memory_reg_89__2_
Scratch_Pad     cell    memory_reg[89][1]       memory_reg_89__1_
Scratch_Pad     cell    memory_reg[89][0]       memory_reg_89__0_
Scratch_Pad     cell    memory_reg[90][4]       memory_reg_90__4_
Scratch_Pad     cell    memory_reg[90][3]       memory_reg_90__3_
Scratch_Pad     cell    memory_reg[90][2]       memory_reg_90__2_
Scratch_Pad     cell    memory_reg[90][1]       memory_reg_90__1_
Scratch_Pad     cell    memory_reg[90][0]       memory_reg_90__0_
Scratch_Pad     cell    memory_reg[91][4]       memory_reg_91__4_
Scratch_Pad     cell    memory_reg[91][3]       memory_reg_91__3_
Scratch_Pad     cell    memory_reg[91][2]       memory_reg_91__2_
Scratch_Pad     cell    memory_reg[91][1]       memory_reg_91__1_
Scratch_Pad     cell    memory_reg[91][0]       memory_reg_91__0_
Scratch_Pad     cell    memory_reg[92][4]       memory_reg_92__4_
Scratch_Pad     cell    memory_reg[92][3]       memory_reg_92__3_
Scratch_Pad     cell    memory_reg[92][2]       memory_reg_92__2_
Scratch_Pad     cell    memory_reg[92][1]       memory_reg_92__1_
Scratch_Pad     cell    memory_reg[92][0]       memory_reg_92__0_
Scratch_Pad     cell    memory_reg[93][4]       memory_reg_93__4_
Scratch_Pad     cell    memory_reg[93][3]       memory_reg_93__3_
Scratch_Pad     cell    memory_reg[93][2]       memory_reg_93__2_
Scratch_Pad     cell    memory_reg[93][1]       memory_reg_93__1_
Scratch_Pad     cell    memory_reg[93][0]       memory_reg_93__0_
Scratch_Pad     cell    memory_reg[94][4]       memory_reg_94__4_
Scratch_Pad     cell    memory_reg[94][3]       memory_reg_94__3_
Scratch_Pad     cell    memory_reg[94][2]       memory_reg_94__2_
Scratch_Pad     cell    memory_reg[94][1]       memory_reg_94__1_
Scratch_Pad     cell    memory_reg[94][0]       memory_reg_94__0_
Scratch_Pad     cell    memory_reg[95][4]       memory_reg_95__4_
Scratch_Pad     cell    memory_reg[95][3]       memory_reg_95__3_
Scratch_Pad     cell    memory_reg[95][2]       memory_reg_95__2_
Scratch_Pad     cell    memory_reg[95][1]       memory_reg_95__1_
Scratch_Pad     cell    memory_reg[95][0]       memory_reg_95__0_
Scratch_Pad     net     weight_col_out[479]     weight_col_out_0__4_
Scratch_Pad     net     weight_col_out[478]     weight_col_out_0__3_
Scratch_Pad     net     weight_col_out[477]     weight_col_out_0__2_
Scratch_Pad     net     weight_col_out[476]     weight_col_out_0__1_
Scratch_Pad     net     weight_col_out[475]     weight_col_out_0__0_
Scratch_Pad     net     weight_col_out[474]     weight_col_out_1__4_
Scratch_Pad     net     weight_col_out[473]     weight_col_out_1__3_
Scratch_Pad     net     weight_col_out[472]     weight_col_out_1__2_
Scratch_Pad     net     weight_col_out[471]     weight_col_out_1__1_
Scratch_Pad     net     weight_col_out[470]     weight_col_out_1__0_
Scratch_Pad     net     weight_col_out[469]     weight_col_out_2__4_
Scratch_Pad     net     weight_col_out[468]     weight_col_out_2__3_
Scratch_Pad     net     weight_col_out[467]     weight_col_out_2__2_
Scratch_Pad     net     weight_col_out[466]     weight_col_out_2__1_
Scratch_Pad     net     weight_col_out[465]     weight_col_out_2__0_
Scratch_Pad     net     weight_col_out[464]     weight_col_out_3__4_
Scratch_Pad     net     weight_col_out[463]     weight_col_out_3__3_
Scratch_Pad     net     weight_col_out[462]     weight_col_out_3__2_
Scratch_Pad     net     weight_col_out[461]     weight_col_out_3__1_
Scratch_Pad     net     weight_col_out[460]     weight_col_out_3__0_
Scratch_Pad     net     weight_col_out[459]     weight_col_out_4__4_
Scratch_Pad     net     weight_col_out[458]     weight_col_out_4__3_
Scratch_Pad     net     weight_col_out[457]     weight_col_out_4__2_
Scratch_Pad     net     weight_col_out[456]     weight_col_out_4__1_
Scratch_Pad     net     weight_col_out[455]     weight_col_out_4__0_
Scratch_Pad     net     weight_col_out[454]     weight_col_out_5__4_
Scratch_Pad     net     weight_col_out[453]     weight_col_out_5__3_
Scratch_Pad     net     weight_col_out[452]     weight_col_out_5__2_
Scratch_Pad     net     weight_col_out[451]     weight_col_out_5__1_
Scratch_Pad     net     weight_col_out[450]     weight_col_out_5__0_
Scratch_Pad     net     weight_col_out[449]     weight_col_out_6__4_
Scratch_Pad     net     weight_col_out[448]     weight_col_out_6__3_
Scratch_Pad     net     weight_col_out[447]     weight_col_out_6__2_
Scratch_Pad     net     weight_col_out[446]     weight_col_out_6__1_
Scratch_Pad     net     weight_col_out[445]     weight_col_out_6__0_
Scratch_Pad     net     weight_col_out[444]     weight_col_out_7__4_
Scratch_Pad     net     weight_col_out[443]     weight_col_out_7__3_
Scratch_Pad     net     weight_col_out[442]     weight_col_out_7__2_
Scratch_Pad     net     weight_col_out[441]     weight_col_out_7__1_
Scratch_Pad     net     weight_col_out[440]     weight_col_out_7__0_
Scratch_Pad     net     weight_col_out[439]     weight_col_out_8__4_
Scratch_Pad     net     weight_col_out[438]     weight_col_out_8__3_
Scratch_Pad     net     weight_col_out[437]     weight_col_out_8__2_
Scratch_Pad     net     weight_col_out[436]     weight_col_out_8__1_
Scratch_Pad     net     weight_col_out[435]     weight_col_out_8__0_
Scratch_Pad     net     weight_col_out[434]     weight_col_out_9__4_
Scratch_Pad     net     weight_col_out[433]     weight_col_out_9__3_
Scratch_Pad     net     weight_col_out[432]     weight_col_out_9__2_
Scratch_Pad     net     weight_col_out[431]     weight_col_out_9__1_
Scratch_Pad     net     weight_col_out[430]     weight_col_out_9__0_
Scratch_Pad     net     weight_col_out[429]     weight_col_out_10__4_
Scratch_Pad     net     weight_col_out[428]     weight_col_out_10__3_
Scratch_Pad     net     weight_col_out[427]     weight_col_out_10__2_
Scratch_Pad     net     weight_col_out[426]     weight_col_out_10__1_
Scratch_Pad     net     weight_col_out[425]     weight_col_out_10__0_
Scratch_Pad     net     weight_col_out[424]     weight_col_out_11__4_
Scratch_Pad     net     weight_col_out[423]     weight_col_out_11__3_
Scratch_Pad     net     weight_col_out[422]     weight_col_out_11__2_
Scratch_Pad     net     weight_col_out[421]     weight_col_out_11__1_
Scratch_Pad     net     weight_col_out[420]     weight_col_out_11__0_
Scratch_Pad     net     weight_col_out[419]     weight_col_out_12__4_
Scratch_Pad     net     weight_col_out[418]     weight_col_out_12__3_
Scratch_Pad     net     weight_col_out[417]     weight_col_out_12__2_
Scratch_Pad     net     weight_col_out[416]     weight_col_out_12__1_
Scratch_Pad     net     weight_col_out[415]     weight_col_out_12__0_
Scratch_Pad     net     weight_col_out[414]     weight_col_out_13__4_
Scratch_Pad     net     weight_col_out[413]     weight_col_out_13__3_
Scratch_Pad     net     weight_col_out[412]     weight_col_out_13__2_
Scratch_Pad     net     weight_col_out[411]     weight_col_out_13__1_
Scratch_Pad     net     weight_col_out[410]     weight_col_out_13__0_
Scratch_Pad     net     weight_col_out[409]     weight_col_out_14__4_
Scratch_Pad     net     weight_col_out[408]     weight_col_out_14__3_
Scratch_Pad     net     weight_col_out[407]     weight_col_out_14__2_
Scratch_Pad     net     weight_col_out[406]     weight_col_out_14__1_
Scratch_Pad     net     weight_col_out[405]     weight_col_out_14__0_
Scratch_Pad     net     weight_col_out[404]     weight_col_out_15__4_
Scratch_Pad     net     weight_col_out[403]     weight_col_out_15__3_
Scratch_Pad     net     weight_col_out[402]     weight_col_out_15__2_
Scratch_Pad     net     weight_col_out[401]     weight_col_out_15__1_
Scratch_Pad     net     weight_col_out[400]     weight_col_out_15__0_
Scratch_Pad     net     weight_col_out[399]     weight_col_out_16__4_
Scratch_Pad     net     weight_col_out[398]     weight_col_out_16__3_
Scratch_Pad     net     weight_col_out[397]     weight_col_out_16__2_
Scratch_Pad     net     weight_col_out[396]     weight_col_out_16__1_
Scratch_Pad     net     weight_col_out[395]     weight_col_out_16__0_
Scratch_Pad     net     weight_col_out[394]     weight_col_out_17__4_
Scratch_Pad     net     weight_col_out[393]     weight_col_out_17__3_
Scratch_Pad     net     weight_col_out[392]     weight_col_out_17__2_
Scratch_Pad     net     weight_col_out[391]     weight_col_out_17__1_
Scratch_Pad     net     weight_col_out[390]     weight_col_out_17__0_
Scratch_Pad     net     weight_col_out[389]     weight_col_out_18__4_
Scratch_Pad     net     weight_col_out[388]     weight_col_out_18__3_
Scratch_Pad     net     weight_col_out[387]     weight_col_out_18__2_
Scratch_Pad     net     weight_col_out[386]     weight_col_out_18__1_
Scratch_Pad     net     weight_col_out[385]     weight_col_out_18__0_
Scratch_Pad     net     weight_col_out[384]     weight_col_out_19__4_
Scratch_Pad     net     weight_col_out[383]     weight_col_out_19__3_
Scratch_Pad     net     weight_col_out[382]     weight_col_out_19__2_
Scratch_Pad     net     weight_col_out[381]     weight_col_out_19__1_
Scratch_Pad     net     weight_col_out[380]     weight_col_out_19__0_
Scratch_Pad     net     weight_col_out[379]     weight_col_out_20__4_
Scratch_Pad     net     weight_col_out[378]     weight_col_out_20__3_
Scratch_Pad     net     weight_col_out[377]     weight_col_out_20__2_
Scratch_Pad     net     weight_col_out[376]     weight_col_out_20__1_
Scratch_Pad     net     weight_col_out[375]     weight_col_out_20__0_
Scratch_Pad     net     weight_col_out[374]     weight_col_out_21__4_
Scratch_Pad     net     weight_col_out[373]     weight_col_out_21__3_
Scratch_Pad     net     weight_col_out[372]     weight_col_out_21__2_
Scratch_Pad     net     weight_col_out[371]     weight_col_out_21__1_
Scratch_Pad     net     weight_col_out[370]     weight_col_out_21__0_
Scratch_Pad     net     weight_col_out[369]     weight_col_out_22__4_
Scratch_Pad     net     weight_col_out[368]     weight_col_out_22__3_
Scratch_Pad     net     weight_col_out[367]     weight_col_out_22__2_
Scratch_Pad     net     weight_col_out[366]     weight_col_out_22__1_
Scratch_Pad     net     weight_col_out[365]     weight_col_out_22__0_
Scratch_Pad     net     weight_col_out[364]     weight_col_out_23__4_
Scratch_Pad     net     weight_col_out[363]     weight_col_out_23__3_
Scratch_Pad     net     weight_col_out[362]     weight_col_out_23__2_
Scratch_Pad     net     weight_col_out[361]     weight_col_out_23__1_
Scratch_Pad     net     weight_col_out[360]     weight_col_out_23__0_
Scratch_Pad     net     weight_col_out[359]     weight_col_out_24__4_
Scratch_Pad     net     weight_col_out[358]     weight_col_out_24__3_
Scratch_Pad     net     weight_col_out[357]     weight_col_out_24__2_
Scratch_Pad     net     weight_col_out[356]     weight_col_out_24__1_
Scratch_Pad     net     weight_col_out[355]     weight_col_out_24__0_
Scratch_Pad     net     weight_col_out[354]     weight_col_out_25__4_
Scratch_Pad     net     weight_col_out[353]     weight_col_out_25__3_
Scratch_Pad     net     weight_col_out[352]     weight_col_out_25__2_
Scratch_Pad     net     weight_col_out[351]     weight_col_out_25__1_
Scratch_Pad     net     weight_col_out[350]     weight_col_out_25__0_
Scratch_Pad     net     weight_col_out[349]     weight_col_out_26__4_
Scratch_Pad     net     weight_col_out[348]     weight_col_out_26__3_
Scratch_Pad     net     weight_col_out[347]     weight_col_out_26__2_
Scratch_Pad     net     weight_col_out[346]     weight_col_out_26__1_
Scratch_Pad     net     weight_col_out[345]     weight_col_out_26__0_
Scratch_Pad     net     weight_col_out[344]     weight_col_out_27__4_
Scratch_Pad     net     weight_col_out[343]     weight_col_out_27__3_
Scratch_Pad     net     weight_col_out[342]     weight_col_out_27__2_
Scratch_Pad     net     weight_col_out[341]     weight_col_out_27__1_
Scratch_Pad     net     weight_col_out[340]     weight_col_out_27__0_
Scratch_Pad     net     weight_col_out[339]     weight_col_out_28__4_
Scratch_Pad     net     weight_col_out[338]     weight_col_out_28__3_
Scratch_Pad     net     weight_col_out[337]     weight_col_out_28__2_
Scratch_Pad     net     weight_col_out[336]     weight_col_out_28__1_
Scratch_Pad     net     weight_col_out[335]     weight_col_out_28__0_
Scratch_Pad     net     weight_col_out[334]     weight_col_out_29__4_
Scratch_Pad     net     weight_col_out[333]     weight_col_out_29__3_
Scratch_Pad     net     weight_col_out[332]     weight_col_out_29__2_
Scratch_Pad     net     weight_col_out[331]     weight_col_out_29__1_
Scratch_Pad     net     weight_col_out[330]     weight_col_out_29__0_
Scratch_Pad     net     weight_col_out[329]     weight_col_out_30__4_
Scratch_Pad     net     weight_col_out[328]     weight_col_out_30__3_
Scratch_Pad     net     weight_col_out[327]     weight_col_out_30__2_
Scratch_Pad     net     weight_col_out[326]     weight_col_out_30__1_
Scratch_Pad     net     weight_col_out[325]     weight_col_out_30__0_
Scratch_Pad     net     weight_col_out[324]     weight_col_out_31__4_
Scratch_Pad     net     weight_col_out[323]     weight_col_out_31__3_
Scratch_Pad     net     weight_col_out[322]     weight_col_out_31__2_
Scratch_Pad     net     weight_col_out[321]     weight_col_out_31__1_
Scratch_Pad     net     weight_col_out[320]     weight_col_out_31__0_
Scratch_Pad     net     weight_col_out[319]     weight_col_out_32__4_
Scratch_Pad     net     weight_col_out[318]     weight_col_out_32__3_
Scratch_Pad     net     weight_col_out[317]     weight_col_out_32__2_
Scratch_Pad     net     weight_col_out[316]     weight_col_out_32__1_
Scratch_Pad     net     weight_col_out[315]     weight_col_out_32__0_
Scratch_Pad     net     weight_col_out[314]     weight_col_out_33__4_
Scratch_Pad     net     weight_col_out[313]     weight_col_out_33__3_
Scratch_Pad     net     weight_col_out[312]     weight_col_out_33__2_
Scratch_Pad     net     weight_col_out[311]     weight_col_out_33__1_
Scratch_Pad     net     weight_col_out[310]     weight_col_out_33__0_
Scratch_Pad     net     weight_col_out[309]     weight_col_out_34__4_
Scratch_Pad     net     weight_col_out[308]     weight_col_out_34__3_
Scratch_Pad     net     weight_col_out[307]     weight_col_out_34__2_
Scratch_Pad     net     weight_col_out[306]     weight_col_out_34__1_
Scratch_Pad     net     weight_col_out[305]     weight_col_out_34__0_
Scratch_Pad     net     weight_col_out[304]     weight_col_out_35__4_
Scratch_Pad     net     weight_col_out[303]     weight_col_out_35__3_
Scratch_Pad     net     weight_col_out[302]     weight_col_out_35__2_
Scratch_Pad     net     weight_col_out[301]     weight_col_out_35__1_
Scratch_Pad     net     weight_col_out[300]     weight_col_out_35__0_
Scratch_Pad     net     weight_col_out[299]     weight_col_out_36__4_
Scratch_Pad     net     weight_col_out[298]     weight_col_out_36__3_
Scratch_Pad     net     weight_col_out[297]     weight_col_out_36__2_
Scratch_Pad     net     weight_col_out[296]     weight_col_out_36__1_
Scratch_Pad     net     weight_col_out[295]     weight_col_out_36__0_
Scratch_Pad     net     weight_col_out[294]     weight_col_out_37__4_
Scratch_Pad     net     weight_col_out[293]     weight_col_out_37__3_
Scratch_Pad     net     weight_col_out[292]     weight_col_out_37__2_
Scratch_Pad     net     weight_col_out[291]     weight_col_out_37__1_
Scratch_Pad     net     weight_col_out[290]     weight_col_out_37__0_
Scratch_Pad     net     weight_col_out[289]     weight_col_out_38__4_
Scratch_Pad     net     weight_col_out[288]     weight_col_out_38__3_
Scratch_Pad     net     weight_col_out[287]     weight_col_out_38__2_
Scratch_Pad     net     weight_col_out[286]     weight_col_out_38__1_
Scratch_Pad     net     weight_col_out[285]     weight_col_out_38__0_
Scratch_Pad     net     weight_col_out[284]     weight_col_out_39__4_
Scratch_Pad     net     weight_col_out[283]     weight_col_out_39__3_
Scratch_Pad     net     weight_col_out[282]     weight_col_out_39__2_
Scratch_Pad     net     weight_col_out[281]     weight_col_out_39__1_
Scratch_Pad     net     weight_col_out[280]     weight_col_out_39__0_
Scratch_Pad     net     weight_col_out[279]     weight_col_out_40__4_
Scratch_Pad     net     weight_col_out[278]     weight_col_out_40__3_
Scratch_Pad     net     weight_col_out[277]     weight_col_out_40__2_
Scratch_Pad     net     weight_col_out[276]     weight_col_out_40__1_
Scratch_Pad     net     weight_col_out[275]     weight_col_out_40__0_
Scratch_Pad     net     weight_col_out[274]     weight_col_out_41__4_
Scratch_Pad     net     weight_col_out[273]     weight_col_out_41__3_
Scratch_Pad     net     weight_col_out[272]     weight_col_out_41__2_
Scratch_Pad     net     weight_col_out[271]     weight_col_out_41__1_
Scratch_Pad     net     weight_col_out[270]     weight_col_out_41__0_
Scratch_Pad     net     weight_col_out[269]     weight_col_out_42__4_
Scratch_Pad     net     weight_col_out[268]     weight_col_out_42__3_
Scratch_Pad     net     weight_col_out[267]     weight_col_out_42__2_
Scratch_Pad     net     weight_col_out[266]     weight_col_out_42__1_
Scratch_Pad     net     weight_col_out[265]     weight_col_out_42__0_
Scratch_Pad     net     weight_col_out[264]     weight_col_out_43__4_
Scratch_Pad     net     weight_col_out[263]     weight_col_out_43__3_
Scratch_Pad     net     weight_col_out[262]     weight_col_out_43__2_
Scratch_Pad     net     weight_col_out[261]     weight_col_out_43__1_
Scratch_Pad     net     weight_col_out[260]     weight_col_out_43__0_
Scratch_Pad     net     weight_col_out[259]     weight_col_out_44__4_
Scratch_Pad     net     weight_col_out[258]     weight_col_out_44__3_
Scratch_Pad     net     weight_col_out[257]     weight_col_out_44__2_
Scratch_Pad     net     weight_col_out[256]     weight_col_out_44__1_
Scratch_Pad     net     weight_col_out[255]     weight_col_out_44__0_
Scratch_Pad     net     weight_col_out[254]     weight_col_out_45__4_
Scratch_Pad     net     weight_col_out[253]     weight_col_out_45__3_
Scratch_Pad     net     weight_col_out[252]     weight_col_out_45__2_
Scratch_Pad     net     weight_col_out[251]     weight_col_out_45__1_
Scratch_Pad     net     weight_col_out[250]     weight_col_out_45__0_
Scratch_Pad     net     weight_col_out[249]     weight_col_out_46__4_
Scratch_Pad     net     weight_col_out[248]     weight_col_out_46__3_
Scratch_Pad     net     weight_col_out[247]     weight_col_out_46__2_
Scratch_Pad     net     weight_col_out[246]     weight_col_out_46__1_
Scratch_Pad     net     weight_col_out[245]     weight_col_out_46__0_
Scratch_Pad     net     weight_col_out[244]     weight_col_out_47__4_
Scratch_Pad     net     weight_col_out[243]     weight_col_out_47__3_
Scratch_Pad     net     weight_col_out[242]     weight_col_out_47__2_
Scratch_Pad     net     weight_col_out[241]     weight_col_out_47__1_
Scratch_Pad     net     weight_col_out[240]     weight_col_out_47__0_
Scratch_Pad     net     weight_col_out[239]     weight_col_out_48__4_
Scratch_Pad     net     weight_col_out[238]     weight_col_out_48__3_
Scratch_Pad     net     weight_col_out[237]     weight_col_out_48__2_
Scratch_Pad     net     weight_col_out[236]     weight_col_out_48__1_
Scratch_Pad     net     weight_col_out[235]     weight_col_out_48__0_
Scratch_Pad     net     weight_col_out[234]     weight_col_out_49__4_
Scratch_Pad     net     weight_col_out[233]     weight_col_out_49__3_
Scratch_Pad     net     weight_col_out[232]     weight_col_out_49__2_
Scratch_Pad     net     weight_col_out[231]     weight_col_out_49__1_
Scratch_Pad     net     weight_col_out[230]     weight_col_out_49__0_
Scratch_Pad     net     weight_col_out[229]     weight_col_out_50__4_
Scratch_Pad     net     weight_col_out[228]     weight_col_out_50__3_
Scratch_Pad     net     weight_col_out[227]     weight_col_out_50__2_
Scratch_Pad     net     weight_col_out[226]     weight_col_out_50__1_
Scratch_Pad     net     weight_col_out[225]     weight_col_out_50__0_
Scratch_Pad     net     weight_col_out[224]     weight_col_out_51__4_
Scratch_Pad     net     weight_col_out[223]     weight_col_out_51__3_
Scratch_Pad     net     weight_col_out[222]     weight_col_out_51__2_
Scratch_Pad     net     weight_col_out[221]     weight_col_out_51__1_
Scratch_Pad     net     weight_col_out[220]     weight_col_out_51__0_
Scratch_Pad     net     weight_col_out[219]     weight_col_out_52__4_
Scratch_Pad     net     weight_col_out[218]     weight_col_out_52__3_
Scratch_Pad     net     weight_col_out[217]     weight_col_out_52__2_
Scratch_Pad     net     weight_col_out[216]     weight_col_out_52__1_
Scratch_Pad     net     weight_col_out[215]     weight_col_out_52__0_
Scratch_Pad     net     weight_col_out[214]     weight_col_out_53__4_
Scratch_Pad     net     weight_col_out[213]     weight_col_out_53__3_
Scratch_Pad     net     weight_col_out[212]     weight_col_out_53__2_
Scratch_Pad     net     weight_col_out[211]     weight_col_out_53__1_
Scratch_Pad     net     weight_col_out[210]     weight_col_out_53__0_
Scratch_Pad     net     weight_col_out[209]     weight_col_out_54__4_
Scratch_Pad     net     weight_col_out[208]     weight_col_out_54__3_
Scratch_Pad     net     weight_col_out[207]     weight_col_out_54__2_
Scratch_Pad     net     weight_col_out[206]     weight_col_out_54__1_
Scratch_Pad     net     weight_col_out[205]     weight_col_out_54__0_
Scratch_Pad     net     weight_col_out[204]     weight_col_out_55__4_
Scratch_Pad     net     weight_col_out[203]     weight_col_out_55__3_
Scratch_Pad     net     weight_col_out[202]     weight_col_out_55__2_
Scratch_Pad     net     weight_col_out[201]     weight_col_out_55__1_
Scratch_Pad     net     weight_col_out[200]     weight_col_out_55__0_
Scratch_Pad     net     weight_col_out[199]     weight_col_out_56__4_
Scratch_Pad     net     weight_col_out[198]     weight_col_out_56__3_
Scratch_Pad     net     weight_col_out[197]     weight_col_out_56__2_
Scratch_Pad     net     weight_col_out[196]     weight_col_out_56__1_
Scratch_Pad     net     weight_col_out[195]     weight_col_out_56__0_
Scratch_Pad     net     weight_col_out[194]     weight_col_out_57__4_
Scratch_Pad     net     weight_col_out[193]     weight_col_out_57__3_
Scratch_Pad     net     weight_col_out[192]     weight_col_out_57__2_
Scratch_Pad     net     weight_col_out[191]     weight_col_out_57__1_
Scratch_Pad     net     weight_col_out[190]     weight_col_out_57__0_
Scratch_Pad     net     weight_col_out[189]     weight_col_out_58__4_
Scratch_Pad     net     weight_col_out[188]     weight_col_out_58__3_
Scratch_Pad     net     weight_col_out[187]     weight_col_out_58__2_
Scratch_Pad     net     weight_col_out[186]     weight_col_out_58__1_
Scratch_Pad     net     weight_col_out[185]     weight_col_out_58__0_
Scratch_Pad     net     weight_col_out[184]     weight_col_out_59__4_
Scratch_Pad     net     weight_col_out[183]     weight_col_out_59__3_
Scratch_Pad     net     weight_col_out[182]     weight_col_out_59__2_
Scratch_Pad     net     weight_col_out[181]     weight_col_out_59__1_
Scratch_Pad     net     weight_col_out[180]     weight_col_out_59__0_
Scratch_Pad     net     weight_col_out[179]     weight_col_out_60__4_
Scratch_Pad     net     weight_col_out[178]     weight_col_out_60__3_
Scratch_Pad     net     weight_col_out[177]     weight_col_out_60__2_
Scratch_Pad     net     weight_col_out[176]     weight_col_out_60__1_
Scratch_Pad     net     weight_col_out[175]     weight_col_out_60__0_
Scratch_Pad     net     weight_col_out[174]     weight_col_out_61__4_
Scratch_Pad     net     weight_col_out[173]     weight_col_out_61__3_
Scratch_Pad     net     weight_col_out[172]     weight_col_out_61__2_
Scratch_Pad     net     weight_col_out[171]     weight_col_out_61__1_
Scratch_Pad     net     weight_col_out[170]     weight_col_out_61__0_
Scratch_Pad     net     weight_col_out[169]     weight_col_out_62__4_
Scratch_Pad     net     weight_col_out[168]     weight_col_out_62__3_
Scratch_Pad     net     weight_col_out[167]     weight_col_out_62__2_
Scratch_Pad     net     weight_col_out[166]     weight_col_out_62__1_
Scratch_Pad     net     weight_col_out[165]     weight_col_out_62__0_
Scratch_Pad     net     weight_col_out[164]     weight_col_out_63__4_
Scratch_Pad     net     weight_col_out[163]     weight_col_out_63__3_
Scratch_Pad     net     weight_col_out[162]     weight_col_out_63__2_
Scratch_Pad     net     weight_col_out[161]     weight_col_out_63__1_
Scratch_Pad     net     weight_col_out[160]     weight_col_out_63__0_
Scratch_Pad     net     weight_col_out[159]     weight_col_out_64__4_
Scratch_Pad     net     weight_col_out[158]     weight_col_out_64__3_
Scratch_Pad     net     weight_col_out[157]     weight_col_out_64__2_
Scratch_Pad     net     weight_col_out[156]     weight_col_out_64__1_
Scratch_Pad     net     weight_col_out[155]     weight_col_out_64__0_
Scratch_Pad     net     weight_col_out[154]     weight_col_out_65__4_
Scratch_Pad     net     weight_col_out[153]     weight_col_out_65__3_
Scratch_Pad     net     weight_col_out[152]     weight_col_out_65__2_
Scratch_Pad     net     weight_col_out[151]     weight_col_out_65__1_
Scratch_Pad     net     weight_col_out[150]     weight_col_out_65__0_
Scratch_Pad     net     weight_col_out[149]     weight_col_out_66__4_
Scratch_Pad     net     weight_col_out[148]     weight_col_out_66__3_
Scratch_Pad     net     weight_col_out[147]     weight_col_out_66__2_
Scratch_Pad     net     weight_col_out[146]     weight_col_out_66__1_
Scratch_Pad     net     weight_col_out[145]     weight_col_out_66__0_
Scratch_Pad     net     weight_col_out[144]     weight_col_out_67__4_
Scratch_Pad     net     weight_col_out[143]     weight_col_out_67__3_
Scratch_Pad     net     weight_col_out[142]     weight_col_out_67__2_
Scratch_Pad     net     weight_col_out[141]     weight_col_out_67__1_
Scratch_Pad     net     weight_col_out[140]     weight_col_out_67__0_
Scratch_Pad     net     weight_col_out[139]     weight_col_out_68__4_
Scratch_Pad     net     weight_col_out[138]     weight_col_out_68__3_
Scratch_Pad     net     weight_col_out[137]     weight_col_out_68__2_
Scratch_Pad     net     weight_col_out[136]     weight_col_out_68__1_
Scratch_Pad     net     weight_col_out[135]     weight_col_out_68__0_
Scratch_Pad     net     weight_col_out[134]     weight_col_out_69__4_
Scratch_Pad     net     weight_col_out[133]     weight_col_out_69__3_
Scratch_Pad     net     weight_col_out[132]     weight_col_out_69__2_
Scratch_Pad     net     weight_col_out[131]     weight_col_out_69__1_
Scratch_Pad     net     weight_col_out[130]     weight_col_out_69__0_
Scratch_Pad     net     weight_col_out[129]     weight_col_out_70__4_
Scratch_Pad     net     weight_col_out[128]     weight_col_out_70__3_
Scratch_Pad     net     weight_col_out[127]     weight_col_out_70__2_
Scratch_Pad     net     weight_col_out[126]     weight_col_out_70__1_
Scratch_Pad     net     weight_col_out[125]     weight_col_out_70__0_
Scratch_Pad     net     weight_col_out[124]     weight_col_out_71__4_
Scratch_Pad     net     weight_col_out[123]     weight_col_out_71__3_
Scratch_Pad     net     weight_col_out[122]     weight_col_out_71__2_
Scratch_Pad     net     weight_col_out[121]     weight_col_out_71__1_
Scratch_Pad     net     weight_col_out[120]     weight_col_out_71__0_
Scratch_Pad     net     weight_col_out[119]     weight_col_out_72__4_
Scratch_Pad     net     weight_col_out[118]     weight_col_out_72__3_
Scratch_Pad     net     weight_col_out[117]     weight_col_out_72__2_
Scratch_Pad     net     weight_col_out[116]     weight_col_out_72__1_
Scratch_Pad     net     weight_col_out[115]     weight_col_out_72__0_
Scratch_Pad     net     weight_col_out[114]     weight_col_out_73__4_
Scratch_Pad     net     weight_col_out[113]     weight_col_out_73__3_
Scratch_Pad     net     weight_col_out[112]     weight_col_out_73__2_
Scratch_Pad     net     weight_col_out[111]     weight_col_out_73__1_
Scratch_Pad     net     weight_col_out[110]     weight_col_out_73__0_
Scratch_Pad     net     weight_col_out[109]     weight_col_out_74__4_
Scratch_Pad     net     weight_col_out[108]     weight_col_out_74__3_
Scratch_Pad     net     weight_col_out[107]     weight_col_out_74__2_
Scratch_Pad     net     weight_col_out[106]     weight_col_out_74__1_
Scratch_Pad     net     weight_col_out[105]     weight_col_out_74__0_
Scratch_Pad     net     weight_col_out[104]     weight_col_out_75__4_
Scratch_Pad     net     weight_col_out[103]     weight_col_out_75__3_
Scratch_Pad     net     weight_col_out[102]     weight_col_out_75__2_
Scratch_Pad     net     weight_col_out[101]     weight_col_out_75__1_
Scratch_Pad     net     weight_col_out[100]     weight_col_out_75__0_
Scratch_Pad     net     weight_col_out[99]      weight_col_out_76__4_
Scratch_Pad     net     weight_col_out[98]      weight_col_out_76__3_
Scratch_Pad     net     weight_col_out[97]      weight_col_out_76__2_
Scratch_Pad     net     weight_col_out[96]      weight_col_out_76__1_
Scratch_Pad     net     weight_col_out[95]      weight_col_out_76__0_
Scratch_Pad     net     weight_col_out[94]      weight_col_out_77__4_
Scratch_Pad     net     weight_col_out[93]      weight_col_out_77__3_
Scratch_Pad     net     weight_col_out[92]      weight_col_out_77__2_
Scratch_Pad     net     weight_col_out[91]      weight_col_out_77__1_
Scratch_Pad     net     weight_col_out[90]      weight_col_out_77__0_
Scratch_Pad     net     weight_col_out[89]      weight_col_out_78__4_
Scratch_Pad     net     weight_col_out[88]      weight_col_out_78__3_
Scratch_Pad     net     weight_col_out[87]      weight_col_out_78__2_
Scratch_Pad     net     weight_col_out[86]      weight_col_out_78__1_
Scratch_Pad     net     weight_col_out[85]      weight_col_out_78__0_
Scratch_Pad     net     weight_col_out[84]      weight_col_out_79__4_
Scratch_Pad     net     weight_col_out[83]      weight_col_out_79__3_
Scratch_Pad     net     weight_col_out[82]      weight_col_out_79__2_
Scratch_Pad     net     weight_col_out[81]      weight_col_out_79__1_
Scratch_Pad     net     weight_col_out[80]      weight_col_out_79__0_
Scratch_Pad     net     weight_col_out[79]      weight_col_out_80__4_
Scratch_Pad     net     weight_col_out[78]      weight_col_out_80__3_
Scratch_Pad     net     weight_col_out[77]      weight_col_out_80__2_
Scratch_Pad     net     weight_col_out[76]      weight_col_out_80__1_
Scratch_Pad     net     weight_col_out[75]      weight_col_out_80__0_
Scratch_Pad     net     weight_col_out[74]      weight_col_out_81__4_
Scratch_Pad     net     weight_col_out[73]      weight_col_out_81__3_
Scratch_Pad     net     weight_col_out[72]      weight_col_out_81__2_
Scratch_Pad     net     weight_col_out[71]      weight_col_out_81__1_
Scratch_Pad     net     weight_col_out[70]      weight_col_out_81__0_
Scratch_Pad     net     weight_col_out[69]      weight_col_out_82__4_
Scratch_Pad     net     weight_col_out[68]      weight_col_out_82__3_
Scratch_Pad     net     weight_col_out[67]      weight_col_out_82__2_
Scratch_Pad     net     weight_col_out[66]      weight_col_out_82__1_
Scratch_Pad     net     weight_col_out[65]      weight_col_out_82__0_
Scratch_Pad     net     weight_col_out[64]      weight_col_out_83__4_
Scratch_Pad     net     weight_col_out[63]      weight_col_out_83__3_
Scratch_Pad     net     weight_col_out[62]      weight_col_out_83__2_
Scratch_Pad     net     weight_col_out[61]      weight_col_out_83__1_
Scratch_Pad     net     weight_col_out[60]      weight_col_out_83__0_
Scratch_Pad     net     weight_col_out[59]      weight_col_out_84__4_
Scratch_Pad     net     weight_col_out[58]      weight_col_out_84__3_
Scratch_Pad     net     weight_col_out[57]      weight_col_out_84__2_
Scratch_Pad     net     weight_col_out[56]      weight_col_out_84__1_
Scratch_Pad     net     weight_col_out[55]      weight_col_out_84__0_
Scratch_Pad     net     weight_col_out[54]      weight_col_out_85__4_
Scratch_Pad     net     weight_col_out[53]      weight_col_out_85__3_
Scratch_Pad     net     weight_col_out[52]      weight_col_out_85__2_
Scratch_Pad     net     weight_col_out[51]      weight_col_out_85__1_
Scratch_Pad     net     weight_col_out[50]      weight_col_out_85__0_
Scratch_Pad     net     weight_col_out[49]      weight_col_out_86__4_
Scratch_Pad     net     weight_col_out[48]      weight_col_out_86__3_
Scratch_Pad     net     weight_col_out[47]      weight_col_out_86__2_
Scratch_Pad     net     weight_col_out[46]      weight_col_out_86__1_
Scratch_Pad     net     weight_col_out[45]      weight_col_out_86__0_
Scratch_Pad     net     weight_col_out[44]      weight_col_out_87__4_
Scratch_Pad     net     weight_col_out[43]      weight_col_out_87__3_
Scratch_Pad     net     weight_col_out[42]      weight_col_out_87__2_
Scratch_Pad     net     weight_col_out[41]      weight_col_out_87__1_
Scratch_Pad     net     weight_col_out[40]      weight_col_out_87__0_
Scratch_Pad     net     weight_col_out[39]      weight_col_out_88__4_
Scratch_Pad     net     weight_col_out[38]      weight_col_out_88__3_
Scratch_Pad     net     weight_col_out[37]      weight_col_out_88__2_
Scratch_Pad     net     weight_col_out[36]      weight_col_out_88__1_
Scratch_Pad     net     weight_col_out[35]      weight_col_out_88__0_
Scratch_Pad     net     weight_col_out[34]      weight_col_out_89__4_
Scratch_Pad     net     weight_col_out[33]      weight_col_out_89__3_
Scratch_Pad     net     weight_col_out[32]      weight_col_out_89__2_
Scratch_Pad     net     weight_col_out[31]      weight_col_out_89__1_
Scratch_Pad     net     weight_col_out[30]      weight_col_out_89__0_
Scratch_Pad     net     weight_col_out[29]      weight_col_out_90__4_
Scratch_Pad     net     weight_col_out[28]      weight_col_out_90__3_
Scratch_Pad     net     weight_col_out[27]      weight_col_out_90__2_
Scratch_Pad     net     weight_col_out[26]      weight_col_out_90__1_
Scratch_Pad     net     weight_col_out[25]      weight_col_out_90__0_
Scratch_Pad     net     weight_col_out[24]      weight_col_out_91__4_
Scratch_Pad     net     weight_col_out[23]      weight_col_out_91__3_
Scratch_Pad     net     weight_col_out[22]      weight_col_out_91__2_
Scratch_Pad     net     weight_col_out[21]      weight_col_out_91__1_
Scratch_Pad     net     weight_col_out[20]      weight_col_out_91__0_
Scratch_Pad     net     weight_col_out[19]      weight_col_out_92__4_
Scratch_Pad     net     weight_col_out[18]      weight_col_out_92__3_
Scratch_Pad     net     weight_col_out[17]      weight_col_out_92__2_
Scratch_Pad     net     weight_col_out[16]      weight_col_out_92__1_
Scratch_Pad     net     weight_col_out[15]      weight_col_out_92__0_
Scratch_Pad     net     weight_col_out[14]      weight_col_out_93__4_
Scratch_Pad     net     weight_col_out[13]      weight_col_out_93__3_
Scratch_Pad     net     weight_col_out[12]      weight_col_out_93__2_
Scratch_Pad     net     weight_col_out[11]      weight_col_out_93__1_
Scratch_Pad     net     weight_col_out[10]      weight_col_out_93__0_
Scratch_Pad     net     weight_col_out[9]       weight_col_out_94__4_
Scratch_Pad     net     weight_col_out[8]       weight_col_out_94__3_
Scratch_Pad     net     weight_col_out[7]       weight_col_out_94__2_
Scratch_Pad     net     weight_col_out[6]       weight_col_out_94__1_
Scratch_Pad     net     weight_col_out[5]       weight_col_out_94__0_
Scratch_Pad     net     weight_col_out[4]       weight_col_out_95__4_
Scratch_Pad     net     weight_col_out[3]       weight_col_out_95__3_
Scratch_Pad     net     weight_col_out[2]       weight_col_out_95__2_
Scratch_Pad     net     weight_col_out[1]       weight_col_out_95__1_
Scratch_Pad     net     weight_col_out[0]       weight_col_out_95__0_
Scratch_Pad     net     weight_col_in[479]      weight_col_in_0__4_
Scratch_Pad     net     weight_col_in[478]      weight_col_in_0__3_
Scratch_Pad     net     weight_col_in[477]      weight_col_in_0__2_
Scratch_Pad     net     weight_col_in[476]      weight_col_in_0__1_
Scratch_Pad     net     weight_col_in[475]      weight_col_in_0__0_
Scratch_Pad     net     weight_col_in[474]      weight_col_in_1__4_
Scratch_Pad     net     weight_col_in[473]      weight_col_in_1__3_
Scratch_Pad     net     weight_col_in[472]      weight_col_in_1__2_
Scratch_Pad     net     weight_col_in[471]      weight_col_in_1__1_
Scratch_Pad     net     weight_col_in[470]      weight_col_in_1__0_
Scratch_Pad     net     weight_col_in[469]      weight_col_in_2__4_
Scratch_Pad     net     weight_col_in[468]      weight_col_in_2__3_
Scratch_Pad     net     weight_col_in[467]      weight_col_in_2__2_
Scratch_Pad     net     weight_col_in[466]      weight_col_in_2__1_
Scratch_Pad     net     weight_col_in[465]      weight_col_in_2__0_
Scratch_Pad     net     weight_col_in[464]      weight_col_in_3__4_
Scratch_Pad     net     weight_col_in[463]      weight_col_in_3__3_
Scratch_Pad     net     weight_col_in[462]      weight_col_in_3__2_
Scratch_Pad     net     weight_col_in[461]      weight_col_in_3__1_
Scratch_Pad     net     weight_col_in[460]      weight_col_in_3__0_
Scratch_Pad     net     weight_col_in[459]      weight_col_in_4__4_
Scratch_Pad     net     weight_col_in[458]      weight_col_in_4__3_
Scratch_Pad     net     weight_col_in[457]      weight_col_in_4__2_
Scratch_Pad     net     weight_col_in[456]      weight_col_in_4__1_
Scratch_Pad     net     weight_col_in[455]      weight_col_in_4__0_
Scratch_Pad     net     weight_col_in[454]      weight_col_in_5__4_
Scratch_Pad     net     weight_col_in[453]      weight_col_in_5__3_
Scratch_Pad     net     weight_col_in[452]      weight_col_in_5__2_
Scratch_Pad     net     weight_col_in[451]      weight_col_in_5__1_
Scratch_Pad     net     weight_col_in[450]      weight_col_in_5__0_
Scratch_Pad     net     weight_col_in[449]      weight_col_in_6__4_
Scratch_Pad     net     weight_col_in[448]      weight_col_in_6__3_
Scratch_Pad     net     weight_col_in[447]      weight_col_in_6__2_
Scratch_Pad     net     weight_col_in[446]      weight_col_in_6__1_
Scratch_Pad     net     weight_col_in[445]      weight_col_in_6__0_
Scratch_Pad     net     weight_col_in[444]      weight_col_in_7__4_
Scratch_Pad     net     weight_col_in[443]      weight_col_in_7__3_
Scratch_Pad     net     weight_col_in[442]      weight_col_in_7__2_
Scratch_Pad     net     weight_col_in[441]      weight_col_in_7__1_
Scratch_Pad     net     weight_col_in[440]      weight_col_in_7__0_
Scratch_Pad     net     weight_col_in[439]      weight_col_in_8__4_
Scratch_Pad     net     weight_col_in[438]      weight_col_in_8__3_
Scratch_Pad     net     weight_col_in[437]      weight_col_in_8__2_
Scratch_Pad     net     weight_col_in[436]      weight_col_in_8__1_
Scratch_Pad     net     weight_col_in[435]      weight_col_in_8__0_
Scratch_Pad     net     weight_col_in[434]      weight_col_in_9__4_
Scratch_Pad     net     weight_col_in[433]      weight_col_in_9__3_
Scratch_Pad     net     weight_col_in[432]      weight_col_in_9__2_
Scratch_Pad     net     weight_col_in[431]      weight_col_in_9__1_
Scratch_Pad     net     weight_col_in[430]      weight_col_in_9__0_
Scratch_Pad     net     weight_col_in[429]      weight_col_in_10__4_
Scratch_Pad     net     weight_col_in[428]      weight_col_in_10__3_
Scratch_Pad     net     weight_col_in[427]      weight_col_in_10__2_
Scratch_Pad     net     weight_col_in[426]      weight_col_in_10__1_
Scratch_Pad     net     weight_col_in[425]      weight_col_in_10__0_
Scratch_Pad     net     weight_col_in[424]      weight_col_in_11__4_
Scratch_Pad     net     weight_col_in[423]      weight_col_in_11__3_
Scratch_Pad     net     weight_col_in[422]      weight_col_in_11__2_
Scratch_Pad     net     weight_col_in[421]      weight_col_in_11__1_
Scratch_Pad     net     weight_col_in[420]      weight_col_in_11__0_
Scratch_Pad     net     weight_col_in[419]      weight_col_in_12__4_
Scratch_Pad     net     weight_col_in[418]      weight_col_in_12__3_
Scratch_Pad     net     weight_col_in[417]      weight_col_in_12__2_
Scratch_Pad     net     weight_col_in[416]      weight_col_in_12__1_
Scratch_Pad     net     weight_col_in[415]      weight_col_in_12__0_
Scratch_Pad     net     weight_col_in[414]      weight_col_in_13__4_
Scratch_Pad     net     weight_col_in[413]      weight_col_in_13__3_
Scratch_Pad     net     weight_col_in[412]      weight_col_in_13__2_
Scratch_Pad     net     weight_col_in[411]      weight_col_in_13__1_
Scratch_Pad     net     weight_col_in[410]      weight_col_in_13__0_
Scratch_Pad     net     weight_col_in[409]      weight_col_in_14__4_
Scratch_Pad     net     weight_col_in[408]      weight_col_in_14__3_
Scratch_Pad     net     weight_col_in[407]      weight_col_in_14__2_
Scratch_Pad     net     weight_col_in[406]      weight_col_in_14__1_
Scratch_Pad     net     weight_col_in[405]      weight_col_in_14__0_
Scratch_Pad     net     weight_col_in[404]      weight_col_in_15__4_
Scratch_Pad     net     weight_col_in[403]      weight_col_in_15__3_
Scratch_Pad     net     weight_col_in[402]      weight_col_in_15__2_
Scratch_Pad     net     weight_col_in[401]      weight_col_in_15__1_
Scratch_Pad     net     weight_col_in[400]      weight_col_in_15__0_
Scratch_Pad     net     weight_col_in[399]      weight_col_in_16__4_
Scratch_Pad     net     weight_col_in[398]      weight_col_in_16__3_
Scratch_Pad     net     weight_col_in[397]      weight_col_in_16__2_
Scratch_Pad     net     weight_col_in[396]      weight_col_in_16__1_
Scratch_Pad     net     weight_col_in[395]      weight_col_in_16__0_
Scratch_Pad     net     weight_col_in[394]      weight_col_in_17__4_
Scratch_Pad     net     weight_col_in[393]      weight_col_in_17__3_
Scratch_Pad     net     weight_col_in[392]      weight_col_in_17__2_
Scratch_Pad     net     weight_col_in[391]      weight_col_in_17__1_
Scratch_Pad     net     weight_col_in[390]      weight_col_in_17__0_
Scratch_Pad     net     weight_col_in[389]      weight_col_in_18__4_
Scratch_Pad     net     weight_col_in[388]      weight_col_in_18__3_
Scratch_Pad     net     weight_col_in[387]      weight_col_in_18__2_
Scratch_Pad     net     weight_col_in[386]      weight_col_in_18__1_
Scratch_Pad     net     weight_col_in[385]      weight_col_in_18__0_
Scratch_Pad     net     weight_col_in[384]      weight_col_in_19__4_
Scratch_Pad     net     weight_col_in[383]      weight_col_in_19__3_
Scratch_Pad     net     weight_col_in[382]      weight_col_in_19__2_
Scratch_Pad     net     weight_col_in[381]      weight_col_in_19__1_
Scratch_Pad     net     weight_col_in[380]      weight_col_in_19__0_
Scratch_Pad     net     weight_col_in[379]      weight_col_in_20__4_
Scratch_Pad     net     weight_col_in[378]      weight_col_in_20__3_
Scratch_Pad     net     weight_col_in[377]      weight_col_in_20__2_
Scratch_Pad     net     weight_col_in[376]      weight_col_in_20__1_
Scratch_Pad     net     weight_col_in[375]      weight_col_in_20__0_
Scratch_Pad     net     weight_col_in[374]      weight_col_in_21__4_
Scratch_Pad     net     weight_col_in[373]      weight_col_in_21__3_
Scratch_Pad     net     weight_col_in[372]      weight_col_in_21__2_
Scratch_Pad     net     weight_col_in[371]      weight_col_in_21__1_
Scratch_Pad     net     weight_col_in[370]      weight_col_in_21__0_
Scratch_Pad     net     weight_col_in[369]      weight_col_in_22__4_
Scratch_Pad     net     weight_col_in[368]      weight_col_in_22__3_
Scratch_Pad     net     weight_col_in[367]      weight_col_in_22__2_
Scratch_Pad     net     weight_col_in[366]      weight_col_in_22__1_
Scratch_Pad     net     weight_col_in[365]      weight_col_in_22__0_
Scratch_Pad     net     weight_col_in[364]      weight_col_in_23__4_
Scratch_Pad     net     weight_col_in[363]      weight_col_in_23__3_
Scratch_Pad     net     weight_col_in[362]      weight_col_in_23__2_
Scratch_Pad     net     weight_col_in[361]      weight_col_in_23__1_
Scratch_Pad     net     weight_col_in[360]      weight_col_in_23__0_
Scratch_Pad     net     weight_col_in[359]      weight_col_in_24__4_
Scratch_Pad     net     weight_col_in[358]      weight_col_in_24__3_
Scratch_Pad     net     weight_col_in[357]      weight_col_in_24__2_
Scratch_Pad     net     weight_col_in[356]      weight_col_in_24__1_
Scratch_Pad     net     weight_col_in[355]      weight_col_in_24__0_
Scratch_Pad     net     weight_col_in[354]      weight_col_in_25__4_
Scratch_Pad     net     weight_col_in[353]      weight_col_in_25__3_
Scratch_Pad     net     weight_col_in[352]      weight_col_in_25__2_
Scratch_Pad     net     weight_col_in[351]      weight_col_in_25__1_
Scratch_Pad     net     weight_col_in[350]      weight_col_in_25__0_
Scratch_Pad     net     weight_col_in[349]      weight_col_in_26__4_
Scratch_Pad     net     weight_col_in[348]      weight_col_in_26__3_
Scratch_Pad     net     weight_col_in[347]      weight_col_in_26__2_
Scratch_Pad     net     weight_col_in[346]      weight_col_in_26__1_
Scratch_Pad     net     weight_col_in[345]      weight_col_in_26__0_
Scratch_Pad     net     weight_col_in[344]      weight_col_in_27__4_
Scratch_Pad     net     weight_col_in[343]      weight_col_in_27__3_
Scratch_Pad     net     weight_col_in[342]      weight_col_in_27__2_
Scratch_Pad     net     weight_col_in[341]      weight_col_in_27__1_
Scratch_Pad     net     weight_col_in[340]      weight_col_in_27__0_
Scratch_Pad     net     weight_col_in[339]      weight_col_in_28__4_
Scratch_Pad     net     weight_col_in[338]      weight_col_in_28__3_
Scratch_Pad     net     weight_col_in[337]      weight_col_in_28__2_
Scratch_Pad     net     weight_col_in[336]      weight_col_in_28__1_
Scratch_Pad     net     weight_col_in[335]      weight_col_in_28__0_
Scratch_Pad     net     weight_col_in[334]      weight_col_in_29__4_
Scratch_Pad     net     weight_col_in[333]      weight_col_in_29__3_
Scratch_Pad     net     weight_col_in[332]      weight_col_in_29__2_
Scratch_Pad     net     weight_col_in[331]      weight_col_in_29__1_
Scratch_Pad     net     weight_col_in[330]      weight_col_in_29__0_
Scratch_Pad     net     weight_col_in[329]      weight_col_in_30__4_
Scratch_Pad     net     weight_col_in[328]      weight_col_in_30__3_
Scratch_Pad     net     weight_col_in[327]      weight_col_in_30__2_
Scratch_Pad     net     weight_col_in[326]      weight_col_in_30__1_
Scratch_Pad     net     weight_col_in[325]      weight_col_in_30__0_
Scratch_Pad     net     weight_col_in[324]      weight_col_in_31__4_
Scratch_Pad     net     weight_col_in[323]      weight_col_in_31__3_
Scratch_Pad     net     weight_col_in[322]      weight_col_in_31__2_
Scratch_Pad     net     weight_col_in[321]      weight_col_in_31__1_
Scratch_Pad     net     weight_col_in[320]      weight_col_in_31__0_
Scratch_Pad     net     weight_col_in[319]      weight_col_in_32__4_
Scratch_Pad     net     weight_col_in[318]      weight_col_in_32__3_
Scratch_Pad     net     weight_col_in[317]      weight_col_in_32__2_
Scratch_Pad     net     weight_col_in[316]      weight_col_in_32__1_
Scratch_Pad     net     weight_col_in[315]      weight_col_in_32__0_
Scratch_Pad     net     weight_col_in[314]      weight_col_in_33__4_
Scratch_Pad     net     weight_col_in[313]      weight_col_in_33__3_
Scratch_Pad     net     weight_col_in[312]      weight_col_in_33__2_
Scratch_Pad     net     weight_col_in[311]      weight_col_in_33__1_
Scratch_Pad     net     weight_col_in[310]      weight_col_in_33__0_
Scratch_Pad     net     weight_col_in[309]      weight_col_in_34__4_
Scratch_Pad     net     weight_col_in[308]      weight_col_in_34__3_
Scratch_Pad     net     weight_col_in[307]      weight_col_in_34__2_
Scratch_Pad     net     weight_col_in[306]      weight_col_in_34__1_
Scratch_Pad     net     weight_col_in[305]      weight_col_in_34__0_
Scratch_Pad     net     weight_col_in[304]      weight_col_in_35__4_
Scratch_Pad     net     weight_col_in[303]      weight_col_in_35__3_
Scratch_Pad     net     weight_col_in[302]      weight_col_in_35__2_
Scratch_Pad     net     weight_col_in[301]      weight_col_in_35__1_
Scratch_Pad     net     weight_col_in[300]      weight_col_in_35__0_
Scratch_Pad     net     weight_col_in[299]      weight_col_in_36__4_
Scratch_Pad     net     weight_col_in[298]      weight_col_in_36__3_
Scratch_Pad     net     weight_col_in[297]      weight_col_in_36__2_
Scratch_Pad     net     weight_col_in[296]      weight_col_in_36__1_
Scratch_Pad     net     weight_col_in[295]      weight_col_in_36__0_
Scratch_Pad     net     weight_col_in[294]      weight_col_in_37__4_
Scratch_Pad     net     weight_col_in[293]      weight_col_in_37__3_
Scratch_Pad     net     weight_col_in[292]      weight_col_in_37__2_
Scratch_Pad     net     weight_col_in[291]      weight_col_in_37__1_
Scratch_Pad     net     weight_col_in[290]      weight_col_in_37__0_
Scratch_Pad     net     weight_col_in[289]      weight_col_in_38__4_
Scratch_Pad     net     weight_col_in[288]      weight_col_in_38__3_
Scratch_Pad     net     weight_col_in[287]      weight_col_in_38__2_
Scratch_Pad     net     weight_col_in[286]      weight_col_in_38__1_
Scratch_Pad     net     weight_col_in[285]      weight_col_in_38__0_
Scratch_Pad     net     weight_col_in[284]      weight_col_in_39__4_
Scratch_Pad     net     weight_col_in[283]      weight_col_in_39__3_
Scratch_Pad     net     weight_col_in[282]      weight_col_in_39__2_
Scratch_Pad     net     weight_col_in[281]      weight_col_in_39__1_
Scratch_Pad     net     weight_col_in[280]      weight_col_in_39__0_
Scratch_Pad     net     weight_col_in[279]      weight_col_in_40__4_
Scratch_Pad     net     weight_col_in[278]      weight_col_in_40__3_
Scratch_Pad     net     weight_col_in[277]      weight_col_in_40__2_
Scratch_Pad     net     weight_col_in[276]      weight_col_in_40__1_
Scratch_Pad     net     weight_col_in[275]      weight_col_in_40__0_
Scratch_Pad     net     weight_col_in[274]      weight_col_in_41__4_
Scratch_Pad     net     weight_col_in[273]      weight_col_in_41__3_
Scratch_Pad     net     weight_col_in[272]      weight_col_in_41__2_
Scratch_Pad     net     weight_col_in[271]      weight_col_in_41__1_
Scratch_Pad     net     weight_col_in[270]      weight_col_in_41__0_
Scratch_Pad     net     weight_col_in[269]      weight_col_in_42__4_
Scratch_Pad     net     weight_col_in[268]      weight_col_in_42__3_
Scratch_Pad     net     weight_col_in[267]      weight_col_in_42__2_
Scratch_Pad     net     weight_col_in[266]      weight_col_in_42__1_
Scratch_Pad     net     weight_col_in[265]      weight_col_in_42__0_
Scratch_Pad     net     weight_col_in[264]      weight_col_in_43__4_
Scratch_Pad     net     weight_col_in[263]      weight_col_in_43__3_
Scratch_Pad     net     weight_col_in[262]      weight_col_in_43__2_
Scratch_Pad     net     weight_col_in[261]      weight_col_in_43__1_
Scratch_Pad     net     weight_col_in[260]      weight_col_in_43__0_
Scratch_Pad     net     weight_col_in[259]      weight_col_in_44__4_
Scratch_Pad     net     weight_col_in[258]      weight_col_in_44__3_
Scratch_Pad     net     weight_col_in[257]      weight_col_in_44__2_
Scratch_Pad     net     weight_col_in[256]      weight_col_in_44__1_
Scratch_Pad     net     weight_col_in[255]      weight_col_in_44__0_
Scratch_Pad     net     weight_col_in[254]      weight_col_in_45__4_
Scratch_Pad     net     weight_col_in[253]      weight_col_in_45__3_
Scratch_Pad     net     weight_col_in[252]      weight_col_in_45__2_
Scratch_Pad     net     weight_col_in[251]      weight_col_in_45__1_
Scratch_Pad     net     weight_col_in[250]      weight_col_in_45__0_
Scratch_Pad     net     weight_col_in[249]      weight_col_in_46__4_
Scratch_Pad     net     weight_col_in[248]      weight_col_in_46__3_
Scratch_Pad     net     weight_col_in[247]      weight_col_in_46__2_
Scratch_Pad     net     weight_col_in[246]      weight_col_in_46__1_
Scratch_Pad     net     weight_col_in[245]      weight_col_in_46__0_
Scratch_Pad     net     weight_col_in[244]      weight_col_in_47__4_
Scratch_Pad     net     weight_col_in[243]      weight_col_in_47__3_
Scratch_Pad     net     weight_col_in[242]      weight_col_in_47__2_
Scratch_Pad     net     weight_col_in[241]      weight_col_in_47__1_
Scratch_Pad     net     weight_col_in[240]      weight_col_in_47__0_
Scratch_Pad     net     weight_col_in[239]      weight_col_in_48__4_
Scratch_Pad     net     weight_col_in[238]      weight_col_in_48__3_
Scratch_Pad     net     weight_col_in[237]      weight_col_in_48__2_
Scratch_Pad     net     weight_col_in[236]      weight_col_in_48__1_
Scratch_Pad     net     weight_col_in[235]      weight_col_in_48__0_
Scratch_Pad     net     weight_col_in[234]      weight_col_in_49__4_
Scratch_Pad     net     weight_col_in[233]      weight_col_in_49__3_
Scratch_Pad     net     weight_col_in[232]      weight_col_in_49__2_
Scratch_Pad     net     weight_col_in[231]      weight_col_in_49__1_
Scratch_Pad     net     weight_col_in[230]      weight_col_in_49__0_
Scratch_Pad     net     weight_col_in[229]      weight_col_in_50__4_
Scratch_Pad     net     weight_col_in[228]      weight_col_in_50__3_
Scratch_Pad     net     weight_col_in[227]      weight_col_in_50__2_
Scratch_Pad     net     weight_col_in[226]      weight_col_in_50__1_
Scratch_Pad     net     weight_col_in[225]      weight_col_in_50__0_
Scratch_Pad     net     weight_col_in[224]      weight_col_in_51__4_
Scratch_Pad     net     weight_col_in[223]      weight_col_in_51__3_
Scratch_Pad     net     weight_col_in[222]      weight_col_in_51__2_
Scratch_Pad     net     weight_col_in[221]      weight_col_in_51__1_
Scratch_Pad     net     weight_col_in[220]      weight_col_in_51__0_
Scratch_Pad     net     weight_col_in[219]      weight_col_in_52__4_
Scratch_Pad     net     weight_col_in[218]      weight_col_in_52__3_
Scratch_Pad     net     weight_col_in[217]      weight_col_in_52__2_
Scratch_Pad     net     weight_col_in[216]      weight_col_in_52__1_
Scratch_Pad     net     weight_col_in[215]      weight_col_in_52__0_
Scratch_Pad     net     weight_col_in[214]      weight_col_in_53__4_
Scratch_Pad     net     weight_col_in[213]      weight_col_in_53__3_
Scratch_Pad     net     weight_col_in[212]      weight_col_in_53__2_
Scratch_Pad     net     weight_col_in[211]      weight_col_in_53__1_
Scratch_Pad     net     weight_col_in[210]      weight_col_in_53__0_
Scratch_Pad     net     weight_col_in[209]      weight_col_in_54__4_
Scratch_Pad     net     weight_col_in[208]      weight_col_in_54__3_
Scratch_Pad     net     weight_col_in[207]      weight_col_in_54__2_
Scratch_Pad     net     weight_col_in[206]      weight_col_in_54__1_
Scratch_Pad     net     weight_col_in[205]      weight_col_in_54__0_
Scratch_Pad     net     weight_col_in[204]      weight_col_in_55__4_
Scratch_Pad     net     weight_col_in[203]      weight_col_in_55__3_
Scratch_Pad     net     weight_col_in[202]      weight_col_in_55__2_
Scratch_Pad     net     weight_col_in[201]      weight_col_in_55__1_
Scratch_Pad     net     weight_col_in[200]      weight_col_in_55__0_
Scratch_Pad     net     weight_col_in[199]      weight_col_in_56__4_
Scratch_Pad     net     weight_col_in[198]      weight_col_in_56__3_
Scratch_Pad     net     weight_col_in[197]      weight_col_in_56__2_
Scratch_Pad     net     weight_col_in[196]      weight_col_in_56__1_
Scratch_Pad     net     weight_col_in[195]      weight_col_in_56__0_
Scratch_Pad     net     weight_col_in[194]      weight_col_in_57__4_
Scratch_Pad     net     weight_col_in[193]      weight_col_in_57__3_
Scratch_Pad     net     weight_col_in[192]      weight_col_in_57__2_
Scratch_Pad     net     weight_col_in[191]      weight_col_in_57__1_
Scratch_Pad     net     weight_col_in[190]      weight_col_in_57__0_
Scratch_Pad     net     weight_col_in[189]      weight_col_in_58__4_
Scratch_Pad     net     weight_col_in[188]      weight_col_in_58__3_
Scratch_Pad     net     weight_col_in[187]      weight_col_in_58__2_
Scratch_Pad     net     weight_col_in[186]      weight_col_in_58__1_
Scratch_Pad     net     weight_col_in[185]      weight_col_in_58__0_
Scratch_Pad     net     weight_col_in[184]      weight_col_in_59__4_
Scratch_Pad     net     weight_col_in[183]      weight_col_in_59__3_
Scratch_Pad     net     weight_col_in[182]      weight_col_in_59__2_
Scratch_Pad     net     weight_col_in[181]      weight_col_in_59__1_
Scratch_Pad     net     weight_col_in[180]      weight_col_in_59__0_
Scratch_Pad     net     weight_col_in[179]      weight_col_in_60__4_
Scratch_Pad     net     weight_col_in[178]      weight_col_in_60__3_
Scratch_Pad     net     weight_col_in[177]      weight_col_in_60__2_
Scratch_Pad     net     weight_col_in[176]      weight_col_in_60__1_
Scratch_Pad     net     weight_col_in[175]      weight_col_in_60__0_
Scratch_Pad     net     weight_col_in[174]      weight_col_in_61__4_
Scratch_Pad     net     weight_col_in[173]      weight_col_in_61__3_
Scratch_Pad     net     weight_col_in[172]      weight_col_in_61__2_
Scratch_Pad     net     weight_col_in[171]      weight_col_in_61__1_
Scratch_Pad     net     weight_col_in[170]      weight_col_in_61__0_
Scratch_Pad     net     weight_col_in[169]      weight_col_in_62__4_
Scratch_Pad     net     weight_col_in[168]      weight_col_in_62__3_
Scratch_Pad     net     weight_col_in[167]      weight_col_in_62__2_
Scratch_Pad     net     weight_col_in[166]      weight_col_in_62__1_
Scratch_Pad     net     weight_col_in[165]      weight_col_in_62__0_
Scratch_Pad     net     weight_col_in[164]      weight_col_in_63__4_
Scratch_Pad     net     weight_col_in[163]      weight_col_in_63__3_
Scratch_Pad     net     weight_col_in[162]      weight_col_in_63__2_
Scratch_Pad     net     weight_col_in[161]      weight_col_in_63__1_
Scratch_Pad     net     weight_col_in[160]      weight_col_in_63__0_
Scratch_Pad     net     weight_col_in[159]      weight_col_in_64__4_
Scratch_Pad     net     weight_col_in[158]      weight_col_in_64__3_
Scratch_Pad     net     weight_col_in[157]      weight_col_in_64__2_
Scratch_Pad     net     weight_col_in[156]      weight_col_in_64__1_
Scratch_Pad     net     weight_col_in[155]      weight_col_in_64__0_
Scratch_Pad     net     weight_col_in[154]      weight_col_in_65__4_
Scratch_Pad     net     weight_col_in[153]      weight_col_in_65__3_
Scratch_Pad     net     weight_col_in[152]      weight_col_in_65__2_
Scratch_Pad     net     weight_col_in[151]      weight_col_in_65__1_
Scratch_Pad     net     weight_col_in[150]      weight_col_in_65__0_
Scratch_Pad     net     weight_col_in[149]      weight_col_in_66__4_
Scratch_Pad     net     weight_col_in[148]      weight_col_in_66__3_
Scratch_Pad     net     weight_col_in[147]      weight_col_in_66__2_
Scratch_Pad     net     weight_col_in[146]      weight_col_in_66__1_
Scratch_Pad     net     weight_col_in[145]      weight_col_in_66__0_
Scratch_Pad     net     weight_col_in[144]      weight_col_in_67__4_
Scratch_Pad     net     weight_col_in[143]      weight_col_in_67__3_
Scratch_Pad     net     weight_col_in[142]      weight_col_in_67__2_
Scratch_Pad     net     weight_col_in[141]      weight_col_in_67__1_
Scratch_Pad     net     weight_col_in[140]      weight_col_in_67__0_
Scratch_Pad     net     weight_col_in[139]      weight_col_in_68__4_
Scratch_Pad     net     weight_col_in[138]      weight_col_in_68__3_
Scratch_Pad     net     weight_col_in[137]      weight_col_in_68__2_
Scratch_Pad     net     weight_col_in[136]      weight_col_in_68__1_
Scratch_Pad     net     weight_col_in[135]      weight_col_in_68__0_
Scratch_Pad     net     weight_col_in[134]      weight_col_in_69__4_
Scratch_Pad     net     weight_col_in[133]      weight_col_in_69__3_
Scratch_Pad     net     weight_col_in[132]      weight_col_in_69__2_
Scratch_Pad     net     weight_col_in[131]      weight_col_in_69__1_
Scratch_Pad     net     weight_col_in[130]      weight_col_in_69__0_
Scratch_Pad     net     weight_col_in[129]      weight_col_in_70__4_
Scratch_Pad     net     weight_col_in[128]      weight_col_in_70__3_
Scratch_Pad     net     weight_col_in[127]      weight_col_in_70__2_
Scratch_Pad     net     weight_col_in[126]      weight_col_in_70__1_
Scratch_Pad     net     weight_col_in[125]      weight_col_in_70__0_
Scratch_Pad     net     weight_col_in[124]      weight_col_in_71__4_
Scratch_Pad     net     weight_col_in[123]      weight_col_in_71__3_
Scratch_Pad     net     weight_col_in[122]      weight_col_in_71__2_
Scratch_Pad     net     weight_col_in[121]      weight_col_in_71__1_
Scratch_Pad     net     weight_col_in[120]      weight_col_in_71__0_
Scratch_Pad     net     weight_col_in[119]      weight_col_in_72__4_
Scratch_Pad     net     weight_col_in[118]      weight_col_in_72__3_
Scratch_Pad     net     weight_col_in[117]      weight_col_in_72__2_
Scratch_Pad     net     weight_col_in[116]      weight_col_in_72__1_
Scratch_Pad     net     weight_col_in[115]      weight_col_in_72__0_
Scratch_Pad     net     weight_col_in[114]      weight_col_in_73__4_
Scratch_Pad     net     weight_col_in[113]      weight_col_in_73__3_
Scratch_Pad     net     weight_col_in[112]      weight_col_in_73__2_
Scratch_Pad     net     weight_col_in[111]      weight_col_in_73__1_
Scratch_Pad     net     weight_col_in[110]      weight_col_in_73__0_
Scratch_Pad     net     weight_col_in[109]      weight_col_in_74__4_
Scratch_Pad     net     weight_col_in[108]      weight_col_in_74__3_
Scratch_Pad     net     weight_col_in[107]      weight_col_in_74__2_
Scratch_Pad     net     weight_col_in[106]      weight_col_in_74__1_
Scratch_Pad     net     weight_col_in[105]      weight_col_in_74__0_
Scratch_Pad     net     weight_col_in[104]      weight_col_in_75__4_
Scratch_Pad     net     weight_col_in[103]      weight_col_in_75__3_
Scratch_Pad     net     weight_col_in[102]      weight_col_in_75__2_
Scratch_Pad     net     weight_col_in[101]      weight_col_in_75__1_
Scratch_Pad     net     weight_col_in[100]      weight_col_in_75__0_
Scratch_Pad     net     weight_col_in[99]       weight_col_in_76__4_
Scratch_Pad     net     weight_col_in[98]       weight_col_in_76__3_
Scratch_Pad     net     weight_col_in[97]       weight_col_in_76__2_
Scratch_Pad     net     weight_col_in[96]       weight_col_in_76__1_
Scratch_Pad     net     weight_col_in[95]       weight_col_in_76__0_
Scratch_Pad     net     weight_col_in[94]       weight_col_in_77__4_
Scratch_Pad     net     weight_col_in[93]       weight_col_in_77__3_
Scratch_Pad     net     weight_col_in[92]       weight_col_in_77__2_
Scratch_Pad     net     weight_col_in[91]       weight_col_in_77__1_
Scratch_Pad     net     weight_col_in[90]       weight_col_in_77__0_
Scratch_Pad     net     weight_col_in[89]       weight_col_in_78__4_
Scratch_Pad     net     weight_col_in[88]       weight_col_in_78__3_
Scratch_Pad     net     weight_col_in[87]       weight_col_in_78__2_
Scratch_Pad     net     weight_col_in[86]       weight_col_in_78__1_
Scratch_Pad     net     weight_col_in[85]       weight_col_in_78__0_
Scratch_Pad     net     weight_col_in[84]       weight_col_in_79__4_
Scratch_Pad     net     weight_col_in[83]       weight_col_in_79__3_
Scratch_Pad     net     weight_col_in[82]       weight_col_in_79__2_
Scratch_Pad     net     weight_col_in[81]       weight_col_in_79__1_
Scratch_Pad     net     weight_col_in[80]       weight_col_in_79__0_
Scratch_Pad     net     weight_col_in[79]       weight_col_in_80__4_
Scratch_Pad     net     weight_col_in[78]       weight_col_in_80__3_
Scratch_Pad     net     weight_col_in[77]       weight_col_in_80__2_
Scratch_Pad     net     weight_col_in[76]       weight_col_in_80__1_
Scratch_Pad     net     weight_col_in[75]       weight_col_in_80__0_
Scratch_Pad     net     weight_col_in[74]       weight_col_in_81__4_
Scratch_Pad     net     weight_col_in[73]       weight_col_in_81__3_
Scratch_Pad     net     weight_col_in[72]       weight_col_in_81__2_
Scratch_Pad     net     weight_col_in[71]       weight_col_in_81__1_
Scratch_Pad     net     weight_col_in[70]       weight_col_in_81__0_
Scratch_Pad     net     weight_col_in[69]       weight_col_in_82__4_
Scratch_Pad     net     weight_col_in[68]       weight_col_in_82__3_
Scratch_Pad     net     weight_col_in[67]       weight_col_in_82__2_
Scratch_Pad     net     weight_col_in[66]       weight_col_in_82__1_
Scratch_Pad     net     weight_col_in[65]       weight_col_in_82__0_
Scratch_Pad     net     weight_col_in[64]       weight_col_in_83__4_
Scratch_Pad     net     weight_col_in[63]       weight_col_in_83__3_
Scratch_Pad     net     weight_col_in[62]       weight_col_in_83__2_
Scratch_Pad     net     weight_col_in[61]       weight_col_in_83__1_
Scratch_Pad     net     weight_col_in[60]       weight_col_in_83__0_
Scratch_Pad     net     weight_col_in[59]       weight_col_in_84__4_
Scratch_Pad     net     weight_col_in[58]       weight_col_in_84__3_
Scratch_Pad     net     weight_col_in[57]       weight_col_in_84__2_
Scratch_Pad     net     weight_col_in[56]       weight_col_in_84__1_
Scratch_Pad     net     weight_col_in[55]       weight_col_in_84__0_
Scratch_Pad     net     weight_col_in[54]       weight_col_in_85__4_
Scratch_Pad     net     weight_col_in[53]       weight_col_in_85__3_
Scratch_Pad     net     weight_col_in[52]       weight_col_in_85__2_
Scratch_Pad     net     weight_col_in[51]       weight_col_in_85__1_
Scratch_Pad     net     weight_col_in[50]       weight_col_in_85__0_
Scratch_Pad     net     weight_col_in[49]       weight_col_in_86__4_
Scratch_Pad     net     weight_col_in[48]       weight_col_in_86__3_
Scratch_Pad     net     weight_col_in[47]       weight_col_in_86__2_
Scratch_Pad     net     weight_col_in[46]       weight_col_in_86__1_
Scratch_Pad     net     weight_col_in[45]       weight_col_in_86__0_
Scratch_Pad     net     weight_col_in[44]       weight_col_in_87__4_
Scratch_Pad     net     weight_col_in[43]       weight_col_in_87__3_
Scratch_Pad     net     weight_col_in[42]       weight_col_in_87__2_
Scratch_Pad     net     weight_col_in[41]       weight_col_in_87__1_
Scratch_Pad     net     weight_col_in[40]       weight_col_in_87__0_
Scratch_Pad     net     weight_col_in[39]       weight_col_in_88__4_
Scratch_Pad     net     weight_col_in[38]       weight_col_in_88__3_
Scratch_Pad     net     weight_col_in[37]       weight_col_in_88__2_
Scratch_Pad     net     weight_col_in[36]       weight_col_in_88__1_
Scratch_Pad     net     weight_col_in[35]       weight_col_in_88__0_
Scratch_Pad     net     weight_col_in[34]       weight_col_in_89__4_
Scratch_Pad     net     weight_col_in[33]       weight_col_in_89__3_
Scratch_Pad     net     weight_col_in[32]       weight_col_in_89__2_
Scratch_Pad     net     weight_col_in[31]       weight_col_in_89__1_
Scratch_Pad     net     weight_col_in[30]       weight_col_in_89__0_
Scratch_Pad     net     weight_col_in[29]       weight_col_in_90__4_
Scratch_Pad     net     weight_col_in[28]       weight_col_in_90__3_
Scratch_Pad     net     weight_col_in[27]       weight_col_in_90__2_
Scratch_Pad     net     weight_col_in[26]       weight_col_in_90__1_
Scratch_Pad     net     weight_col_in[25]       weight_col_in_90__0_
Scratch_Pad     net     weight_col_in[24]       weight_col_in_91__4_
Scratch_Pad     net     weight_col_in[23]       weight_col_in_91__3_
Scratch_Pad     net     weight_col_in[22]       weight_col_in_91__2_
Scratch_Pad     net     weight_col_in[21]       weight_col_in_91__1_
Scratch_Pad     net     weight_col_in[20]       weight_col_in_91__0_
Scratch_Pad     net     weight_col_in[19]       weight_col_in_92__4_
Scratch_Pad     net     weight_col_in[18]       weight_col_in_92__3_
Scratch_Pad     net     weight_col_in[17]       weight_col_in_92__2_
Scratch_Pad     net     weight_col_in[16]       weight_col_in_92__1_
Scratch_Pad     net     weight_col_in[15]       weight_col_in_92__0_
Scratch_Pad     net     weight_col_in[14]       weight_col_in_93__4_
Scratch_Pad     net     weight_col_in[13]       weight_col_in_93__3_
Scratch_Pad     net     weight_col_in[12]       weight_col_in_93__2_
Scratch_Pad     net     weight_col_in[11]       weight_col_in_93__1_
Scratch_Pad     net     weight_col_in[10]       weight_col_in_93__0_
Scratch_Pad     net     weight_col_in[9]        weight_col_in_94__4_
Scratch_Pad     net     weight_col_in[8]        weight_col_in_94__3_
Scratch_Pad     net     weight_col_in[7]        weight_col_in_94__2_
Scratch_Pad     net     weight_col_in[6]        weight_col_in_94__1_
Scratch_Pad     net     weight_col_in[5]        weight_col_in_94__0_
Scratch_Pad     net     weight_col_in[4]        weight_col_in_95__4_
Scratch_Pad     net     weight_col_in[3]        weight_col_in_95__3_
Scratch_Pad     net     weight_col_in[2]        weight_col_in_95__2_
Scratch_Pad     net     weight_col_in[1]        weight_col_in_95__1_
Scratch_Pad     net     weight_col_in[0]        weight_col_in_95__0_
Enhanced_Memory_Unit port fm_wm_row_out[0][15]  fm_wm_row_out_0__15_
Enhanced_Memory_Unit port fm_wm_row_out[0][14]  fm_wm_row_out_0__14_
Enhanced_Memory_Unit port fm_wm_row_out[0][13]  fm_wm_row_out_0__13_
Enhanced_Memory_Unit port fm_wm_row_out[0][12]  fm_wm_row_out_0__12_
Enhanced_Memory_Unit port fm_wm_row_out[0][11]  fm_wm_row_out_0__11_
Enhanced_Memory_Unit port fm_wm_row_out[0][10]  fm_wm_row_out_0__10_
Enhanced_Memory_Unit port fm_wm_row_out[0][9]   fm_wm_row_out_0__9_
Enhanced_Memory_Unit port fm_wm_row_out[0][8]   fm_wm_row_out_0__8_
Enhanced_Memory_Unit port fm_wm_row_out[0][7]   fm_wm_row_out_0__7_
Enhanced_Memory_Unit port fm_wm_row_out[0][6]   fm_wm_row_out_0__6_
Enhanced_Memory_Unit port fm_wm_row_out[0][5]   fm_wm_row_out_0__5_
Enhanced_Memory_Unit port fm_wm_row_out[0][4]   fm_wm_row_out_0__4_
Enhanced_Memory_Unit port fm_wm_row_out[0][3]   fm_wm_row_out_0__3_
Enhanced_Memory_Unit port fm_wm_row_out[0][2]   fm_wm_row_out_0__2_
Enhanced_Memory_Unit port fm_wm_row_out[0][1]   fm_wm_row_out_0__1_
Enhanced_Memory_Unit port fm_wm_row_out[0][0]   fm_wm_row_out_0__0_
Enhanced_Memory_Unit port fm_wm_row_out[1][15]  fm_wm_row_out_1__15_
Enhanced_Memory_Unit port fm_wm_row_out[1][14]  fm_wm_row_out_1__14_
Enhanced_Memory_Unit port fm_wm_row_out[1][13]  fm_wm_row_out_1__13_
Enhanced_Memory_Unit port fm_wm_row_out[1][12]  fm_wm_row_out_1__12_
Enhanced_Memory_Unit port fm_wm_row_out[1][11]  fm_wm_row_out_1__11_
Enhanced_Memory_Unit port fm_wm_row_out[1][10]  fm_wm_row_out_1__10_
Enhanced_Memory_Unit port fm_wm_row_out[1][9]   fm_wm_row_out_1__9_
Enhanced_Memory_Unit port fm_wm_row_out[1][8]   fm_wm_row_out_1__8_
Enhanced_Memory_Unit port fm_wm_row_out[1][7]   fm_wm_row_out_1__7_
Enhanced_Memory_Unit port fm_wm_row_out[1][6]   fm_wm_row_out_1__6_
Enhanced_Memory_Unit port fm_wm_row_out[1][5]   fm_wm_row_out_1__5_
Enhanced_Memory_Unit port fm_wm_row_out[1][4]   fm_wm_row_out_1__4_
Enhanced_Memory_Unit port fm_wm_row_out[1][3]   fm_wm_row_out_1__3_
Enhanced_Memory_Unit port fm_wm_row_out[1][2]   fm_wm_row_out_1__2_
Enhanced_Memory_Unit port fm_wm_row_out[1][1]   fm_wm_row_out_1__1_
Enhanced_Memory_Unit port fm_wm_row_out[1][0]   fm_wm_row_out_1__0_
Enhanced_Memory_Unit port fm_wm_row_out[2][15]  fm_wm_row_out_2__15_
Enhanced_Memory_Unit port fm_wm_row_out[2][14]  fm_wm_row_out_2__14_
Enhanced_Memory_Unit port fm_wm_row_out[2][13]  fm_wm_row_out_2__13_
Enhanced_Memory_Unit port fm_wm_row_out[2][12]  fm_wm_row_out_2__12_
Enhanced_Memory_Unit port fm_wm_row_out[2][11]  fm_wm_row_out_2__11_
Enhanced_Memory_Unit port fm_wm_row_out[2][10]  fm_wm_row_out_2__10_
Enhanced_Memory_Unit port fm_wm_row_out[2][9]   fm_wm_row_out_2__9_
Enhanced_Memory_Unit port fm_wm_row_out[2][8]   fm_wm_row_out_2__8_
Enhanced_Memory_Unit port fm_wm_row_out[2][7]   fm_wm_row_out_2__7_
Enhanced_Memory_Unit port fm_wm_row_out[2][6]   fm_wm_row_out_2__6_
Enhanced_Memory_Unit port fm_wm_row_out[2][5]   fm_wm_row_out_2__5_
Enhanced_Memory_Unit port fm_wm_row_out[2][4]   fm_wm_row_out_2__4_
Enhanced_Memory_Unit port fm_wm_row_out[2][3]   fm_wm_row_out_2__3_
Enhanced_Memory_Unit port fm_wm_row_out[2][2]   fm_wm_row_out_2__2_
Enhanced_Memory_Unit port fm_wm_row_out[2][1]   fm_wm_row_out_2__1_
Enhanced_Memory_Unit port fm_wm_row_out[2][0]   fm_wm_row_out_2__0_
Enhanced_Memory_Unit port fm_wm_row_out[3][15]  fm_wm_row_out_3__15_
Enhanced_Memory_Unit port fm_wm_row_out[3][14]  fm_wm_row_out_3__14_
Enhanced_Memory_Unit port fm_wm_row_out[3][13]  fm_wm_row_out_3__13_
Enhanced_Memory_Unit port fm_wm_row_out[3][12]  fm_wm_row_out_3__12_
Enhanced_Memory_Unit port fm_wm_row_out[3][11]  fm_wm_row_out_3__11_
Enhanced_Memory_Unit port fm_wm_row_out[3][10]  fm_wm_row_out_3__10_
Enhanced_Memory_Unit port fm_wm_row_out[3][9]   fm_wm_row_out_3__9_
Enhanced_Memory_Unit port fm_wm_row_out[3][8]   fm_wm_row_out_3__8_
Enhanced_Memory_Unit port fm_wm_row_out[3][7]   fm_wm_row_out_3__7_
Enhanced_Memory_Unit port fm_wm_row_out[3][6]   fm_wm_row_out_3__6_
Enhanced_Memory_Unit port fm_wm_row_out[3][5]   fm_wm_row_out_3__5_
Enhanced_Memory_Unit port fm_wm_row_out[3][4]   fm_wm_row_out_3__4_
Enhanced_Memory_Unit port fm_wm_row_out[3][3]   fm_wm_row_out_3__3_
Enhanced_Memory_Unit port fm_wm_row_out[3][2]   fm_wm_row_out_3__2_
Enhanced_Memory_Unit port fm_wm_row_out[3][1]   fm_wm_row_out_3__1_
Enhanced_Memory_Unit port fm_wm_row_out[3][0]   fm_wm_row_out_3__0_
Enhanced_Memory_Unit port fm_wm_row_out[4][15]  fm_wm_row_out_4__15_
Enhanced_Memory_Unit port fm_wm_row_out[4][14]  fm_wm_row_out_4__14_
Enhanced_Memory_Unit port fm_wm_row_out[4][13]  fm_wm_row_out_4__13_
Enhanced_Memory_Unit port fm_wm_row_out[4][12]  fm_wm_row_out_4__12_
Enhanced_Memory_Unit port fm_wm_row_out[4][11]  fm_wm_row_out_4__11_
Enhanced_Memory_Unit port fm_wm_row_out[4][10]  fm_wm_row_out_4__10_
Enhanced_Memory_Unit port fm_wm_row_out[4][9]   fm_wm_row_out_4__9_
Enhanced_Memory_Unit port fm_wm_row_out[4][8]   fm_wm_row_out_4__8_
Enhanced_Memory_Unit port fm_wm_row_out[4][7]   fm_wm_row_out_4__7_
Enhanced_Memory_Unit port fm_wm_row_out[4][6]   fm_wm_row_out_4__6_
Enhanced_Memory_Unit port fm_wm_row_out[4][5]   fm_wm_row_out_4__5_
Enhanced_Memory_Unit port fm_wm_row_out[4][4]   fm_wm_row_out_4__4_
Enhanced_Memory_Unit port fm_wm_row_out[4][3]   fm_wm_row_out_4__3_
Enhanced_Memory_Unit port fm_wm_row_out[4][2]   fm_wm_row_out_4__2_
Enhanced_Memory_Unit port fm_wm_row_out[4][1]   fm_wm_row_out_4__1_
Enhanced_Memory_Unit port fm_wm_row_out[4][0]   fm_wm_row_out_4__0_
Enhanced_Memory_Unit port fm_wm_row_out[5][15]  fm_wm_row_out_5__15_
Enhanced_Memory_Unit port fm_wm_row_out[5][14]  fm_wm_row_out_5__14_
Enhanced_Memory_Unit port fm_wm_row_out[5][13]  fm_wm_row_out_5__13_
Enhanced_Memory_Unit port fm_wm_row_out[5][12]  fm_wm_row_out_5__12_
Enhanced_Memory_Unit port fm_wm_row_out[5][11]  fm_wm_row_out_5__11_
Enhanced_Memory_Unit port fm_wm_row_out[5][10]  fm_wm_row_out_5__10_
Enhanced_Memory_Unit port fm_wm_row_out[5][9]   fm_wm_row_out_5__9_
Enhanced_Memory_Unit port fm_wm_row_out[5][8]   fm_wm_row_out_5__8_
Enhanced_Memory_Unit port fm_wm_row_out[5][7]   fm_wm_row_out_5__7_
Enhanced_Memory_Unit port fm_wm_row_out[5][6]   fm_wm_row_out_5__6_
Enhanced_Memory_Unit port fm_wm_row_out[5][5]   fm_wm_row_out_5__5_
Enhanced_Memory_Unit port fm_wm_row_out[5][4]   fm_wm_row_out_5__4_
Enhanced_Memory_Unit port fm_wm_row_out[5][3]   fm_wm_row_out_5__3_
Enhanced_Memory_Unit port fm_wm_row_out[5][2]   fm_wm_row_out_5__2_
Enhanced_Memory_Unit port fm_wm_row_out[5][1]   fm_wm_row_out_5__1_
Enhanced_Memory_Unit port fm_wm_row_out[5][0]   fm_wm_row_out_5__0_
Enhanced_Memory_Unit cell mem_reg[0][15]        mem_reg_0__15_
Enhanced_Memory_Unit cell mem_reg[0][14]        mem_reg_0__14_
Enhanced_Memory_Unit cell mem_reg[0][13]        mem_reg_0__13_
Enhanced_Memory_Unit cell mem_reg[0][12]        mem_reg_0__12_
Enhanced_Memory_Unit cell mem_reg[0][11]        mem_reg_0__11_
Enhanced_Memory_Unit cell mem_reg[0][10]        mem_reg_0__10_
Enhanced_Memory_Unit cell mem_reg[0][9]         mem_reg_0__9_
Enhanced_Memory_Unit cell mem_reg[0][8]         mem_reg_0__8_
Enhanced_Memory_Unit cell mem_reg[0][7]         mem_reg_0__7_
Enhanced_Memory_Unit cell mem_reg[0][6]         mem_reg_0__6_
Enhanced_Memory_Unit cell mem_reg[0][5]         mem_reg_0__5_
Enhanced_Memory_Unit cell mem_reg[0][4]         mem_reg_0__4_
Enhanced_Memory_Unit cell mem_reg[0][3]         mem_reg_0__3_
Enhanced_Memory_Unit cell mem_reg[0][2]         mem_reg_0__2_
Enhanced_Memory_Unit cell mem_reg[0][1]         mem_reg_0__1_
Enhanced_Memory_Unit cell mem_reg[0][0]         mem_reg_0__0_
Enhanced_Memory_Unit cell mem_reg[1][15]        mem_reg_1__15_
Enhanced_Memory_Unit cell mem_reg[1][14]        mem_reg_1__14_
Enhanced_Memory_Unit cell mem_reg[1][13]        mem_reg_1__13_
Enhanced_Memory_Unit cell mem_reg[1][12]        mem_reg_1__12_
Enhanced_Memory_Unit cell mem_reg[1][11]        mem_reg_1__11_
Enhanced_Memory_Unit cell mem_reg[1][10]        mem_reg_1__10_
Enhanced_Memory_Unit cell mem_reg[1][9]         mem_reg_1__9_
Enhanced_Memory_Unit cell mem_reg[1][8]         mem_reg_1__8_
Enhanced_Memory_Unit cell mem_reg[1][7]         mem_reg_1__7_
Enhanced_Memory_Unit cell mem_reg[1][6]         mem_reg_1__6_
Enhanced_Memory_Unit cell mem_reg[1][5]         mem_reg_1__5_
Enhanced_Memory_Unit cell mem_reg[1][4]         mem_reg_1__4_
Enhanced_Memory_Unit cell mem_reg[1][3]         mem_reg_1__3_
Enhanced_Memory_Unit cell mem_reg[1][2]         mem_reg_1__2_
Enhanced_Memory_Unit cell mem_reg[1][1]         mem_reg_1__1_
Enhanced_Memory_Unit cell mem_reg[1][0]         mem_reg_1__0_
Enhanced_Memory_Unit cell mem_reg[2][15]        mem_reg_2__15_
Enhanced_Memory_Unit cell mem_reg[2][14]        mem_reg_2__14_
Enhanced_Memory_Unit cell mem_reg[2][13]        mem_reg_2__13_
Enhanced_Memory_Unit cell mem_reg[2][12]        mem_reg_2__12_
Enhanced_Memory_Unit cell mem_reg[2][11]        mem_reg_2__11_
Enhanced_Memory_Unit cell mem_reg[2][10]        mem_reg_2__10_
Enhanced_Memory_Unit cell mem_reg[2][9]         mem_reg_2__9_
Enhanced_Memory_Unit cell mem_reg[2][8]         mem_reg_2__8_
Enhanced_Memory_Unit cell mem_reg[2][7]         mem_reg_2__7_
Enhanced_Memory_Unit cell mem_reg[2][6]         mem_reg_2__6_
Enhanced_Memory_Unit cell mem_reg[2][5]         mem_reg_2__5_
Enhanced_Memory_Unit cell mem_reg[2][4]         mem_reg_2__4_
Enhanced_Memory_Unit cell mem_reg[2][3]         mem_reg_2__3_
Enhanced_Memory_Unit cell mem_reg[2][2]         mem_reg_2__2_
Enhanced_Memory_Unit cell mem_reg[2][1]         mem_reg_2__1_
Enhanced_Memory_Unit cell mem_reg[2][0]         mem_reg_2__0_
Enhanced_Memory_Unit cell mem_reg[3][15]        mem_reg_3__15_
Enhanced_Memory_Unit cell mem_reg[3][14]        mem_reg_3__14_
Enhanced_Memory_Unit cell mem_reg[3][13]        mem_reg_3__13_
Enhanced_Memory_Unit cell mem_reg[3][12]        mem_reg_3__12_
Enhanced_Memory_Unit cell mem_reg[3][11]        mem_reg_3__11_
Enhanced_Memory_Unit cell mem_reg[3][10]        mem_reg_3__10_
Enhanced_Memory_Unit cell mem_reg[3][9]         mem_reg_3__9_
Enhanced_Memory_Unit cell mem_reg[3][8]         mem_reg_3__8_
Enhanced_Memory_Unit cell mem_reg[3][7]         mem_reg_3__7_
Enhanced_Memory_Unit cell mem_reg[3][6]         mem_reg_3__6_
Enhanced_Memory_Unit cell mem_reg[3][5]         mem_reg_3__5_
Enhanced_Memory_Unit cell mem_reg[3][4]         mem_reg_3__4_
Enhanced_Memory_Unit cell mem_reg[3][3]         mem_reg_3__3_
Enhanced_Memory_Unit cell mem_reg[3][2]         mem_reg_3__2_
Enhanced_Memory_Unit cell mem_reg[3][1]         mem_reg_3__1_
Enhanced_Memory_Unit cell mem_reg[3][0]         mem_reg_3__0_
Enhanced_Memory_Unit cell mem_reg[4][15]        mem_reg_4__15_
Enhanced_Memory_Unit cell mem_reg[4][14]        mem_reg_4__14_
Enhanced_Memory_Unit cell mem_reg[4][13]        mem_reg_4__13_
Enhanced_Memory_Unit cell mem_reg[4][12]        mem_reg_4__12_
Enhanced_Memory_Unit cell mem_reg[4][11]        mem_reg_4__11_
Enhanced_Memory_Unit cell mem_reg[4][10]        mem_reg_4__10_
Enhanced_Memory_Unit cell mem_reg[4][9]         mem_reg_4__9_
Enhanced_Memory_Unit cell mem_reg[4][8]         mem_reg_4__8_
Enhanced_Memory_Unit cell mem_reg[4][7]         mem_reg_4__7_
Enhanced_Memory_Unit cell mem_reg[4][6]         mem_reg_4__6_
Enhanced_Memory_Unit cell mem_reg[4][5]         mem_reg_4__5_
Enhanced_Memory_Unit cell mem_reg[4][4]         mem_reg_4__4_
Enhanced_Memory_Unit cell mem_reg[4][3]         mem_reg_4__3_
Enhanced_Memory_Unit cell mem_reg[4][2]         mem_reg_4__2_
Enhanced_Memory_Unit cell mem_reg[4][1]         mem_reg_4__1_
Enhanced_Memory_Unit cell mem_reg[4][0]         mem_reg_4__0_
Enhanced_Memory_Unit cell mem_reg[5][15]        mem_reg_5__15_
Enhanced_Memory_Unit cell mem_reg[5][14]        mem_reg_5__14_
Enhanced_Memory_Unit cell mem_reg[5][13]        mem_reg_5__13_
Enhanced_Memory_Unit cell mem_reg[5][12]        mem_reg_5__12_
Enhanced_Memory_Unit cell mem_reg[5][11]        mem_reg_5__11_
Enhanced_Memory_Unit cell mem_reg[5][10]        mem_reg_5__10_
Enhanced_Memory_Unit cell mem_reg[5][9]         mem_reg_5__9_
Enhanced_Memory_Unit cell mem_reg[5][8]         mem_reg_5__8_
Enhanced_Memory_Unit cell mem_reg[5][7]         mem_reg_5__7_
Enhanced_Memory_Unit cell mem_reg[5][6]         mem_reg_5__6_
Enhanced_Memory_Unit cell mem_reg[5][5]         mem_reg_5__5_
Enhanced_Memory_Unit cell mem_reg[5][4]         mem_reg_5__4_
Enhanced_Memory_Unit cell mem_reg[5][3]         mem_reg_5__3_
Enhanced_Memory_Unit cell mem_reg[5][2]         mem_reg_5__2_
Enhanced_Memory_Unit cell mem_reg[5][1]         mem_reg_5__1_
Enhanced_Memory_Unit cell mem_reg[5][0]         mem_reg_5__0_
Enhanced_Memory_Unit cell secondary_count_reg[0] secondary_count_reg_0_
Enhanced_Memory_Unit cell secondary_count_reg[1] secondary_count_reg_1_
Enhanced_Memory_Unit cell secondary_count_reg[2] secondary_count_reg_2_
Enhanced_Memory_Unit cell primary_count_reg[0]  primary_count_reg_0_
Enhanced_Memory_Unit cell primary_count_reg[1]  primary_count_reg_1_
Enhanced_Memory_Unit cell primary_count_reg[2]  primary_count_reg_2_
Enhanced_Memory_Unit net fm_wm_row_out[95]      fm_wm_row_out_0__15_
Enhanced_Memory_Unit net fm_wm_row_out[94]      fm_wm_row_out_0__14_
Enhanced_Memory_Unit net fm_wm_row_out[93]      fm_wm_row_out_0__13_
Enhanced_Memory_Unit net fm_wm_row_out[92]      fm_wm_row_out_0__12_
Enhanced_Memory_Unit net fm_wm_row_out[91]      fm_wm_row_out_0__11_
Enhanced_Memory_Unit net fm_wm_row_out[90]      fm_wm_row_out_0__10_
Enhanced_Memory_Unit net fm_wm_row_out[89]      fm_wm_row_out_0__9_
Enhanced_Memory_Unit net fm_wm_row_out[88]      fm_wm_row_out_0__8_
Enhanced_Memory_Unit net fm_wm_row_out[87]      fm_wm_row_out_0__7_
Enhanced_Memory_Unit net fm_wm_row_out[86]      fm_wm_row_out_0__6_
Enhanced_Memory_Unit net fm_wm_row_out[85]      fm_wm_row_out_0__5_
Enhanced_Memory_Unit net fm_wm_row_out[84]      fm_wm_row_out_0__4_
Enhanced_Memory_Unit net fm_wm_row_out[83]      fm_wm_row_out_0__3_
Enhanced_Memory_Unit net fm_wm_row_out[82]      fm_wm_row_out_0__2_
Enhanced_Memory_Unit net fm_wm_row_out[81]      fm_wm_row_out_0__1_
Enhanced_Memory_Unit net fm_wm_row_out[80]      fm_wm_row_out_0__0_
Enhanced_Memory_Unit net fm_wm_row_out[79]      fm_wm_row_out_1__15_
Enhanced_Memory_Unit net fm_wm_row_out[78]      fm_wm_row_out_1__14_
Enhanced_Memory_Unit net fm_wm_row_out[77]      fm_wm_row_out_1__13_
Enhanced_Memory_Unit net fm_wm_row_out[76]      fm_wm_row_out_1__12_
Enhanced_Memory_Unit net fm_wm_row_out[75]      fm_wm_row_out_1__11_
Enhanced_Memory_Unit net fm_wm_row_out[74]      fm_wm_row_out_1__10_
Enhanced_Memory_Unit net fm_wm_row_out[73]      fm_wm_row_out_1__9_
Enhanced_Memory_Unit net fm_wm_row_out[72]      fm_wm_row_out_1__8_
Enhanced_Memory_Unit net fm_wm_row_out[71]      fm_wm_row_out_1__7_
Enhanced_Memory_Unit net fm_wm_row_out[70]      fm_wm_row_out_1__6_
Enhanced_Memory_Unit net fm_wm_row_out[69]      fm_wm_row_out_1__5_
Enhanced_Memory_Unit net fm_wm_row_out[68]      fm_wm_row_out_1__4_
Enhanced_Memory_Unit net fm_wm_row_out[67]      fm_wm_row_out_1__3_
Enhanced_Memory_Unit net fm_wm_row_out[66]      fm_wm_row_out_1__2_
Enhanced_Memory_Unit net fm_wm_row_out[65]      fm_wm_row_out_1__1_
Enhanced_Memory_Unit net fm_wm_row_out[64]      fm_wm_row_out_1__0_
Enhanced_Memory_Unit net fm_wm_row_out[63]      fm_wm_row_out_2__15_
Enhanced_Memory_Unit net fm_wm_row_out[62]      fm_wm_row_out_2__14_
Enhanced_Memory_Unit net fm_wm_row_out[61]      fm_wm_row_out_2__13_
Enhanced_Memory_Unit net fm_wm_row_out[60]      fm_wm_row_out_2__12_
Enhanced_Memory_Unit net fm_wm_row_out[59]      fm_wm_row_out_2__11_
Enhanced_Memory_Unit net fm_wm_row_out[58]      fm_wm_row_out_2__10_
Enhanced_Memory_Unit net fm_wm_row_out[57]      fm_wm_row_out_2__9_
Enhanced_Memory_Unit net fm_wm_row_out[56]      fm_wm_row_out_2__8_
Enhanced_Memory_Unit net fm_wm_row_out[55]      fm_wm_row_out_2__7_
Enhanced_Memory_Unit net fm_wm_row_out[54]      fm_wm_row_out_2__6_
Enhanced_Memory_Unit net fm_wm_row_out[53]      fm_wm_row_out_2__5_
Enhanced_Memory_Unit net fm_wm_row_out[52]      fm_wm_row_out_2__4_
Enhanced_Memory_Unit net fm_wm_row_out[51]      fm_wm_row_out_2__3_
Enhanced_Memory_Unit net fm_wm_row_out[50]      fm_wm_row_out_2__2_
Enhanced_Memory_Unit net fm_wm_row_out[49]      fm_wm_row_out_2__1_
Enhanced_Memory_Unit net fm_wm_row_out[48]      fm_wm_row_out_2__0_
Enhanced_Memory_Unit net fm_wm_row_out[47]      fm_wm_row_out_3__15_
Enhanced_Memory_Unit net fm_wm_row_out[46]      fm_wm_row_out_3__14_
Enhanced_Memory_Unit net fm_wm_row_out[45]      fm_wm_row_out_3__13_
Enhanced_Memory_Unit net fm_wm_row_out[44]      fm_wm_row_out_3__12_
Enhanced_Memory_Unit net fm_wm_row_out[43]      fm_wm_row_out_3__11_
Enhanced_Memory_Unit net fm_wm_row_out[42]      fm_wm_row_out_3__10_
Enhanced_Memory_Unit net fm_wm_row_out[41]      fm_wm_row_out_3__9_
Enhanced_Memory_Unit net fm_wm_row_out[40]      fm_wm_row_out_3__8_
Enhanced_Memory_Unit net fm_wm_row_out[39]      fm_wm_row_out_3__7_
Enhanced_Memory_Unit net fm_wm_row_out[38]      fm_wm_row_out_3__6_
Enhanced_Memory_Unit net fm_wm_row_out[37]      fm_wm_row_out_3__5_
Enhanced_Memory_Unit net fm_wm_row_out[36]      fm_wm_row_out_3__4_
Enhanced_Memory_Unit net fm_wm_row_out[35]      fm_wm_row_out_3__3_
Enhanced_Memory_Unit net fm_wm_row_out[34]      fm_wm_row_out_3__2_
Enhanced_Memory_Unit net fm_wm_row_out[33]      fm_wm_row_out_3__1_
Enhanced_Memory_Unit net fm_wm_row_out[32]      fm_wm_row_out_3__0_
Enhanced_Memory_Unit net fm_wm_row_out[31]      fm_wm_row_out_4__15_
Enhanced_Memory_Unit net fm_wm_row_out[30]      fm_wm_row_out_4__14_
Enhanced_Memory_Unit net fm_wm_row_out[29]      fm_wm_row_out_4__13_
Enhanced_Memory_Unit net fm_wm_row_out[28]      fm_wm_row_out_4__12_
Enhanced_Memory_Unit net fm_wm_row_out[27]      fm_wm_row_out_4__11_
Enhanced_Memory_Unit net fm_wm_row_out[26]      fm_wm_row_out_4__10_
Enhanced_Memory_Unit net fm_wm_row_out[25]      fm_wm_row_out_4__9_
Enhanced_Memory_Unit net fm_wm_row_out[24]      fm_wm_row_out_4__8_
Enhanced_Memory_Unit net fm_wm_row_out[23]      fm_wm_row_out_4__7_
Enhanced_Memory_Unit net fm_wm_row_out[22]      fm_wm_row_out_4__6_
Enhanced_Memory_Unit net fm_wm_row_out[21]      fm_wm_row_out_4__5_
Enhanced_Memory_Unit net fm_wm_row_out[20]      fm_wm_row_out_4__4_
Enhanced_Memory_Unit net fm_wm_row_out[19]      fm_wm_row_out_4__3_
Enhanced_Memory_Unit net fm_wm_row_out[18]      fm_wm_row_out_4__2_
Enhanced_Memory_Unit net fm_wm_row_out[17]      fm_wm_row_out_4__1_
Enhanced_Memory_Unit net fm_wm_row_out[16]      fm_wm_row_out_4__0_
Enhanced_Memory_Unit net fm_wm_row_out[15]      fm_wm_row_out_5__15_
Enhanced_Memory_Unit net fm_wm_row_out[14]      fm_wm_row_out_5__14_
Enhanced_Memory_Unit net fm_wm_row_out[13]      fm_wm_row_out_5__13_
Enhanced_Memory_Unit net fm_wm_row_out[12]      fm_wm_row_out_5__12_
Enhanced_Memory_Unit net fm_wm_row_out[11]      fm_wm_row_out_5__11_
Enhanced_Memory_Unit net fm_wm_row_out[10]      fm_wm_row_out_5__10_
Enhanced_Memory_Unit net fm_wm_row_out[9]       fm_wm_row_out_5__9_
Enhanced_Memory_Unit net fm_wm_row_out[8]       fm_wm_row_out_5__8_
Enhanced_Memory_Unit net fm_wm_row_out[7]       fm_wm_row_out_5__7_
Enhanced_Memory_Unit net fm_wm_row_out[6]       fm_wm_row_out_5__6_
Enhanced_Memory_Unit net fm_wm_row_out[5]       fm_wm_row_out_5__5_
Enhanced_Memory_Unit net fm_wm_row_out[4]       fm_wm_row_out_5__4_
Enhanced_Memory_Unit net fm_wm_row_out[3]       fm_wm_row_out_5__3_
Enhanced_Memory_Unit net fm_wm_row_out[2]       fm_wm_row_out_5__2_
Enhanced_Memory_Unit net fm_wm_row_out[1]       fm_wm_row_out_5__1_
Enhanced_Memory_Unit net fm_wm_row_out[0]       fm_wm_row_out_5__0_
Enhanced_Memory_Unit net n74                    n740
Enhanced_Memory_Unit net n75                    n750
Enhanced_Memory_Unit net n76                    n760
1
# Generate structural verilog netlist
write_file -hierarchy -format verilog -output "./${top_level}.${clk_period}.syn.v"
Warning: Design 'GCN' has '1' unresolved references. For more detailed information, use the "link" command. (UID-341)
Writing verilog file '/home/a20330_asu/asap7_rundir/Lab4/Synthesis/GCN.1000.syn.v'.
1
# Save current design
write_file -hierarchy -format ddc -output "./${top_level}.ddc"
Warning: Design 'GCN' has '1' unresolved references. For more detailed information, use the "link" command. (UID-341)
Writing ddc file './GCN.ddc'.
1
# Generate Standard Delay Format (SDF) file
write_sdf -context verilog "./${top_level}.${clk_period}.syn.sdf"
Warning: Design 'GCN' has '1' unresolved references. For more detailed information, use the "link" command. (UID-341)
Information: Annotated 'cell' delays are assumed to include load delay. (UID-282)
Information: Writing timing information to file '/home/a20330_asu/asap7_rundir/Lab4/Synthesis/GCN.1000.syn.sdf'. (WT-3)
Information: Updating design information... (UID-85)
Warning: Design contains black-box components.  These cells will have no timing information. (WT-7)
1
# Generate timing constraints file
write_sdc "./${top_level}.${clk_period}.syn.sdc"
Warning: Design 'GCN' has '1' unresolved references. For more detailed information, use the "link" command. (UID-341)
1
# Generate report file
set maxpaths 100
100
#set minpaths 100
set rpt_file "./${top_level}.${clk_period}.syn"
./GCN.1000.syn
check_design > ${rpt_file}.rpt
report_area -hierarchy -designware >> ${rpt_file}_area.rpt
report_power -hier -analysis_effort medium >> ${rpt_file}_power.rpt
report_design >> ${rpt_file}.rpt
report_cell >> ${rpt_file}.rpt
report_port -verbose >> ${rpt_file}.rpt
report_compile_options >> ${rpt_file}.rpt
report_constraint -all_violators -verbose >> ${rpt_file}_violaters.rpt
report_timing -path full -delay max -max_paths $maxpaths -nworst 100 >> ${rpt_file}_timing.rpt
# Exit dc_shell
quit

Memory usage for this session 421 Mbytes.
Memory usage for this session including child processes 779 Mbytes.
CPU usage for this session 181 seconds ( 0.05 hours ).
Elapsed time for this session 126 seconds ( 0.04 hours ).

Thank you...

